sounding,wmo,chart,lead_h,run,method,airway,status,obs_from_m,obs_to_m,obs_from_min,obs_to_min,fc_from_m,fc_to_m,fc_from_min,fc_to_min
24122-202609272330,24122,OLENEK,6,2026092718,step/hold/constant/nearest,B927,hit,6008.833,6008.833,20.029,20.029,5882.949,5882.949,19.610,19.610
24122-202609272330,24122,OLENEK,6,2026092718,step/hold/constant/nearest,R27,hit,6724.580,12651.702,22.415,42.172,6583.483,10683.322,21.945,35.611
24122-202609272330,24122,OLENEK,6,2026092718,step/hold/constant/bilinear,B927,hit,6008.833,6008.833,20.029,20.029,5978.098,5978.098,19.927,19.927
24122-202609272330,24122,OLENEK,6,2026092718,step/hold/constant/bilinear,R27,hit,6724.580,12651.702,22.415,42.172,6751.620,11160.448,22.505,37.201
24122-202609272330,24122,OLENEK,6,2026092718,step/hold/measured/nearest,B927,hit,6008.833,6008.833,20.029,20.029,5880.911,5880.911,19.603,19.603
24122-202609272330,24122,OLENEK,6,2026092718,step/hold/measured/nearest,R27,hit,6724.580,12651.702,22.415,42.172,6581.527,10681.433,21.938,35.605
24122-202609272330,24122,OLENEK,6,2026092718,step/hold/measured/bilinear,B927,hit,6008.833,6008.833,20.029,20.029,5976.028,5976.028,19.920,19.920
24122-202609272330,24122,OLENEK,6,2026092718,step/hold/measured/bilinear,R27,hit,6724.580,12651.702,22.415,42.172,6749.999,11158.802,22.500,37.196
24122-202609272330,24122,OLENEK,6,2026092718,step/zero/constant/nearest,B927,hit,6008.833,6008.833,20.029,20.029,5722.924,5722.924,19.076,19.076
24122-202609272330,24122,OLENEK,6,2026092718,step/zero/constant/nearest,R27,hit,6724.580,12651.702,22.415,42.172,6460.919,10521.856,21.536,35.073
24122-202609272330,24122,OLENEK,6,2026092718,step/zero/constant/bilinear,B927,hit,6008.833,6008.833,20.029,20.029,5844.626,5844.626,19.482,19.482
24122-202609272330,24122,OLENEK,6,2026092718,step/zero/constant/bilinear,R27,hit,6724.580,12651.702,22.415,42.172,6631.542,10964.968,22.105,36.550
24122-202609272330,24122,OLENEK,6,2026092718,step/zero/measured/nearest,B927,hit,6008.833,6008.833,20.029,20.029,5720.269,5720.269,19.068,19.068
24122-202609272330,24122,OLENEK,6,2026092718,step/zero/measured/nearest,R27,hit,6724.580,12651.702,22.415,42.172,6458.963,10519.966,21.530,35.067
24122-202609272330,24122,OLENEK,6,2026092718,step/zero/measured/bilinear,B927,hit,6008.833,6008.833,20.029,20.029,5841.930,5841.930,19.473,19.473
24122-202609272330,24122,OLENEK,6,2026092718,step/zero/measured/bilinear,R27,hit,6724.580,12651.702,22.415,42.172,6629.548,10963.325,22.098,36.544
24122-202609272330,24122,OLENEK,6,2026092718,step/power/constant/nearest,B927,hit,6008.833,6008.833,20.029,20.029,5850.527,5850.527,19.502,19.502
24122-202609272330,24122,OLENEK,6,2026092718,step/power/constant/nearest,R27,hit,6724.580,12651.702,22.415,42.172,6553.023,10643.190,21.843,35.477
24122-202609272330,24122,OLENEK,6,2026092718,step/power/constant/bilinear,B927,hit,6008.833,6008.833,20.029,20.029,5945.275,5945.275,19.818,19.818
24122-202609272330,24122,OLENEK,6,2026092718,step/power/constant/bilinear,R27,hit,6724.580,12651.702,22.415,42.172,6722.090,11111.917,22.407,37.040
24122-202609272330,24122,OLENEK,6,2026092718,step/power/measured/nearest,B927,hit,6008.833,6008.833,20.029,20.029,5848.032,5848.032,19.493,19.493
24122-202609272330,24122,OLENEK,6,2026092718,step/power/measured/nearest,R27,hit,6724.580,12651.702,22.415,42.172,6551.067,10641.301,21.837,35.471
24122-202609272330,24122,OLENEK,6,2026092718,step/power/measured/bilinear,B927,hit,6008.833,6008.833,20.029,20.029,5943.205,5943.205,19.811,19.811
24122-202609272330,24122,OLENEK,6,2026092718,step/power/measured/bilinear,R27,hit,6724.580,12651.702,22.415,42.172,6720.097,11110.271,22.400,37.034
24122-202609272330,24122,OLENEK,6,2026092718,step/observed/constant/nearest,B927,hit,6008.833,6008.833,20.029,20.029,5679.384,5679.384,18.931,18.931
24122-202609272330,24122,OLENEK,6,2026092718,step/observed/constant/nearest,R27,hit,6724.580,12651.702,22.415,42.172,6424.172,10561.543,21.414,35.205
24122-202609272330,24122,OLENEK,6,2026092718,step/observed/constant/bilinear,B927,hit,6008.833,6008.833,20.029,20.029,5793.938,5793.938,19.313,19.313
24122-202609272330,24122,OLENEK,6,2026092718,step/observed/constant/bilinear,R27,hit,6724.580,12651.702,22.415,42.172,6588.540,11006.757,21.962,36.689
24122-202609272330,24122,OLENEK,6,2026092718,step/observed/measured/nearest,B927,hit,6008.833,6008.833,20.029,20.029,5676.729,5676.729,18.922,18.922
24122-202609272330,24122,OLENEK,6,2026092718,step/observed/measured/nearest,R27,hit,6724.580,12651.702,22.415,42.172,6422.217,10559.654,21.407,35.199
24122-202609272330,24122,OLENEK,6,2026092718,step/observed/measured/bilinear,B927,hit,6008.833,6008.833,20.029,20.029,5791.241,5791.241,19.304,19.304
24122-202609272330,24122,OLENEK,6,2026092718,step/observed/measured/bilinear,R27,hit,6724.580,12651.702,22.415,42.172,6586.545,11005.115,21.955,36.684
24122-202609272330,24122,OLENEK,6,2026092718,linear/hold/constant/nearest,B927,hit,6008.833,6008.833,20.029,20.029,5857.608,5857.608,19.525,19.525
24122-202609272330,24122,OLENEK,6,2026092718,linear/hold/constant/nearest,R27,hit,6724.580,12651.702,22.415,42.172,6573.713,10680.847,21.912,35.603
24122-202609272330,24122,OLENEK,6,2026092718,linear/hold/constant/bilinear,B927,hit,6008.833,6008.833,20.029,20.029,5963.338,5963.338,19.878,19.878
24122-202609272330,24122,OLENEK,6,2026092718,linear/hold/constant/bilinear,R27,hit,6724.580,12651.702,22.415,42.172,6728.388,11156.100,22.428,37.187
24122-202609272330,24122,OLENEK,6,2026092718,linear/hold/measured/nearest,B927,hit,6008.833,6008.833,20.029,20.029,5857.632,5857.632,19.525,19.525
24122-202609272330,24122,OLENEK,6,2026092718,linear/hold/measured/nearest,R27,hit,6724.580,12651.702,22.415,42.172,6573.734,10680.840,21.912,35.603
24122-202609272330,24122,OLENEK,6,2026092718,linear/hold/measured/bilinear,B927,hit,6008.833,6008.833,20.029,20.029,5963.361,5963.361,19.878,19.878
24122-202609272330,24122,OLENEK,6,2026092718,linear/hold/measured/bilinear,R27,hit,6724.580,12651.702,22.415,42.172,6728.407,11156.097,22.428,37.187
24122-202609272330,24122,OLENEK,6,2026092718,linear/zero/constant/nearest,B927,hit,6008.833,6008.833,20.029,20.029,5706.995,5706.995,19.023,19.023
24122-202609272330,24122,OLENEK,6,2026092718,linear/zero/constant/nearest,R27,hit,6724.580,12651.702,22.415,42.172,6457.661,10507.528,21.526,35.025
24122-202609272330,24122,OLENEK,6,2026092718,linear/zero/constant/bilinear,B927,hit,6008.833,6008.833,20.029,20.029,5815.466,5815.466,19.385,19.385
24122-202609272330,24122,OLENEK,6,2026092718,linear/zero/constant/bilinear,R27,hit,6724.580,12651.702,22.415,42.172,6618.411,10964.093,22.061,36.547
24122-202609272330,24122,OLENEK,6,2026092718,linear/zero/measured/nearest,B927,hit,6008.833,6008.833,20.029,20.029,5707.021,5707.021,19.023,19.023
24122-202609272330,24122,OLENEK,6,2026092718,linear/zero/measured/nearest,R27,hit,6724.580,12651.702,22.415,42.172,6457.683,10507.521,21.526,35.025
24122-202609272330,24122,OLENEK,6,2026092718,linear/zero/measured/bilinear,B927,hit,6008.833,6008.833,20.029,20.029,5815.489,5815.489,19.385,19.385
24122-202609272330,24122,OLENEK,6,2026092718,linear/zero/measured/bilinear,R27,hit,6724.580,12651.702,22.415,42.172,6618.431,10964.089,22.061,36.547
24122-202609272330,24122,OLENEK,6,2026092718,linear/power/constant/nearest,B927,hit,6008.833,6008.833,20.029,20.029,5820.760,5820.760,19.403,19.403
24122-202609272330,24122,OLENEK,6,2026092718,linear/power/constant/nearest,R27,hit,6724.580,12651.702,22.415,42.172,6545.218,10638.773,21.817,35.463
24122-202609272330,24122,OLENEK,6,2026092718,linear/power/constant/bilinear,B927,hit,6008.833,6008.833,20.029,20.029,5927.198,5927.198,19.757,19.757
24122-202609272330,24122,OLENEK,6,2026092718,linear/power/constant/bilinear,R27,hit,6724.580,12651.702,22.415,42.172,6701.408,11108.668,22.338,37.029
24122-202609272330,24122,OLENEK,6,2026092718,linear/power/measured/nearest,B927,hit,6008.833,6008.833,20.029,20.029,5820.785,5820.785,19.403,19.403
24122-202609272330,24122,OLENEK,6,2026092718,linear/power/measured/nearest,R27,hit,6724.580,12651.702,22.415,42.172,6545.240,10638.766,21.817,35.463
24122-202609272330,24122,OLENEK,6,2026092718,linear/power/measured/bilinear,B927,hit,6008.833,6008.833,20.029,20.029,5927.221,5927.221,19.757,19.757
24122-202609272330,24122,OLENEK,6,2026092718,linear/power/measured/bilinear,R27,hit,6724.580,12651.702,22.415,42.172,6701.427,11108.665,22.338,37.029
24122-202609272330,24122,OLENEK,6,2026092718,linear/observed/constant/nearest,B927,hit,6008.833,6008.833,20.029,20.029,5667.256,5667.256,18.891,18.891
24122-202609272330,24122,OLENEK,6,2026092718,linear/observed/constant/nearest,R27,hit,6724.580,12651.702,22.415,42.172,6422.162,10551.199,21.407,35.171
24122-202609272330,24122,OLENEK,6,2026092718,linear/observed/constant/bilinear,B927,hit,6008.833,6008.833,20.029,20.029,5770.741,5770.741,19.236,19.236
24122-202609272330,24122,OLENEK,6,2026092718,linear/observed/constant/bilinear,R27,hit,6724.580,12651.702,22.415,42.172,6578.489,11005.394,21.928,36.685
24122-202609272330,24122,OLENEK,6,2026092718,linear/observed/measured/nearest,B927,hit,6008.833,6008.833,20.029,20.029,5667.282,5667.282,18.891,18.891
24122-202609272330,24122,OLENEK,6,2026092718,linear/observed/measured/nearest,R27,hit,6724.580,12651.702,22.415,42.172,6422.184,10551.192,21.407,35.171
24122-202609272330,24122,OLENEK,6,2026092718,linear/observed/measured/bilinear,B927,hit,6008.833,6008.833,20.029,20.029,5770.765,5770.765,19.236,19.236
24122-202609272330,24122,OLENEK,6,2026092718,linear/observed/measured/bilinear,R27,hit,6724.580,12651.702,22.415,42.172,6578.509,11005.391,21.928,36.685
24122-202609272330,24122,OLENEK,6,2026092718,spline/hold/constant/nearest,B927,hit,6008.833,6008.833,20.029,20.029,5872.296,5872.296,19.574,19.574
24122-202609272330,24122,OLENEK,6,2026092718,spline/hold/constant/nearest,R27,hit,6724.580,12651.702,22.415,42.172,6585.697,10682.375,21.952,35.608
24122-202609272330,24122,OLENEK,6,2026092718,spline/hold/constant/bilinear,B927,hit,6008.833,6008.833,20.029,20.029,5975.232,5975.232,19.917,19.917
24122-202609272330,24122,OLENEK,6,2026092718,spline/hold/constant/bilinear,R27,hit,6724.580,12651.702,22.415,42.172,6739.620,11150.649,22.465,37.169
24122-202609272330,24122,OLENEK,6,2026092718,spline/hold/measured/nearest,B927,hit,6008.833,6008.833,20.029,20.029,5872.295,5872.295,19.574,19.574
24122-202609272330,24122,OLENEK,6,2026092718,spline/hold/measured/nearest,R27,hit,6724.580,12651.702,22.415,42.172,6585.696,10682.375,21.952,35.608
24122-202609272330,24122,OLENEK,6,2026092718,spline/hold/measured/bilinear,B927,hit,6008.833,6008.833,20.029,20.029,5975.231,5975.231,19.917,19.917
24122-202609272330,24122,OLENEK,6,2026092718,spline/hold/measured/bilinear,R27,hit,6724.580,12651.702,22.415,42.172,6739.619,11150.650,22.465,37.169
24122-202609272330,24122,OLENEK,6,2026092718,spline/zero/constant/nearest,B927,hit,6008.833,6008.833,20.029,20.029,5797.175,5797.175,19.324,19.324
24122-202609272330,24122,OLENEK,6,2026092718,spline/zero/constant/nearest,R27,hit,6724.580,12651.702,22.415,42.172,6528.630,10563.180,21.762,35.211
24122-202609272330,24122,OLENEK,6,2026092718,spline/zero/constant/bilinear,B927,hit,6008.833,6008.833,20.029,20.029,5907.860,5907.860,19.693,19.693
24122-202609272330,24122,OLENEK,6,2026092718,spline/zero/constant/bilinear,R27,hit,6724.580,12651.702,22.415,42.172,6691.144,11026.733,22.304,36.756
24122-202609272330,24122,OLENEK,6,2026092718,spline/zero/measured/nearest,B927,hit,6008.833,6008.833,20.029,20.029,5797.174,5797.174,19.324,19.324
24122-202609272330,24122,OLENEK,6,2026092718,spline/zero/measured/nearest,R27,hit,6724.580,12651.702,22.415,42.172,6528.629,10563.180,21.762,35.211
24122-202609272330,24122,OLENEK,6,2026092718,spline/zero/measured/bilinear,B927,hit,6008.833,6008.833,20.029,20.029,5907.859,5907.859,19.693,19.693
24122-202609272330,24122,OLENEK,6,2026092718,spline/zero/measured/bilinear,R27,hit,6724.580,12651.702,22.415,42.172,6691.143,11026.734,22.304,36.756
24122-202609272330,24122,OLENEK,6,2026092718,spline/power/constant/nearest,B927,hit,6008.833,6008.833,20.029,20.029,5835.993,5835.993,19.453,19.453
24122-202609272330,24122,OLENEK,6,2026092718,spline/power/constant/nearest,R27,hit,6724.580,12651.702,22.415,42.172,6557.172,10640.727,21.857,35.469
24122-202609272330,24122,OLENEK,6,2026092718,spline/power/constant/bilinear,B927,hit,6008.833,6008.833,20.029,20.029,5939.523,5939.523,19.798,19.798
24122-202609272330,24122,OLENEK,6,2026092718,spline/power/constant/bilinear,R27,hit,6724.580,12651.702,22.415,42.172,6712.481,11104.113,22.375,37.014
24122-202609272330,24122,OLENEK,6,2026092718,spline/power/measured/nearest,B927,hit,6008.833,6008.833,20.029,20.029,5835.991,5835.991,19.453,19.453
24122-202609272330,24122,OLENEK,6,2026092718,spline/power/measured/nearest,R27,hit,6724.580,12651.702,22.415,42.172,6557.171,10640.727,21.857,35.469
24122-202609272330,24122,OLENEK,6,2026092718,spline/power/measured/bilinear,B927,hit,6008.833,6008.833,20.029,20.029,5939.522,5939.522,19.798,19.798
24122-202609272330,24122,OLENEK,6,2026092718,spline/power/measured/bilinear,R27,hit,6724.580,12651.702,22.415,42.172,6712.480,11104.113,22.375,37.014
24122-202609272330,24122,OLENEK,6,2026092718,spline/observed/constant/nearest,B927,hit,6008.833,6008.833,20.029,20.029,5766.188,5766.188,19.221,19.221
24122-202609272330,24122,OLENEK,6,2026092718,spline/observed/constant/nearest,R27,hit,6724.580,12651.702,22.415,42.172,6500.454,10597.547,21.668,35.325
24122-202609272330,24122,OLENEK,6,2026092718,spline/observed/constant/bilinear,B927,hit,6008.833,6008.833,20.029,20.029,5872.828,5872.828,19.576,19.576
24122-202609272330,24122,OLENEK,6,2026092718,spline/observed/constant/bilinear,R27,hit,6724.580,12651.702,22.415,42.172,6659.161,11059.388,22.197,36.865
24122-202609272330,24122,OLENEK,6,2026092718,spline/observed/measured/nearest,B927,hit,6008.833,6008.833,20.029,20.029,5766.187,5766.187,19.221,19.221
24122-202609272330,24122,OLENEK,6,2026092718,spline/observed/measured/nearest,R27,hit,6724.580,12651.702,22.415,42.172,6500.453,10597.547,21.668,35.325
24122-202609272330,24122,OLENEK,6,2026092718,spline/observed/measured/bilinear,B927,hit,6008.833,6008.833,20.029,20.029,5872.827,5872.827,19.576,19.576
24122-202609272330,24122,OLENEK,6,2026092718,spline/observed/measured/bilinear,R27,hit,6724.580,12651.702,22.415,42.172,6659.160,11059.389,22.197,36.865
24122-202609272330,24122,OLENEK,6,2026092718,pchip/hold/constant/nearest,B927,hit,6008.833,6008.833,20.029,20.029,5870.481,5870.481,19.568,19.568
24122-202609272330,24122,OLENEK,6,2026092718,pchip/hold/constant/nearest,R27,hit,6724.580,12651.702,22.415,42.172,6584.634,10683.334,21.949,35.611
24122-202609272330,24122,OLENEK,6,2026092718,pchip/hold/constant/bilinear,B927,hit,6008.833,6008.833,20.029,20.029,5973.551,5973.551,19.912,19.912
24122-202609272330,24122,OLENEK,6,2026092718,pchip/hold/constant/bilinear,R27,hit,6724.580,12651.702,22.415,42.172,6737.818,11148.928,22.459,37.163
24122-202609272330,24122,OLENEK,6,2026092718,pchip/hold/measured/nearest,B927,hit,6008.833,6008.833,20.029,20.029,5870.479,5870.479,19.568,19.568
24122-202609272330,24122,OLENEK,6,2026092718,pchip/hold/measured/nearest,R27,hit,6724.580,12651.702,22.415,42.172,6584.633,10683.335,21.949,35.611
24122-202609272330,24122,OLENEK,6,2026092718,pchip/hold/measured/bilinear,B927,hit,6008.833,6008.833,20.029,20.029,5973.550,5973.550,19.912,19.912
24122-202609272330,24122,OLENEK,6,2026092718,pchip/hold/measured/bilinear,R27,hit,6724.580,12651.702,22.415,42.172,6737.817,11148.929,22.459,37.163
24122-202609272330,24122,OLENEK,6,2026092718,pchip/zero/constant/nearest,B927,hit,6008.833,6008.833,20.029,20.029,5796.069,5796.069,19.320,19.320
24122-202609272330,24122,OLENEK,6,2026092718,pchip/zero/constant/nearest,R27,hit,6724.580,12651.702,22.415,42.172,6527.342,10585.547,21.758,35.285
24122-202609272330,24122,OLENEK,6,2026092718,pchip/zero/constant/bilinear,B927,hit,6008.833,6008.833,20.029,20.029,5911.030,5911.030,19.703,19.703
24122-202609272330,24122,OLENEK,6,2026092718,pchip/zero/constant/bilinear,R27,hit,6724.580,12651.702,22.415,42.172,6693.301,11033.407,22.311,36.778
24122-202609272330,24122,OLENEK,6,2026092718,pchip/zero/measured/nearest,B927,hit,6008.833,6008.833,20.029,20.029,5796.067,5796.067,19.320,19.320
24122-202609272330,24122,OLENEK,6,2026092718,pchip/zero/measured/nearest,R27,hit,6724.580,12651.702,22.415,42.172,6527.341,10585.548,21.758,35.285
24122-202609272330,24122,OLENEK,6,2026092718,pchip/zero/measured/bilinear,B927,hit,6008.833,6008.833,20.029,20.029,5911.029,5911.029,19.703,19.703
24122-202609272330,24122,OLENEK,6,2026092718,pchip/zero/measured/bilinear,R27,hit,6724.580,12651.702,22.415,42.172,6693.300,11033.408,22.311,36.778
24122-202609272330,24122,OLENEK,6,2026092718,pchip/power/constant/nearest,B927,hit,6008.833,6008.833,20.029,20.029,5833.993,5833.993,19.447,19.447
24122-202609272330,24122,OLENEK,6,2026092718,pchip/power/constant/nearest,R27,hit,6724.580,12651.702,22.415,42.172,6556.194,10641.510,21.854,35.472
24122-202609272330,24122,OLENEK,6,2026092718,pchip/power/constant/bilinear,B927,hit,6008.833,6008.833,20.029,20.029,5937.660,5937.660,19.792,19.792
24122-202609272330,24122,OLENEK,6,2026092718,pchip/power/constant/bilinear,R27,hit,6724.580,12651.702,22.415,42.172,6710.784,11102.436,22.369,37.008
24122-202609272330,24122,OLENEK,6,2026092718,pchip/power/measured/nearest,B927,hit,6008.833,6008.833,20.029,20.029,5833.992,5833.992,19.447,19.447
24122-202609272330,24122,OLENEK,6,2026092718,pchip/power/measured/nearest,R27,hit,6724.580,12651.702,22.415,42.172,6556.193,10641.511,21.854,35.472
24122-202609272330,24122,OLENEK,6,2026092718,pchip/power/measured/bilinear,B927,hit,6008.833,6008.833,20.029,20.029,5937.659,5937.659,19.792,19.792
24122-202609272330,24122,OLENEK,6,2026092718,pchip/power/measured/bilinear,R27,hit,6724.580,12651.702,22.415,42.172,6710.783,11102.437,22.369,37.008
24122-202609272330,24122,OLENEK,6,2026092718,pchip/observed/constant/nearest,B927,hit,6008.833,6008.833,20.029,20.029,5771.881,5771.881,19.240,19.240
24122-202609272330,24122,OLENEK,6,2026092718,pchip/observed/constant/nearest,R27,hit,6724.580,12651.702,22.415,42.172,6505.756,10607.819,21.686,35.359
24122-202609272330,24122,OLENEK,6,2026092718,pchip/observed/constant/bilinear,B927,hit,6008.833,6008.833,20.029,20.029,5877.387,5877.387,19.591,19.591
24122-202609272330,24122,OLENEK,6,2026092718,pchip/observed/constant/bilinear,R27,hit,6724.580,12651.702,22.415,42.172,6662.665,11066.440,22.209,36.888
24122-202609272330,24122,OLENEK,6,2026092718,pchip/observed/measured/nearest,B927,hit,6008.833,6008.833,20.029,20.029,5771.880,5771.880,19.240,19.240
24122-202609272330,24122,OLENEK,6,2026092718,pchip/observed/measured/nearest,R27,hit,6724.580,12651.702,22.415,42.172,6505.755,10607.819,21.686,35.359
24122-202609272330,24122,OLENEK,6,2026092718,pchip/observed/measured/bilinear,B927,hit,6008.833,6008.833,20.029,20.029,5877.385,5877.385,19.591,19.591
24122-202609272330,24122,OLENEK,6,2026092718,pchip/observed/measured/bilinear,R27,hit,6724.580,12651.702,22.415,42.172,6662.663,11066.441,22.209,36.888
24122-202609272330,24122,OLENEK,6,2026092718,poly3/hold/constant/nearest,B927,hit,6008.833,6008.833,20.029,20.029,5866.023,5866.023,19.553,19.553
24122-202609272330,24122,OLENEK,6,2026092718,poly3/hold/constant/nearest,R27,hit,6724.580,12651.702,22.415,42.172,6580.284,10688.012,21.934,35.627
24122-202609272330,24122,OLENEK,6,2026092718,poly3/hold/constant/bilinear,B927,hit,6008.833,6008.833,20.029,20.029,5967.989,5967.989,19.893,19.893
24122-202609272330,24122,OLENEK,6,2026092718,poly3/hold/constant/bilinear,R27,hit,6724.580,12651.702,22.415,42.172,6732.879,11153.706,22.443,37.179
24122-202609272330,24122,OLENEK,6,2026092718,poly3/hold/measured/nearest,B927,hit,6008.833,6008.833,20.029,20.029,5866.031,5866.031,19.553,19.553
24122-202609272330,24122,OLENEK,6,2026092718,poly3/hold/measured/nearest,R27,hit,6724.580,12651.702,22.415,42.172,6580.290,10688.016,21.934,35.627
24122-202609272330,24122,OLENEK,6,2026092718,poly3/hold/measured/bilinear,B927,hit,6008.833,6008.833,20.029,20.029,5967.995,5967.995,19.893,19.893
24122-202609272330,24122,OLENEK,6,2026092718,poly3/hold/measured/bilinear,R27,hit,6724.580,12651.702,22.415,42.172,6732.884,11153.710,22.443,37.179
24122-202609272330,24122,OLENEK,6,2026092718,poly3/zero/constant/nearest,B927,hit,6008.833,6008.833,20.029,20.029,5851.509,5851.509,19.505,19.505
24122-202609272330,24122,OLENEK,6,2026092718,poly3/zero/constant/nearest,R27,hit,6724.580,12651.702,22.415,42.172,6573.337,10595.556,21.911,35.319
24122-202609272330,24122,OLENEK,6,2026092718,poly3/zero/constant/bilinear,B927,hit,6008.833,6008.833,20.029,20.029,5969.670,5969.670,19.899,19.899
24122-202609272330,24122,OLENEK,6,2026092718,poly3/zero/constant/bilinear,R27,hit,6724.580,12651.702,22.415,42.172,6739.834,11075.920,22.466,36.920
24122-202609272330,24122,OLENEK,6,2026092718,poly3/zero/measured/nearest,B927,hit,6008.833,6008.833,20.029,20.029,5851.517,5851.517,19.505,19.505
24122-202609272330,24122,OLENEK,6,2026092718,poly3/zero/measured/nearest,R27,hit,6724.580,12651.702,22.415,42.172,6573.344,10595.560,21.911,35.319
24122-202609272330,24122,OLENEK,6,2026092718,poly3/zero/measured/bilinear,B927,hit,6008.833,6008.833,20.029,20.029,5969.676,5969.676,19.899,19.899
24122-202609272330,24122,OLENEK,6,2026092718,poly3/zero/measured/bilinear,R27,hit,6724.580,12651.702,22.415,42.172,6739.839,11075.924,22.466,36.920
24122-202609272330,24122,OLENEK,6,2026092718,poly3/power/constant/nearest,B927,hit,6008.833,6008.833,20.029,20.029,5829.471,5829.471,19.432,19.432
24122-202609272330,24122,OLENEK,6,2026092718,poly3/power/constant/nearest,R27,hit,6724.580,12651.702,22.415,42.172,6551.835,10646.226,21.839,35.487
24122-202609272330,24122,OLENEK,6,2026092718,poly3/power/constant/bilinear,B927,hit,6008.833,6008.833,20.029,20.029,5932.034,5932.034,19.773,19.773
24122-202609272330,24122,OLENEK,6,2026092718,poly3/power/constant/bilinear,R27,hit,6724.580,12651.702,22.415,42.172,6705.834,11106.996,22.353,37.023
24122-202609272330,24122,OLENEK,6,2026092718,poly3/power/measured/nearest,B927,hit,6008.833,6008.833,20.029,20.029,5829.479,5829.479,19.432,19.432
24122-202609272330,24122,OLENEK,6,2026092718,poly3/power/measured/nearest,R27,hit,6724.580,12651.702,22.415,42.172,6551.842,10646.230,21.839,35.487
24122-202609272330,24122,OLENEK,6,2026092718,poly3/power/measured/bilinear,B927,hit,6008.833,6008.833,20.029,20.029,5932.040,5932.040,19.773,19.773
24122-202609272330,24122,OLENEK,6,2026092718,poly3/power/measured/bilinear,R27,hit,6724.580,12651.702,22.415,42.172,6705.839,11107.000,22.353,37.023
24122-202609272330,24122,OLENEK,6,2026092718,poly3/observed/constant/nearest,B927,hit,6008.833,6008.833,20.029,20.029,5826.472,5826.472,19.422,19.422
24122-202609272330,24122,OLENEK,6,2026092718,poly3/observed/constant/nearest,R27,hit,6724.580,12651.702,22.415,42.172,6550.648,10623.381,21.835,35.411
24122-202609272330,24122,OLENEK,6,2026092718,poly3/observed/constant/bilinear,B927,hit,6008.833,6008.833,20.029,20.029,5941.439,5941.439,19.805,19.805
24122-202609272330,24122,OLENEK,6,2026092718,poly3/observed/constant/bilinear,R27,hit,6724.580,12651.702,22.415,42.172,6714.036,11102.597,22.380,37.009
24122-202609272330,24122,OLENEK,6,2026092718,poly3/observed/measured/nearest,B927,hit,6008.833,6008.833,20.029,20.029,5826.480,5826.480,19.422,19.422
24122-202609272330,24122,OLENEK,6,2026092718,poly3/observed/measured/nearest,R27,hit,6724.580,12651.702,22.415,42.172,6550.654,10623.385,21.836,35.411
24122-202609272330,24122,OLENEK,6,2026092718,poly3/observed/measured/bilinear,B927,hit,6008.833,6008.833,20.029,20.029,5941.446,5941.446,19.805,19.805
24122-202609272330,24122,OLENEK,6,2026092718,poly3/observed/measured/bilinear,R27,hit,6724.580,12651.702,22.415,42.172,6714.042,11102.601,22.380,37.009
32540-202609272330,32540,PTRPVKMCH,6,2026092718,step/hold/constant/nearest,Б244,false,,,,,506.072,3798.373,1.687,12.661
32540-202609272330,32540,PTRPVKMCH,6,2026092718,step/hold/constant/nearest,Г101,hit,680.959,8923.459,2.270,29.745,3971.198,10545.726,13.237,35.152
32540-202609272330,32540,PTRPVKMCH,6,2026092718,step/hold/constant/nearest,Т577,miss,9839.158,9839.158,32.797,32.797,,,,
32540-202609272330,32540,PTRPVKMCH,6,2026092718,step/hold/constant/bilinear,Б244,false,,,,,383.907,4310.069,1.280,14.367
32540-202609272330,32540,PTRPVKMCH,6,2026092718,step/hold/constant/bilinear,Г101,hit,680.959,8923.459,2.270,29.745,4505.489,10897.388,15.018,36.325
32540-202609272330,32540,PTRPVKMCH,6,2026092718,step/hold/constant/bilinear,Т577,miss,9839.158,9839.158,32.797,32.797,,,,
32540-202609272330,32540,PTRPVKMCH,6,2026092718,step/hold/measured/nearest,Б244,false,,,,,506.072,3793.465,1.687,12.645
32540-202609272330,32540,PTRPVKMCH,6,2026092718,step/hold/measured/nearest,Г101,hit,680.959,8923.459,2.270,29.745,3966.262,10543.509,13.221,35.145
32540-202609272330,32540,PTRPVKMCH,6,2026092718,step/hold/measured/nearest,Т577,miss,9839.158,9839.158,32.797,32.797,,,,
32540-202609272330,32540,PTRPVKMCH,6,2026092718,step/hold/measured/bilinear,Б244,false,,,,,383.907,4304.048,1.280,14.347
32540-202609272330,32540,PTRPVKMCH,6,2026092718,step/hold/measured/bilinear,Г101,hit,680.959,8923.459,2.270,29.745,4499.430,10895.381,14.998,36.318
32540-202609272330,32540,PTRPVKMCH,6,2026092718,step/hold/measured/bilinear,Т577,miss,9839.158,9839.158,32.797,32.797,,,,
32540-202609272330,32540,PTRPVKMCH,6,2026092718,step/zero/constant/nearest,Г101,hit,680.959,8923.459,2.270,29.745,3844.196,10451.097,12.814,34.837
32540-202609272330,32540,PTRPVKMCH,6,2026092718,step/zero/constant/nearest,Б244,false,,,,,1256.072,3271.924,4.187,10.906
32540-202609272330,32540,PTRPVKMCH,6,2026092718,step/zero/constant/nearest,Т577,hit,9839.158,9839.158,32.797,32.797,15768.778,15768.778,52.563,52.563
32540-202609272330,32540,PTRPVKMCH,6,2026092718,step/zero/constant/bilinear,Г101,hit,680.959,8923.459,2.270,29.745,4531.538,10751.988,15.105,35.840
32540-202609272330,32540,PTRPVKMCH,6,2026092718,step/zero/constant/bilinear,Б244,false,,,,,1133.907,4347.656,3.780,14.492
32540-202609272330,32540,PTRPVKMCH,6,2026092718,step/zero/constant/bilinear,Т577,hit,9839.158,9839.158,32.797,32.797,14336.757,14336.757,47.789,47.789
32540-202609272330,32540,PTRPVKMCH,6,2026092718,step/zero/measured/nearest,Г101,hit,680.959,8923.459,2.270,29.745,3837.871,10448.746,12.793,34.829
32540-202609272330,32540,PTRPVKMCH,6,2026092718,step/zero/measured/nearest,Б244,false,,,,,1256.072,3271.924,4.187,10.906
32540-202609272330,32540,PTRPVKMCH,6,2026092718,step/zero/measured/nearest,Т577,hit,9839.158,9839.158,32.797,32.797,15762.302,15762.302,52.541,52.541
32540-202609272330,32540,PTRPVKMCH,6,2026092718,step/zero/measured/bilinear,Г101,hit,680.959,8923.459,2.270,29.745,4525.464,10749.975,15.085,35.833
32540-202609272330,32540,PTRPVKMCH,6,2026092718,step/zero/measured/bilinear,Б244,false,,,,,1133.907,4341.621,3.780,14.472
32540-202609272330,32540,PTRPVKMCH,6,2026092718,step/zero/measured/bilinear,Т577,hit,9839.158,9839.158,32.797,32.797,14332.323,14332.323,47.774,47.774
32540-202609272330,32540,PTRPVKMCH,6,2026092718,step/power/constant/nearest,Б244,false,,,,,650.296,3828.438,2.168,12.761
32540-202609272330,32540,PTRPVKMCH,6,2026092718,step/power/constant/nearest,Г101,hit,680.959,8923.459,2.270,29.745,3998.878,10522.912,13.330,35.076
32540-202609272330,32540,PTRPVKMCH,6,2026092718,step/power/constant/nearest,Т577,miss,9839.158,9839.158,32.797,32.797,,,,
32540-202609272330,32540,PTRPVKMCH,6,2026092718,step/power/constant/bilinear,Б244,false,,,,,510.299,4319.427,1.701,14.398
32540-202609272330,32540,PTRPVKMCH,6,2026092718,step/power/constant/bilinear,Г101,hit,680.959,8923.459,2.270,29.745,4511.984,10861.316,15.040,36.204
32540-202609272330,32540,PTRPVKMCH,6,2026092718,step/power/constant/bilinear,Т577,hit,9839.158,9839.158,32.797,32.797,15547.996,15547.996,51.827,51.827
32540-202609272330,32540,PTRPVKMCH,6,2026092718,step/power/measured/nearest,Б244,false,,,,,650.296,3823.530,2.168,12.745
32540-202609272330,32540,PTRPVKMCH,6,2026092718,step/power/measured/nearest,Г101,hit,680.959,8923.459,2.270,29.745,3993.942,10520.695,13.313,35.069
32540-202609272330,32540,PTRPVKMCH,6,2026092718,step/power/measured/nearest,Т577,miss,9839.158,9839.158,32.797,32.797,,,,
32540-202609272330,32540,PTRPVKMCH,6,2026092718,step/power/measured/bilinear,Б244,false,,,,,510.299,4313.402,1.701,14.378
32540-202609272330,32540,PTRPVKMCH,6,2026092718,step/power/measured/bilinear,Г101,hit,680.959,8923.459,2.270,29.745,4505.921,10859.308,15.020,36.198
32540-202609272330,32540,PTRPVKMCH,6,2026092718,step/power/measured/bilinear,Т577,hit,9839.158,9839.158,32.797,32.797,15542.333,15542.333,51.808,51.808
32540-202609272330,32540,PTRPVKMCH,6,2026092718,step/observed/constant/nearest,Г101,hit,680.959,8923.459,2.270,29.745,4067.692,10520.879,13.559,35.070
32540-202609272330,32540,PTRPVKMCH,6,2026092718,step/observed/constant/nearest,Б244,false,,,,,824.160,3908.551,2.747,13.029
32540-202609272330,32540,PTRPVKMCH,6,2026092718,step/observed/constant/nearest,Т577,miss,9839.158,9839.158,32.797,32.797,,,,
32540-202609272330,32540,PTRPVKMCH,6,2026092718,step/observed/constant/bilinear,Г101,hit,680.959,8923.459,2.270,29.745,4523.312,10816.218,15.078,36.054
32540-202609272330,32540,PTRPVKMCH,6,2026092718,step/observed/constant/bilinear,Б244,false,,,,,806.289,4334.423,2.688,14.448
32540-202609272330,32540,PTRPVKMCH,6,2026092718,step/observed/constant/bilinear,Т577,hit,9839.158,9839.158,32.797,32.797,14984.122,14984.122,49.947,49.947
32540-202609272330,32540,PTRPVKMCH,6,2026092718,step/observed/measured/nearest,Г101,hit,680.959,8923.459,2.270,29.745,4061.368,10518.661,13.538,35.062
32540-202609272330,32540,PTRPVKMCH,6,2026092718,step/observed/measured/nearest,Б244,false,,,,,824.160,3903.643,2.747,13.012
32540-202609272330,32540,PTRPVKMCH,6,2026092718,step/observed/measured/nearest,Т577,miss,9839.158,9839.158,32.797,32.797,,,,
32540-202609272330,32540,PTRPVKMCH,6,2026092718,step/observed/measured/bilinear,Г101,hit,680.959,8923.459,2.270,29.745,4517.245,10814.208,15.057,36.047
32540-202609272330,32540,PTRPVKMCH,6,2026092718,step/observed/measured/bilinear,Б244,false,,,,,806.289,4328.394,2.688,14.428
32540-202609272330,32540,PTRPVKMCH,6,2026092718,step/observed/measured/bilinear,Т577,hit,9839.158,9839.158,32.797,32.797,14979.704,14979.704,49.932,49.932
32540-202609272330,32540,PTRPVKMCH,6,2026092718,linear/hold/constant/nearest,Б244,false,,,,,506.072,3772.779,1.687,12.576
32540-202609272330,32540,PTRPVKMCH,6,2026092718,linear/hold/constant/nearest,Г101,hit,680.959,8923.459,2.270,29.745,3963.248,10542.575,13.211,35.142
32540-202609272330,32540,PTRPVKMCH,6,2026092718,linear/hold/constant/nearest,Т577,miss,9839.158,9839.158,32.797,32.797,,,,
32540-202609272330,32540,PTRPVKMCH,6,2026092718,linear/hold/constant/bilinear,Б244,false,,,,,383.907,4307.992,1.280,14.360
32540-202609272330,32540,PTRPVKMCH,6,2026092718,linear/hold/constant/bilinear,Г101,hit,680.959,8923.459,2.270,29.745,4490.540,10897.156,14.968,36.324
32540-202609272330,32540,PTRPVKMCH,6,2026092718,linear/hold/constant/bilinear,Т577,miss,9839.158,9839.158,32.797,32.797,,,,
32540-202609272330,32540,PTRPVKMCH,6,2026092718,linear/hold/measured/nearest,Б244,false,,,,,506.072,3772.827,1.687,12.576
32540-202609272330,32540,PTRPVKMCH,6,2026092718,linear/hold/measured/nearest,Г101,hit,680.959,8923.459,2.270,29.745,3963.254,10542.560,13.211,35.142
32540-202609272330,32540,PTRPVKMCH,6,2026092718,linear/hold/measured/nearest,Т577,miss,9839.158,9839.158,32.797,32.797,,,,
32540-202609272330,32540,PTRPVKMCH,6,2026092718,linear/hold/measured/bilinear,Б244,false,,,,,383.907,4307.989,1.280,14.360
32540-202609272330,32540,PTRPVKMCH,6,2026092718,linear/hold/measured/bilinear,Г101,hit,680.959,8923.459,2.270,29.745,4490.509,10897.151,14.968,36.324
32540-202609272330,32540,PTRPVKMCH,6,2026092718,linear/hold/measured/bilinear,Т577,miss,9839.158,9839.158,32.797,32.797,,,,
32540-202609272330,32540,PTRPVKMCH,6,2026092718,linear/zero/constant/nearest,Г101,hit,680.959,8923.459,2.270,29.745,3817.783,10448.004,12.726,34.827
32540-202609272330,32540,PTRPVKMCH,6,2026092718,linear/zero/constant/nearest,Б244,false,,,,,1231.924,3248.637,4.106,10.829
32540-202609272330,32540,PTRPVKMCH,6,2026092718,linear/zero/constant/nearest,Т577,hit,9839.158,9839.158,32.797,32.797,15768.786,15768.786,52.563,52.563
32540-202609272330,32540,PTRPVKMCH,6,2026092718,linear/zero/constant/bilinear,Г101,hit,680.959,8923.459,2.270,29.745,4514.009,10751.871,15.047,35.840
32540-202609272330,32540,PTRPVKMCH,6,2026092718,linear/zero/constant/bilinear,Б244,false,,,,,1072.917,4343.975,3.576,14.480
32540-202609272330,32540,PTRPVKMCH,6,2026092718,linear/zero/constant/bilinear,Т577,hit,9839.158,9839.158,32.797,32.797,14333.525,14333.525,47.778,47.778
32540-202609272330,32540,PTRPVKMCH,6,2026092718,linear/zero/measured/nearest,Г101,hit,680.959,8923.459,2.270,29.745,3817.813,10447.989,12.726,34.827
32540-202609272330,32540,PTRPVKMCH,6,2026092718,linear/zero/measured/nearest,Б244,false,,,,,1231.924,3248.592,4.106,10.829
32540-202609272330,32540,PTRPVKMCH,6,2026092718,linear/zero/measured/nearest,Т577,hit,9839.158,9839.158,32.797,32.797,15768.662,15768.662,52.562,52.562
32540-202609272330,32540,PTRPVKMCH,6,2026092718,linear/zero/measured/bilinear,Г101,hit,680.959,8923.459,2.270,29.745,4514.076,10751.866,15.047,35.840
32540-202609272330,32540,PTRPVKMCH,6,2026092718,linear/zero/measured/bilinear,Б244,false,,,,,1072.917,4343.921,3.576,14.480
32540-202609272330,32540,PTRPVKMCH,6,2026092718,linear/zero/measured/bilinear,Т577,hit,9839.158,9839.158,32.797,32.797,14333.467,14333.467,47.778,47.778
32540-202609272330,32540,PTRPVKMCH,6,2026092718,linear/power/constant/nearest,Б244,false,,,,,650.296,3806.788,2.168,12.689
32540-202609272330,32540,PTRPVKMCH,6,2026092718,linear/power/constant/nearest,Г101,hit,680.959,8923.459,2.270,29.745,3992.797,10519.150,13.309,35.064
32540-202609272330,32540,PTRPVKMCH,6,2026092718,linear/power/constant/nearest,Т577,miss,9839.158,9839.158,32.797,32.797,,,,
32540-202609272330,32540,PTRPVKMCH,6,2026092718,linear/power/constant/bilinear,Б244,false,,,,,510.299,4316.952,1.701,14.390
32540-202609272330,32540,PTRPVKMCH,6,2026092718,linear/power/constant/bilinear,Г101,hit,680.959,8923.459,2.270,29.745,4496.450,10861.223,14.988,36.204
32540-202609272330,32540,PTRPVKMCH,6,2026092718,linear/power/constant/bilinear,Т577,hit,9839.158,9839.158,32.797,32.797,15558.110,15558.110,51.860,51.860
32540-202609272330,32540,PTRPVKMCH,6,2026092718,linear/power/measured/nearest,Б244,false,,,,,650.296,3806.741,2.168,12.689
32540-202609272330,32540,PTRPVKMCH,6,2026092718,linear/power/measured/nearest,Г101,hit,680.959,8923.459,2.270,29.745,3992.762,10519.135,13.309,35.064
32540-202609272330,32540,PTRPVKMCH,6,2026092718,linear/power/measured/nearest,Т577,miss,9839.158,9839.158,32.797,32.797,,,,
32540-202609272330,32540,PTRPVKMCH,6,2026092718,linear/power/measured/bilinear,Б244,false,,,,,510.299,4317.049,1.701,14.390
32540-202609272330,32540,PTRPVKMCH,6,2026092718,linear/power/measured/bilinear,Г101,hit,680.959,8923.459,2.270,29.745,4496.394,10861.218,14.988,36.204
32540-202609272330,32540,PTRPVKMCH,6,2026092718,linear/power/measured/bilinear,Т577,hit,9839.158,9839.158,32.797,32.797,15558.046,15558.046,51.860,51.860
32540-202609272330,32540,PTRPVKMCH,6,2026092718,linear/observed/constant/nearest,Г101,hit,680.959,8923.459,2.270,29.745,4064.281,10517.062,13.548,35.057
32540-202609272330,32540,PTRPVKMCH,6,2026092718,linear/observed/constant/nearest,Б244,false,,,,,743.131,3895.568,2.477,12.985
32540-202609272330,32540,PTRPVKMCH,6,2026092718,linear/observed/constant/nearest,Т577,miss,9839.158,9839.158,32.797,32.797,,,,
32540-202609272330,32540,PTRPVKMCH,6,2026092718,linear/observed/constant/bilinear,Б244,false,,,,,679.939,4331.323,2.266,14.438
32540-202609272330,32540,PTRPVKMCH,6,2026092718,linear/observed/constant/bilinear,Г101,hit,680.959,8923.459,2.270,29.745,4506.668,10816.243,15.022,36.054
32540-202609272330,32540,PTRPVKMCH,6,2026092718,linear/observed/constant/bilinear,Т577,hit,9839.158,9839.158,32.797,32.797,15011.241,15011.241,50.037,50.037
32540-202609272330,32540,PTRPVKMCH,6,2026092718,linear/observed/measured/nearest,Г101,hit,680.959,8923.459,2.270,29.745,4064.310,10517.047,13.548,35.057
32540-202609272330,32540,PTRPVKMCH,6,2026092718,linear/observed/measured/nearest,Б244,false,,,,,743.131,3895.515,2.477,12.985
32540-202609272330,32540,PTRPVKMCH,6,2026092718,linear/observed/measured/nearest,Т577,miss,9839.158,9839.158,32.797,32.797,,,,
32540-202609272330,32540,PTRPVKMCH,6,2026092718,linear/observed/measured/bilinear,Б244,false,,,,,679.939,4331.340,2.266,14.438
32540-202609272330,32540,PTRPVKMCH,6,2026092718,linear/observed/measured/bilinear,Г101,hit,680.959,8923.459,2.270,29.745,4506.677,10816.238,15.022,36.054
32540-202609272330,32540,PTRPVKMCH,6,2026092718,linear/observed/measured/bilinear,Т577,hit,9839.158,9839.158,32.797,32.797,15011.183,15011.183,50.037,50.037
32540-202609272330,32540,PTRPVKMCH,6,2026092718,spline/hold/constant/nearest,Б244,false,,,,,506.072,3767.043,1.687,12.557
32540-202609272330,32540,PTRPVKMCH,6,2026092718,spline/hold/constant/nearest,Г101,hit,680.959,8923.459,2.270,29.745,3959.593,10519.748,13.199,35.066
32540-202609272330,32540,PTRPVKMCH,6,2026092718,spline/hold/constant/nearest,Т577,miss,9839.158,9839.158,32.797,32.797,,,,
32540-202609272330,32540,PTRPVKMCH,6,2026092718,spline/hold/constant/bilinear,Б244,false,,,,,383.907,4313.123,1.280,14.377
32540-202609272330,32540,PTRPVKMCH,6,2026092718,spline/hold/constant/bilinear,Г101,hit,680.959,8923.459,2.270,29.745,4492.678,10880.508,14.976,36.268
32540-202609272330,32540,PTRPVKMCH,6,2026092718,spline/hold/constant/bilinear,Т577,hit,9839.158,9839.158,32.797,32.797,15663.568,15663.568,52.212,52.212
32540-202609272330,32540,PTRPVKMCH,6,2026092718,spline/hold/measured/nearest,Б244,false,,,,,506.072,3767.058,1.687,12.557
32540-202609272330,32540,PTRPVKMCH,6,2026092718,spline/hold/measured/nearest,Г101,hit,680.959,8923.459,2.270,29.745,3959.569,10519.749,13.199,35.066
32540-202609272330,32540,PTRPVKMCH,6,2026092718,spline/hold/measured/nearest,Т577,miss,9839.158,9839.158,32.797,32.797,,,,
32540-202609272330,32540,PTRPVKMCH,6,2026092718,spline/hold/measured/bilinear,Б244,false,,,,,383.907,4313.184,1.280,14.377
32540-202609272330,32540,PTRPVKMCH,6,2026092718,spline/hold/measured/bilinear,Г101,hit,680.959,8923.459,2.270,29.745,4492.629,10880.509,14.975,36.268
32540-202609272330,32540,PTRPVKMCH,6,2026092718,spline/hold/measured/bilinear,Т577,hit,9839.158,9839.158,32.797,32.797,15663.584,15663.584,52.212,52.212
32540-202609272330,32540,PTRPVKMCH,6,2026092718,spline/zero/constant/nearest,Г101,hit,680.959,8923.459,2.270,29.745,4108.536,10535.874,13.695,35.120
32540-202609272330,32540,PTRPVKMCH,6,2026092718,spline/zero/constant/nearest,Б244,false,,,,,857.915,857.915,2.860,2.860
32540-202609272330,32540,PTRPVKMCH,6,2026092718,spline/zero/constant/nearest,Т577,miss,9839.158,9839.158,32.797,32.797,,,,
32540-202609272330,32540,PTRPVKMCH,6,2026092718,spline/zero/constant/bilinear,Г101,hit,680.959,8923.459,2.270,29.745,4598.829,10837.735,15.329,36.126
32540-202609272330,32540,PTRPVKMCH,6,2026092718,spline/zero/constant/bilinear,Б244,false,,,,,794.495,4432.543,2.648,14.775
32540-202609272330,32540,PTRPVKMCH,6,2026092718,spline/zero/constant/bilinear,Т577,hit,9839.158,9839.158,32.797,32.797,14868.478,14868.478,49.562,49.562
32540-202609272330,32540,PTRPVKMCH,6,2026092718,spline/zero/measured/nearest,Г101,hit,680.959,8923.459,2.270,29.745,4108.514,10535.874,13.695,35.120
32540-202609272330,32540,PTRPVKMCH,6,2026092718,spline/zero/measured/nearest,Б244,false,,,,,857.915,857.915,2.860,2.860
32540-202609272330,32540,PTRPVKMCH,6,2026092718,spline/zero/measured/nearest,Т577,miss,9839.158,9839.158,32.797,32.797,,,,
32540-202609272330,32540,PTRPVKMCH,6,2026092718,spline/zero/measured/bilinear,Г101,hit,680.959,8923.459,2.270,29.745,4598.765,10837.736,15.329,36.126
32540-202609272330,32540,PTRPVKMCH,6,2026092718,spline/zero/measured/bilinear,Б244,false,,,,,794.495,4432.545,2.648,14.775
32540-202609272330,32540,PTRPVKMCH,6,2026092718,spline/zero/measured/bilinear,Т577,hit,9839.158,9839.158,32.797,32.797,14868.491,14868.491,49.562,49.562
32540-202609272330,32540,PTRPVKMCH,6,2026092718,spline/power/constant/nearest,Б244,false,,,,,650.296,3801.738,2.168,12.672
32540-202609272330,32540,PTRPVKMCH,6,2026092718,spline/power/constant/nearest,Г101,hit,680.959,8923.459,2.270,29.745,3989.429,10496.171,13.298,34.987
32540-202609272330,32540,PTRPVKMCH,6,2026092718,spline/power/constant/nearest,Т577,miss,9839.158,9839.158,32.797,32.797,,,,
32540-202609272330,32540,PTRPVKMCH,6,2026092718,spline/power/constant/bilinear,Б244,false,,,,,510.299,4322.051,1.701,14.407
32540-202609272330,32540,PTRPVKMCH,6,2026092718,spline/power/constant/bilinear,Г101,hit,680.959,8923.459,2.270,29.745,4498.527,10844.731,14.995,36.149
32540-202609272330,32540,PTRPVKMCH,6,2026092718,spline/power/constant/bilinear,Т577,hit,9839.158,9839.158,32.797,32.797,15296.934,15296.934,50.990,50.990
32540-202609272330,32540,PTRPVKMCH,6,2026092718,spline/power/measured/nearest,Б244,false,,,,,650.296,3801.650,2.168,12.672
32540-202609272330,32540,PTRPVKMCH,6,2026092718,spline/power/measured/nearest,Г101,hit,680.959,8923.459,2.270,29.745,3989.417,10496.171,13.298,34.987
32540-202609272330,32540,PTRPVKMCH,6,2026092718,spline/power/measured/nearest,Т577,miss,9839.158,9839.158,32.797,32.797,,,,
32540-202609272330,32540,PTRPVKMCH,6,2026092718,spline/power/measured/bilinear,Б244,false,,,,,510.299,4322.129,1.701,14.407
32540-202609272330,32540,PTRPVKMCH,6,2026092718,spline/power/measured/bilinear,Г101,hit,680.959,8923.459,2.270,29.745,4498.450,10844.732,14.995,36.149
32540-202609272330,32540,PTRPVKMCH,6,2026092718,spline/power/measured/bilinear,Т577,hit,9839.158,9839.158,32.797,32.797,15296.947,15296.947,50.990,50.990
32540-202609272330,32540,PTRPVKMCH,6,2026092718,spline/observed/constant/nearest,Б244,false,,,,,591.339,3982.523,1.971,13.275
32540-202609272330,32540,PTRPVKMCH,6,2026092718,spline/observed/constant/nearest,Г101,hit,680.959,8923.459,2.270,29.745,4160.773,10591.622,13.869,35.305
32540-202609272330,32540,PTRPVKMCH,6,2026092718,spline/observed/constant/nearest,Т577,miss,9839.158,9839.158,32.797,32.797,,,,
32540-202609272330,32540,PTRPVKMCH,6,2026092718,spline/observed/constant/bilinear,Б244,false,,,,,561.262,4422.823,1.871,14.743
32540-202609272330,32540,PTRPVKMCH,6,2026092718,spline/observed/constant/bilinear,Г101,hit,680.959,8923.459,2.270,29.745,4593.148,10889.356,15.310,36.298
32540-202609272330,32540,PTRPVKMCH,6,2026092718,spline/observed/constant/bilinear,Т577,hit,9839.158,9839.158,32.797,32.797,15324.220,15324.220,51.081,51.081
32540-202609272330,32540,PTRPVKMCH,6,2026092718,spline/observed/measured/nearest,Б244,false,,,,,591.339,3982.570,1.971,13.275
32540-202609272330,32540,PTRPVKMCH,6,2026092718,spline/observed/measured/nearest,Г101,hit,680.959,8923.459,2.270,29.745,4160.778,10591.623,13.869,35.305
32540-202609272330,32540,PTRPVKMCH,6,2026092718,spline/observed/measured/nearest,Т577,miss,9839.158,9839.158,32.797,32.797,,,,
32540-202609272330,32540,PTRPVKMCH,6,2026092718,spline/observed/measured/bilinear,Б244,false,,,,,561.262,4422.877,1.871,14.743
32540-202609272330,32540,PTRPVKMCH,6,2026092718,spline/observed/measured/bilinear,Г101,hit,680.959,8923.459,2.270,29.745,4593.104,10889.358,15.310,36.298
32540-202609272330,32540,PTRPVKMCH,6,2026092718,spline/observed/measured/bilinear,Т577,hit,9839.158,9839.158,32.797,32.797,15324.234,15324.234,51.081,51.081
32540-202609272330,32540,PTRPVKMCH,6,2026092718,pchip/hold/constant/nearest,Б244,false,,,,,506.072,3754.047,1.687,12.513
32540-202609272330,32540,PTRPVKMCH,6,2026092718,pchip/hold/constant/nearest,Г101,hit,680.959,8923.459,2.270,29.745,3944.172,10512.608,13.147,35.042
32540-202609272330,32540,PTRPVKMCH,6,2026092718,pchip/hold/constant/nearest,Т577,miss,9839.158,9839.158,32.797,32.797,,,,
32540-202609272330,32540,PTRPVKMCH,6,2026092718,pchip/hold/constant/bilinear,Б244,false,,,,,383.907,4300.469,1.280,14.335
32540-202609272330,32540,PTRPVKMCH,6,2026092718,pchip/hold/constant/bilinear,Г101,hit,680.959,8923.459,2.270,29.745,4482.079,10874.840,14.940,36.249
32540-202609272330,32540,PTRPVKMCH,6,2026092718,pchip/hold/constant/bilinear,Т577,hit,9839.158,9839.158,32.797,32.797,15687.731,15687.731,52.292,52.292
32540-202609272330,32540,PTRPVKMCH,6,2026092718,pchip/hold/measured/nearest,Б244,false,,,,,506.072,3753.978,1.687,12.513
32540-202609272330,32540,PTRPVKMCH,6,2026092718,pchip/hold/measured/nearest,Г101,hit,680.959,8923.459,2.270,29.745,3944.127,10512.608,13.147,35.042
32540-202609272330,32540,PTRPVKMCH,6,2026092718,pchip/hold/measured/nearest,Т577,miss,9839.158,9839.158,32.797,32.797,,,,
32540-202609272330,32540,PTRPVKMCH,6,2026092718,pchip/hold/measured/bilinear,Б244,false,,,,,383.907,4300.377,1.280,14.335
32540-202609272330,32540,PTRPVKMCH,6,2026092718,pchip/hold/measured/bilinear,Г101,hit,680.959,8923.459,2.270,29.745,4482.080,10874.841,14.940,36.249
32540-202609272330,32540,PTRPVKMCH,6,2026092718,pchip/hold/measured/bilinear,Т577,hit,9839.158,9839.158,32.797,32.797,15687.748,15687.748,52.292,52.292
32540-202609272330,32540,PTRPVKMCH,6,2026092718,pchip/zero/constant/nearest,Г101,hit,680.959,8923.459,2.270,29.745,4077.308,10528.900,13.591,35.096
32540-202609272330,32540,PTRPVKMCH,6,2026092718,pchip/zero/constant/nearest,Б244,false,,,,,846.597,846.597,2.822,2.822
32540-202609272330,32540,PTRPVKMCH,6,2026092718,pchip/zero/constant/nearest,Т577,miss,9839.158,9839.158,32.797,32.797,,,,
32540-202609272330,32540,PTRPVKMCH,6,2026092718,pchip/zero/constant/bilinear,Г101,hit,680.959,8923.459,2.270,29.745,4593.484,10838.454,15.312,36.128
32540-202609272330,32540,PTRPVKMCH,6,2026092718,pchip/zero/constant/bilinear,Б244,false,,,,,760.579,4424.854,2.535,14.750
32540-202609272330,32540,PTRPVKMCH,6,2026092718,pchip/zero/constant/bilinear,Т577,hit,9839.158,9839.158,32.797,32.797,14823.025,14823.025,49.410,49.410
32540-202609272330,32540,PTRPVKMCH,6,2026092718,pchip/zero/measured/nearest,Г101,hit,680.959,8923.459,2.270,29.745,4077.367,10528.900,13.591,35.096
32540-202609272330,32540,PTRPVKMCH,6,2026092718,pchip/zero/measured/nearest,Б244,false,,,,,846.597,846.597,2.822,2.822
32540-202609272330,32540,PTRPVKMCH,6,2026092718,pchip/zero/measured/nearest,Т577,miss,9839.158,9839.158,32.797,32.797,,,,
32540-202609272330,32540,PTRPVKMCH,6,2026092718,pchip/zero/measured/bilinear,Г101,hit,680.959,8923.459,2.270,29.745,4593.439,10838.455,15.311,36.128
32540-202609272330,32540,PTRPVKMCH,6,2026092718,pchip/zero/measured/bilinear,Б244,false,,,,,760.579,4424.895,2.535,14.750
32540-202609272330,32540,PTRPVKMCH,6,2026092718,pchip/zero/measured/bilinear,Т577,hit,9839.158,9839.158,32.797,32.797,14823.039,14823.039,49.410,49.410
32540-202609272330,32540,PTRPVKMCH,6,2026092718,pchip/power/constant/nearest,Б244,false,,,,,650.296,3788.178,2.168,12.627
32540-202609272330,32540,PTRPVKMCH,6,2026092718,pchip/power/constant/nearest,Г101,hit,680.959,8923.459,2.270,29.745,3973.740,10488.949,13.246,34.963
32540-202609272330,32540,PTRPVKMCH,6,2026092718,pchip/power/constant/nearest,Т577,miss,9839.158,9839.158,32.797,32.797,,,,
32540-202609272330,32540,PTRPVKMCH,6,2026092718,pchip/power/constant/bilinear,Б244,false,,,,,510.299,4309.480,1.701,14.365
32540-202609272330,32540,PTRPVKMCH,6,2026092718,pchip/power/constant/bilinear,Г101,hit,680.959,8923.459,2.270,29.745,4488.010,10838.971,14.960,36.130
32540-202609272330,32540,PTRPVKMCH,6,2026092718,pchip/power/constant/bilinear,Т577,hit,9839.158,9839.158,32.797,32.797,15281.211,15281.211,50.937,50.937
32540-202609272330,32540,PTRPVKMCH,6,2026092718,pchip/power/measured/nearest,Б244,false,,,,,650.296,3788.200,2.168,12.627
32540-202609272330,32540,PTRPVKMCH,6,2026092718,pchip/power/measured/nearest,Г101,hit,680.959,8923.459,2.270,29.745,3973.821,10488.949,13.246,34.963
32540-202609272330,32540,PTRPVKMCH,6,2026092718,pchip/power/measured/nearest,Т577,miss,9839.158,9839.158,32.797,32.797,,,,
32540-202609272330,32540,PTRPVKMCH,6,2026092718,pchip/power/measured/bilinear,Б244,false,,,,,510.299,4309.492,1.701,14.365
32540-202609272330,32540,PTRPVKMCH,6,2026092718,pchip/power/measured/bilinear,Г101,hit,680.959,8923.459,2.270,29.745,4487.983,10838.972,14.960,36.130
32540-202609272330,32540,PTRPVKMCH,6,2026092718,pchip/power/measured/bilinear,Т577,hit,9839.158,9839.158,32.797,32.797,15281.225,15281.225,50.937,50.937
32540-202609272330,32540,PTRPVKMCH,6,2026092718,pchip/observed/constant/nearest,Б244,false,,,,,611.927,3950.423,2.040,13.168
32540-202609272330,32540,PTRPVKMCH,6,2026092718,pchip/observed/constant/nearest,Г101,hit,680.959,8923.459,2.270,29.745,4127.743,10566.113,13.759,35.220
32540-202609272330,32540,PTRPVKMCH,6,2026092718,pchip/observed/constant/nearest,Т577,miss,9839.158,9839.158,32.797,32.797,,,,
32540-202609272330,32540,PTRPVKMCH,6,2026092718,pchip/observed/constant/bilinear,Б244,false,,,,,543.977,4410.970,1.813,14.703
32540-202609272330,32540,PTRPVKMCH,6,2026092718,pchip/observed/constant/bilinear,Г101,hit,680.959,8923.459,2.270,29.745,4583.546,10883.159,15.278,36.277
32540-202609272330,32540,PTRPVKMCH,6,2026092718,pchip/observed/constant/bilinear,Т577,hit,9839.158,9839.158,32.797,32.797,15307.694,15307.694,51.026,51.026
32540-202609272330,32540,PTRPVKMCH,6,2026092718,pchip/observed/measured/nearest,Б244,false,,,,,611.927,3950.335,2.040,13.168
32540-202609272330,32540,PTRPVKMCH,6,2026092718,pchip/observed/measured/nearest,Г101,hit,680.959,8923.459,2.270,29.745,4127.793,10566.113,13.759,35.220
32540-202609272330,32540,PTRPVKMCH,6,2026092718,pchip/observed/measured/nearest,Т577,miss,9839.158,9839.158,32.797,32.797,,,,
32540-202609272330,32540,PTRPVKMCH,6,2026092718,pchip/observed/measured/bilinear,Б244,false,,,,,543.977,4411.017,1.813,14.703
32540-202609272330,32540,PTRPVKMCH,6,2026092718,pchip/observed/measured/bilinear,Г101,hit,680.959,8923.459,2.270,29.745,4583.538,10883.160,15.278,36.277
32540-202609272330,32540,PTRPVKMCH,6,2026092718,pchip/observed/measured/bilinear,Т577,hit,9839.158,9839.158,32.797,32.797,15307.709,15307.709,51.026,51.026
32540-202609272330,32540,PTRPVKMCH,6,2026092718,poly3/hold/constant/nearest,Б244,false,,,,,506.072,3747.457,1.687,12.492
32540-202609272330,32540,PTRPVKMCH,6,2026092718,poly3/hold/constant/nearest,Г101,hit,680.959,8923.459,2.270,29.745,3939.037,10508.320,13.130,35.028
32540-202609272330,32540,PTRPVKMCH,6,2026092718,poly3/hold/constant/nearest,Т577,miss,9839.158,9839.158,32.797,32.797,,,,
32540-202609272330,32540,PTRPVKMCH,6,2026092718,poly3/hold/constant/bilinear,Б244,false,,,,,383.907,4296.726,1.280,14.322
32540-202609272330,32540,PTRPVKMCH,6,2026092718,poly3/hold/constant/bilinear,Г101,hit,680.959,8923.459,2.270,29.745,4477.319,10871.040,14.924,36.237
32540-202609272330,32540,PTRPVKMCH,6,2026092718,poly3/hold/constant/bilinear,Т577,hit,9839.158,9839.158,32.797,32.797,15416.608,15416.608,51.389,51.389
32540-202609272330,32540,PTRPVKMCH,6,2026092718,poly3/hold/measured/nearest,Б244,false,,,,,506.072,3747.390,1.687,12.491
32540-202609272330,32540,PTRPVKMCH,6,2026092718,poly3/hold/measured/nearest,Г101,hit,680.959,8923.459,2.270,29.745,3939.033,10508.314,13.130,35.028
32540-202609272330,32540,PTRPVKMCH,6,2026092718,poly3/hold/measured/nearest,Т577,miss,9839.158,9839.158,32.797,32.797,,,,
32540-202609272330,32540,PTRPVKMCH,6,2026092718,poly3/hold/measured/bilinear,Б244,false,,,,,383.907,4296.650,1.280,14.322
32540-202609272330,32540,PTRPVKMCH,6,2026092718,poly3/hold/measured/bilinear,Г101,hit,680.959,8923.459,2.270,29.745,4477.349,10871.043,14.924,36.237
32540-202609272330,32540,PTRPVKMCH,6,2026092718,poly3/hold/measured/bilinear,Т577,hit,9839.158,9839.158,32.797,32.797,15416.615,15416.615,51.389,51.389
32540-202609272330,32540,PTRPVKMCH,6,2026092718,poly3/zero/constant/nearest,Б244,false,,,,,590.634,4070.007,1.969,13.567
32540-202609272330,32540,PTRPVKMCH,6,2026092718,poly3/zero/constant/nearest,Г101,hit,680.959,8923.459,2.270,29.745,4243.598,10642.284,14.145,35.474
32540-202609272330,32540,PTRPVKMCH,6,2026092718,poly3/zero/constant/nearest,Т577,miss,9839.158,9839.158,32.797,32.797,,,,
32540-202609272330,32540,PTRPVKMCH,6,2026092718,poly3/zero/constant/bilinear,Б244,false,,,,,575.421,4498.468,1.918,14.995
32540-202609272330,32540,PTRPVKMCH,6,2026092718,poly3/zero/constant/bilinear,Г101,hit,680.959,8923.459,2.270,29.745,4665.506,10927.352,15.552,36.425
32540-202609272330,32540,PTRPVKMCH,6,2026092718,poly3/zero/constant/bilinear,Т577,hit,9839.158,9839.158,32.797,32.797,15231.742,15231.742,50.772,50.772
32540-202609272330,32540,PTRPVKMCH,6,2026092718,poly3/zero/measured/nearest,Б244,false,,,,,590.634,4070.078,1.969,13.567
32540-202609272330,32540,PTRPVKMCH,6,2026092718,poly3/zero/measured/nearest,Г101,hit,680.959,8923.459,2.270,29.745,4243.552,10642.279,14.145,35.474
32540-202609272330,32540,PTRPVKMCH,6,2026092718,poly3/zero/measured/nearest,Т577,miss,9839.158,9839.158,32.797,32.797,,,,
32540-202609272330,32540,PTRPVKMCH,6,2026092718,poly3/zero/measured/bilinear,Б244,false,,,,,575.421,4498.401,1.918,14.995
32540-202609272330,32540,PTRPVKMCH,6,2026092718,poly3/zero/measured/bilinear,Г101,hit,680.959,8923.459,2.270,29.745,4665.551,10927.355,15.552,36.425
32540-202609272330,32540,PTRPVKMCH,6,2026092718,poly3/zero/measured/bilinear,Т577,hit,9839.158,9839.158,32.797,32.797,15231.749,15231.749,50.772,50.772
32540-202609272330,32540,PTRPVKMCH,6,2026092718,poly3/power/constant/nearest,Б244,false,,,,,650.296,3781.858,2.168,12.606
32540-202609272330,32540,PTRPVKMCH,6,2026092718,poly3/power/constant/nearest,Г101,hit,680.959,8923.459,2.270,29.745,3968.862,10484.772,13.230,34.949
32540-202609272330,32540,PTRPVKMCH,6,2026092718,poly3/power/constant/nearest,Т577,hit,9839.158,9839.158,32.797,32.797,15878.960,15878.960,52.930,52.930
32540-202609272330,32540,PTRPVKMCH,6,2026092718,poly3/power/constant/bilinear,Б244,false,,,,,510.299,4305.762,1.701,14.353
32540-202609272330,32540,PTRPVKMCH,6,2026092718,poly3/power/constant/bilinear,Г101,hit,680.959,8923.459,2.270,29.745,4483.221,10835.205,14.944,36.117
32540-202609272330,32540,PTRPVKMCH,6,2026092718,poly3/power/constant/bilinear,Т577,hit,9839.158,9839.158,32.797,32.797,15153.494,15153.494,50.512,50.512
32540-202609272330,32540,PTRPVKMCH,6,2026092718,poly3/power/measured/nearest,Б244,false,,,,,650.296,3781.942,2.168,12.606
32540-202609272330,32540,PTRPVKMCH,6,2026092718,poly3/power/measured/nearest,Г101,hit,680.959,8923.459,2.270,29.745,3968.910,10484.767,13.230,34.949
32540-202609272330,32540,PTRPVKMCH,6,2026092718,poly3/power/measured/nearest,Т577,hit,9839.158,9839.158,32.797,32.797,15878.907,15878.907,52.930,52.930
32540-202609272330,32540,PTRPVKMCH,6,2026092718,poly3/power/measured/bilinear,Б244,false,,,,,510.299,4305.735,1.701,14.352
32540-202609272330,32540,PTRPVKMCH,6,2026092718,poly3/power/measured/bilinear,Г101,hit,680.959,8923.459,2.270,29.745,4483.224,10835.208,14.944,36.117
32540-202609272330,32540,PTRPVKMCH,6,2026092718,poly3/power/measured/bilinear,Т577,hit,9839.158,9839.158,32.797,32.797,15153.500,15153.500,50.512,50.512
32540-202609272330,32540,PTRPVKMCH,6,2026092718,poly3/observed/constant/nearest,Б244,false,,,,,450.282,4062.599,1.501,13.542
32540-202609272330,32540,PTRPVKMCH,6,2026092718,poly3/observed/constant/nearest,Г101,hit,680.959,8923.459,2.270,29.745,4239.604,10687.159,14.132,35.624
32540-202609272330,32540,PTRPVKMCH,6,2026092718,poly3/observed/constant/nearest,Т577,miss,9839.158,9839.158,32.797,32.797,,,,
32540-202609272330,32540,PTRPVKMCH,6,2026092718,poly3/observed/constant/bilinear,Б244,false,,,,,442.625,4490.721,1.475,14.969
32540-202609272330,32540,PTRPVKMCH,6,2026092718,poly3/observed/constant/bilinear,Г101,hit,680.959,8923.459,2.270,29.745,4661.067,10969.208,15.537,36.564
32540-202609272330,32540,PTRPVKMCH,6,2026092718,poly3/observed/constant/bilinear,Т577,hit,9839.158,9839.158,32.797,32.797,15545.095,15545.095,51.817,51.817
32540-202609272330,32540,PTRPVKMCH,6,2026092718,poly3/observed/measured/nearest,Б244,false,,,,,450.282,4062.609,1.501,13.542
32540-202609272330,32540,PTRPVKMCH,6,2026092718,poly3/observed/measured/nearest,Г101,hit,680.959,8923.459,2.270,29.745,4239.581,10687.154,14.132,35.624
32540-202609272330,32540,PTRPVKMCH,6,2026092718,poly3/observed/measured/nearest,Т577,miss,9839.158,9839.158,32.797,32.797,,,,
32540-202609272330,32540,PTRPVKMCH,6,2026092718,poly3/observed/measured/bilinear,Б244,false,,,,,442.625,4490.690,1.475,14.969
32540-202609272330,32540,PTRPVKMCH,6,2026092718,poly3/observed/measured/bilinear,Г101,hit,680.959,8923.459,2.270,29.745,4661.123,10969.212,15.537,36.564
32540-202609272330,32540,PTRPVKMCH,6,2026092718,poly3/observed/measured/bilinear,Т577,hit,9839.158,9839.158,32.797,32.797,15545.102,15545.102,51.817,51.817
24122-202609281130,24122,OLENEK,6,2026092806,step/hold/constant/nearest,B927,hit,7154.508,7154.508,23.848,23.848,7359.971,7359.971,24.533,24.533
24122-202609281130,24122,OLENEK,6,2026092806,step/hold/constant/nearest,W325,false,,,,,8172.042,9437.333,27.240,31.458
24122-202609281130,24122,OLENEK,6,2026092806,step/hold/constant/nearest,G112/M171,hit,8658.328,8658.328,28.861,28.861,10038.356,10038.356,33.461,33.461
24122-202609281130,24122,OLENEK,6,2026092806,step/hold/constant/bilinear,B927,hit,7154.508,7154.508,23.848,23.848,7247.902,7247.902,24.160,24.160
24122-202609281130,24122,OLENEK,6,2026092806,step/hold/constant/bilinear,W325,false,,,,,8190.200,8663.495,27.301,28.878
24122-202609281130,24122,OLENEK,6,2026092806,step/hold/constant/bilinear,G112/M171,hit,8658.328,8658.328,28.861,28.861,9335.754,9335.754,31.119,31.119
24122-202609281130,24122,OLENEK,6,2026092806,step/hold/measured/nearest,B927,hit,7154.508,7154.508,23.848,23.848,7355.902,7355.902,24.520,24.520
24122-202609281130,24122,OLENEK,6,2026092806,step/hold/measured/nearest,W325,false,,,,,8168.956,9435.111,27.230,31.450
24122-202609281130,24122,OLENEK,6,2026092806,step/hold/measured/nearest,G112/M171,hit,8658.328,8658.328,28.861,28.861,10036.233,10036.233,33.454,33.454
24122-202609281130,24122,OLENEK,6,2026092806,step/hold/measured/bilinear,B927,hit,7154.508,7154.508,23.848,23.848,7244.714,7244.714,24.149,24.149
24122-202609281130,24122,OLENEK,6,2026092806,step/hold/measured/bilinear,W325,false,,,,,8187.708,8661.176,27.292,28.871
24122-202609281130,24122,OLENEK,6,2026092806,step/hold/measured/bilinear,G112/M171,hit,8658.328,8658.328,28.861,28.861,9333.885,9333.885,31.113,31.113
24122-202609281130,24122,OLENEK,6,2026092806,step/zero/constant/nearest,B927,hit,7154.508,7154.508,23.848,23.848,6993.367,6993.367,23.311,23.311
24122-202609281130,24122,OLENEK,6,2026092806,step/zero/constant/nearest,W325,false,,,,,8065.669,8670.425,26.886,28.901
24122-202609281130,24122,OLENEK,6,2026092806,step/zero/constant/nearest,G112/M171,hit,8658.328,8658.328,28.861,28.861,9437.496,9437.496,31.458,31.458
24122-202609281130,24122,OLENEK,6,2026092806,step/zero/constant/bilinear,B927,hit,7154.508,7154.508,23.848,23.848,6909.086,6909.086,23.030,23.030
24122-202609281130,24122,OLENEK,6,2026092806,step/zero/constant/bilinear,G112/M171,hit,8658.328,8658.328,28.861,28.861,8725.726,8725.726,29.086,29.086
24122-202609281130,24122,OLENEK,6,2026092806,step/zero/measured/nearest,B927,hit,7154.508,7154.508,23.848,23.848,6989.298,6989.298,23.298,23.298
24122-202609281130,24122,OLENEK,6,2026092806,step/zero/measured/nearest,W325,false,,,,,8062.583,8667.478,26.875,28.892
24122-202609281130,24122,OLENEK,6,2026092806,step/zero/measured/nearest,G112/M171,hit,8658.328,8658.328,28.861,28.861,9435.276,9435.276,31.451,31.451
24122-202609281130,24122,OLENEK,6,2026092806,step/zero/measured/bilinear,B927,hit,7154.508,7154.508,23.848,23.848,6905.898,6905.898,23.020,23.020
24122-202609281130,24122,OLENEK,6,2026092806,step/zero/measured/bilinear,G112/M171,hit,8658.328,8658.328,28.861,28.861,8723.418,8723.418,29.078,29.078
24122-202609281130,24122,OLENEK,6,2026092806,step/power/constant/nearest,B927,hit,7154.508,7154.508,23.848,23.848,7268.849,7268.849,24.229,24.229
24122-202609281130,24122,OLENEK,6,2026092806,step/power/constant/nearest,W325,false,,,,,8145.589,9280.359,27.152,30.935
24122-202609281130,24122,OLENEK,6,2026092806,step/power/constant/nearest,G112/M171,hit,8658.328,8658.328,28.861,28.861,9893.715,9893.715,32.979,32.979
24122-202609281130,24122,OLENEK,6,2026092806,step/power/constant/bilinear,B927,hit,7154.508,7154.508,23.848,23.848,7163.534,7163.534,23.878,23.878
24122-202609281130,24122,OLENEK,6,2026092806,step/power/constant/bilinear,W325,false,,,,,8159.168,8485.975,27.197,28.287
24122-202609281130,24122,OLENEK,6,2026092806,step/power/constant/bilinear,G112/M171,hit,8658.328,8658.328,28.861,28.861,9190.596,9190.596,30.635,30.635
24122-202609281130,24122,OLENEK,6,2026092806,step/power/measured/nearest,B927,hit,7154.508,7154.508,23.848,23.848,7264.780,7264.780,24.216,24.216
24122-202609281130,24122,OLENEK,6,2026092806,step/power/measured/nearest,W325,false,,,,,8142.503,9277.412,27.142,30.925
24122-202609281130,24122,OLENEK,6,2026092806,step/power/measured/nearest,G112/M171,hit,8658.328,8658.328,28.861,28.861,9891.495,9891.495,32.972,32.972
24122-202609281130,24122,OLENEK,6,2026092806,step/power/measured/bilinear,B927,hit,7154.508,7154.508,23.848,23.848,7160.348,7160.348,23.868,23.868
24122-202609281130,24122,OLENEK,6,2026092806,step/power/measured/bilinear,W325,false,,,,,8156.677,8482.483,27.189,28.275
24122-202609281130,24122,OLENEK,6,2026092806,step/power/measured/bilinear,G112/M171,hit,8658.328,8658.328,28.861,28.861,9188.283,9188.283,30.628,30.628
24122-202609281130,24122,OLENEK,6,2026092806,step/observed/constant/nearest,B927,hit,7154.508,7154.508,23.848,23.848,7096.690,7096.690,23.656,23.656
24122-202609281130,24122,OLENEK,6,2026092806,step/observed/constant/nearest,W325,false,,,,,8107.680,8860.855,27.026,29.536
24122-202609281130,24122,OLENEK,6,2026092806,step/observed/constant/nearest,G112/M171,hit,8658.328,8658.328,28.861,28.861,9580.036,9580.036,31.933,31.933
24122-202609281130,24122,OLENEK,6,2026092806,step/observed/constant/bilinear,B927,hit,7154.508,7154.508,23.848,23.848,7005.729,7005.729,23.352,23.352
24122-202609281130,24122,OLENEK,6,2026092806,step/observed/constant/bilinear,W325,false,,,,,8013.950,8013.950,26.713,26.713
24122-202609281130,24122,OLENEK,6,2026092806,step/observed/constant/bilinear,G112/M171,hit,8658.328,8658.328,28.861,28.861,8883.346,8883.346,29.611,29.611
24122-202609281130,24122,OLENEK,6,2026092806,step/observed/measured/nearest,B927,hit,7154.508,7154.508,23.848,23.848,7092.621,7092.621,23.642,23.642
24122-202609281130,24122,OLENEK,6,2026092806,step/observed/measured/nearest,W325,false,,,,,8104.594,8857.908,27.015,29.526
24122-202609281130,24122,OLENEK,6,2026092806,step/observed/measured/nearest,G112/M171,hit,8658.328,8658.328,28.861,28.861,9577.816,9577.816,31.926,31.926
24122-202609281130,24122,OLENEK,6,2026092806,step/observed/measured/bilinear,B927,hit,7154.508,7154.508,23.848,23.848,7002.541,7002.541,23.342,23.342
24122-202609281130,24122,OLENEK,6,2026092806,step/observed/measured/bilinear,W325,false,,,,,8010.450,8010.450,26.702,26.702
24122-202609281130,24122,OLENEK,6,2026092806,step/observed/measured/bilinear,G112/M171,hit,8658.328,8658.328,28.861,28.861,8881.036,8881.036,29.603,29.603
24122-202609281130,24122,OLENEK,6,2026092806,linear/hold/constant/nearest,B927,hit,7154.508,7154.508,23.848,23.848,7357.403,7357.403,24.525,24.525
24122-202609281130,24122,OLENEK,6,2026092806,linear/hold/constant/nearest,W325,false,,,,,8171.103,9431.355,27.237,31.438
24122-202609281130,24122,OLENEK,6,2026092806,linear/hold/constant/nearest,G112/M171,hit,8658.328,8658.328,28.861,28.861,10037.355,10037.355,33.458,33.458
24122-202609281130,24122,OLENEK,6,2026092806,linear/hold/constant/bilinear,B927,hit,7154.508,7154.508,23.848,23.848,7247.631,7247.631,24.159,24.159
24122-202609281130,24122,OLENEK,6,2026092806,linear/hold/constant/bilinear,W325,false,,,,,8188.986,8639.236,27.297,28.797
24122-202609281130,24122,OLENEK,6,2026092806,linear/hold/constant/bilinear,G112/M171,hit,8658.328,8658.328,28.861,28.861,9323.355,9323.355,31.078,31.078
24122-202609281130,24122,OLENEK,6,2026092806,linear/hold/measured/nearest,B927,hit,7154.508,7154.508,23.848,23.848,7357.401,7357.401,24.525,24.525
24122-202609281130,24122,OLENEK,6,2026092806,linear/hold/measured/nearest,W325,false,,,,,8171.089,9431.386,27.237,31.438
24122-202609281130,24122,OLENEK,6,2026092806,linear/hold/measured/nearest,G112/M171,hit,8658.328,8658.328,28.861,28.861,10037.383,10037.383,33.458,33.458
24122-202609281130,24122,OLENEK,6,2026092806,linear/hold/measured/bilinear,B927,hit,7154.508,7154.508,23.848,23.848,7247.640,7247.640,24.159,24.159
24122-202609281130,24122,OLENEK,6,2026092806,linear/hold/measured/bilinear,W325,false,,,,,8188.983,8639.275,27.297,28.798
24122-202609281130,24122,OLENEK,6,2026092806,linear/hold/measured/bilinear,G112/M171,hit,8658.328,8658.328,28.861,28.861,9323.385,9323.385,31.078,31.078
24122-202609281130,24122,OLENEK,6,2026092806,linear/zero/constant/nearest,B927,hit,7154.508,7154.508,23.848,23.848,6988.471,6988.471,23.295,23.295
24122-202609281130,24122,OLENEK,6,2026092806,linear/zero/constant/nearest,W325,false,,,,,8065.474,8635.834,26.885,28.786
24122-202609281130,24122,OLENEK,6,2026092806,linear/zero/constant/nearest,G112/M171,hit,8658.328,8658.328,28.861,28.861,9431.554,9431.554,31.439,31.439
24122-202609281130,24122,OLENEK,6,2026092806,linear/zero/constant/bilinear,B927,hit,7154.508,7154.508,23.848,23.848,6898.358,6898.358,22.995,22.995
24122-202609281130,24122,OLENEK,6,2026092806,linear/zero/constant/bilinear,G112/M171,hit,8658.328,8658.328,28.861,28.861,8710.052,8710.052,29.034,29.034
24122-202609281130,24122,OLENEK,6,2026092806,linear/zero/measured/nearest,B927,hit,7154.508,7154.508,23.848,23.848,6988.470,6988.470,23.295,23.295
24122-202609281130,24122,OLENEK,6,2026092806,linear/zero/measured/nearest,W325,false,,,,,8065.460,8635.882,26.885,28.786
24122-202609281130,24122,OLENEK,6,2026092806,linear/zero/measured/nearest,G112/M171,hit,8658.328,8658.328,28.861,28.861,9431.585,9431.585,31.439,31.439
24122-202609281130,24122,OLENEK,6,2026092806,linear/zero/measured/bilinear,B927,hit,7154.508,7154.508,23.848,23.848,6898.368,6898.368,22.995,22.995
24122-202609281130,24122,OLENEK,6,2026092806,linear/zero/measured/bilinear,G112/M171,hit,8658.328,8658.328,28.861,28.861,8710.089,8710.089,29.034,29.034
24122-202609281130,24122,OLENEK,6,2026092806,linear/power/constant/nearest,B927,hit,7154.508,7154.508,23.848,23.848,7268.307,7268.307,24.228,24.228
24122-202609281130,24122,OLENEK,6,2026092806,linear/power/constant/nearest,W325,false,,,,,8145.216,9261.594,27.151,30.872
24122-202609281130,24122,OLENEK,6,2026092806,linear/power/constant/nearest,G112/M171,hit,8658.328,8658.328,28.861,28.861,9890.478,9890.478,32.968,32.968
24122-202609281130,24122,OLENEK,6,2026092806,linear/power/constant/bilinear,B927,hit,7154.508,7154.508,23.848,23.848,7163.283,7163.283,23.878,23.878
24122-202609281130,24122,OLENEK,6,2026092806,linear/power/constant/bilinear,W325,false,,,,,8158.574,8451.372,27.195,28.171
24122-202609281130,24122,OLENEK,6,2026092806,linear/power/constant/bilinear,G112/M171,hit,8658.328,8658.328,28.861,28.861,9183.756,9183.756,30.613,30.613
24122-202609281130,24122,OLENEK,6,2026092806,linear/power/measured/nearest,B927,hit,7154.508,7154.508,23.848,23.848,7268.305,7268.305,24.228,24.228
24122-202609281130,24122,OLENEK,6,2026092806,linear/power/measured/nearest,W325,false,,,,,8145.203,9261.627,27.151,30.872
24122-202609281130,24122,OLENEK,6,2026092806,linear/power/measured/nearest,G112/M171,hit,8658.328,8658.328,28.861,28.861,9890.506,9890.506,32.968,32.968
24122-202609281130,24122,OLENEK,6,2026092806,linear/power/measured/bilinear,B927,hit,7154.508,7154.508,23.848,23.848,7163.293,7163.293,23.878,23.878
24122-202609281130,24122,OLENEK,6,2026092806,linear/power/measured/bilinear,W325,false,,,,,8158.572,8451.414,27.195,28.171
24122-202609281130,24122,OLENEK,6,2026092806,linear/power/measured/bilinear,G112/M171,hit,8658.328,8658.328,28.861,28.861,9183.787,9183.787,30.613,30.613
24122-202609281130,24122,OLENEK,6,2026092806,linear/observed/constant/nearest,B927,hit,7154.508,7154.508,23.848,23.848,7095.479,7095.479,23.652,23.652
24122-202609281130,24122,OLENEK,6,2026092806,linear/observed/constant/nearest,W325,false,,,,,8107.620,8855.325,27.025,29.518
24122-202609281130,24122,OLENEK,6,2026092806,linear/observed/constant/nearest,G112/M171,hit,8658.328,8658.328,28.861,28.861,9579.802,9579.802,31.933,31.933
24122-202609281130,24122,OLENEK,6,2026092806,linear/observed/constant/bilinear,B927,hit,7154.508,7154.508,23.848,23.848,7000.965,7000.965,23.337,23.337
24122-202609281130,24122,OLENEK,6,2026092806,linear/observed/constant/bilinear,W325,false,,,,,8014.121,8014.121,26.714,26.714
24122-202609281130,24122,OLENEK,6,2026092806,linear/observed/constant/bilinear,G112/M171,hit,8658.328,8658.328,28.861,28.861,8880.561,8880.561,29.602,29.602
24122-202609281130,24122,OLENEK,6,2026092806,linear/observed/measured/nearest,B927,hit,7154.508,7154.508,23.848,23.848,7095.477,7095.477,23.652,23.652
24122-202609281130,24122,OLENEK,6,2026092806,linear/observed/measured/nearest,W325,false,,,,,8107.606,8855.366,27.025,29.518
24122-202609281130,24122,OLENEK,6,2026092806,linear/observed/measured/nearest,G112/M171,hit,8658.328,8658.328,28.861,28.861,9579.832,9579.832,31.933,31.933
24122-202609281130,24122,OLENEK,6,2026092806,linear/observed/measured/bilinear,B927,hit,7154.508,7154.508,23.848,23.848,7000.974,7000.974,23.337,23.337
24122-202609281130,24122,OLENEK,6,2026092806,linear/observed/measured/bilinear,W325,false,,,,,8014.172,8014.172,26.714,26.714
24122-202609281130,24122,OLENEK,6,2026092806,linear/observed/measured/bilinear,G112/M171,hit,8658.328,8658.328,28.861,28.861,8880.596,8880.596,29.602,29.602
24122-202609281130,24122,OLENEK,6,2026092806,spline/hold/constant/nearest,B927,hit,7154.508,7154.508,23.848,23.848,7352.179,7352.179,24.507,24.507
24122-202609281130,24122,OLENEK,6,2026092806,spline/hold/constant/nearest,W325,false,,,,,8172.180,9457.866,27.241,31.526
24122-202609281130,24122,OLENEK,6,2026092806,spline/hold/constant/nearest,G112/M171,hit,8658.328,8658.328,28.861,28.861,10046.831,10046.831,33.489,33.489
24122-202609281130,24122,OLENEK,6,2026092806,spline/hold/constant/bilinear,B927,hit,7154.508,7154.508,23.848,23.848,7247.577,7247.577,24.159,24.159
24122-202609281130,24122,OLENEK,6,2026092806,spline/hold/constant/bilinear,W325,false,,,,,8189.962,8668.079,27.300,28.894
24122-202609281130,24122,OLENEK,6,2026092806,spline/hold/constant/bilinear,G112/M171,hit,8658.328,8658.328,28.861,28.861,9346.930,9346.930,31.156,31.156
24122-202609281130,24122,OLENEK,6,2026092806,spline/hold/measured/nearest,B927,hit,7154.508,7154.508,23.848,23.848,7352.178,7352.178,24.507,24.507
24122-202609281130,24122,OLENEK,6,2026092806,spline/hold/measured/nearest,W325,false,,,,,8172.180,9457.865,27.241,31.526
24122-202609281130,24122,OLENEK,6,2026092806,spline/hold/measured/nearest,G112/M171,hit,8658.328,8658.328,28.861,28.861,10046.830,10046.830,33.489,33.489
24122-202609281130,24122,OLENEK,6,2026092806,spline/hold/measured/bilinear,B927,hit,7154.508,7154.508,23.848,23.848,7247.577,7247.577,24.159,24.159
24122-202609281130,24122,OLENEK,6,2026092806,spline/hold/measured/bilinear,W325,false,,,,,8189.963,8668.076,27.300,28.894
24122-202609281130,24122,OLENEK,6,2026092806,spline/hold/measured/bilinear,G112/M171,hit,8658.328,8658.328,28.861,28.861,9346.928,9346.928,31.156,31.156
24122-202609281130,24122,OLENEK,6,2026092806,spline/zero/constant/nearest,B927,hit,7154.508,7154.508,23.848,23.848,7111.707,7111.707,23.706,23.706
24122-202609281130,24122,OLENEK,6,2026092806,spline/zero/constant/nearest,W325,false,,,,,8123.756,8915.684,27.079,29.719
24122-202609281130,24122,OLENEK,6,2026092806,spline/zero/constant/nearest,G112/M171,hit,8658.328,8658.328,28.861,28.861,9617.791,9617.791,32.059,32.059
24122-202609281130,24122,OLENEK,6,2026092806,spline/zero/constant/bilinear,B927,hit,7154.508,7154.508,23.848,23.848,7024.437,7024.437,23.415,23.415
24122-202609281130,24122,OLENEK,6,2026092806,spline/zero/constant/bilinear,W325,false,,,,,8028.671,8028.671,26.762,26.762
24122-202609281130,24122,OLENEK,6,2026092806,spline/zero/constant/bilinear,G112/M171,hit,8658.328,8658.328,28.861,28.861,8910.887,8910.887,29.703,29.703
24122-202609281130,24122,OLENEK,6,2026092806,spline/zero/measured/nearest,B927,hit,7154.508,7154.508,23.848,23.848,7111.706,7111.706,23.706,23.706
24122-202609281130,24122,OLENEK,6,2026092806,spline/zero/measured/nearest,W325,false,,,,,8123.756,8915.682,27.079,29.719
24122-202609281130,24122,OLENEK,6,2026092806,spline/zero/measured/nearest,G112/M171,hit,8658.328,8658.328,28.861,28.861,9617.790,9617.790,32.059,32.059
24122-202609281130,24122,OLENEK,6,2026092806,spline/zero/measured/bilinear,B927,hit,7154.508,7154.508,23.848,23.848,7024.438,7024.438,23.415,23.415
24122-202609281130,24122,OLENEK,6,2026092806,spline/zero/measured/bilinear,W325,false,,,,,8028.667,8028.667,26.762,26.762
24122-202609281130,24122,OLENEK,6,2026092806,spline/zero/measured/bilinear,G112/M171,hit,8658.328,8658.328,28.861,28.861,8910.884,8910.884,29.703,29.703
24122-202609281130,24122,OLENEK,6,2026092806,spline/power/constant/nearest,B927,hit,7154.508,7154.508,23.848,23.848,7262.710,7262.710,24.209,24.209
24122-202609281130,24122,OLENEK,6,2026092806,spline/power/constant/nearest,W325,false,,,,,8146.190,9292.470,27.154,30.975
24122-202609281130,24122,OLENEK,6,2026092806,spline/power/constant/nearest,G112/M171,hit,8658.328,8658.328,28.861,28.861,9905.693,9905.693,33.019,33.019
24122-202609281130,24122,OLENEK,6,2026092806,spline/power/constant/bilinear,B927,hit,7154.508,7154.508,23.848,23.848,7163.274,7163.274,23.878,23.878
24122-202609281130,24122,OLENEK,6,2026092806,spline/power/constant/bilinear,W325,false,,,,,8159.476,8475.300,27.198,28.251
24122-202609281130,24122,OLENEK,6,2026092806,spline/power/constant/bilinear,G112/M171,hit,8658.328,8658.328,28.861,28.861,9210.143,9210.143,30.700,30.700
24122-202609281130,24122,OLENEK,6,2026092806,spline/power/measured/nearest,B927,hit,7154.508,7154.508,23.848,23.848,7262.709,7262.709,24.209,24.209
24122-202609281130,24122,OLENEK,6,2026092806,spline/power/measured/nearest,W325,false,,,,,8146.190,9292.468,27.154,30.975
24122-202609281130,24122,OLENEK,6,2026092806,spline/power/measured/nearest,G112/M171,hit,8658.328,8658.328,28.861,28.861,9905.692,9905.692,33.019,33.019
24122-202609281130,24122,OLENEK,6,2026092806,spline/power/measured/bilinear,B927,hit,7154.508,7154.508,23.848,23.848,7163.274,7163.274,23.878,23.878
24122-202609281130,24122,OLENEK,6,2026092806,spline/power/measured/bilinear,W325,false,,,,,8159.477,8475.297,27.198,28.251
24122-202609281130,24122,OLENEK,6,2026092806,spline/power/measured/bilinear,G112/M171,hit,8658.328,8658.328,28.861,28.861,9210.141,9210.141,30.700,30.700
24122-202609281130,24122,OLENEK,6,2026092806,spline/observed/constant/nearest,B927,hit,7154.508,7154.508,23.848,23.848,7196.087,7196.087,23.987,23.987
24122-202609281130,24122,OLENEK,6,2026092806,spline/observed/constant/nearest,W325,false,,,,,8157.443,9070.505,27.191,30.235
24122-202609281130,24122,OLENEK,6,2026092806,spline/observed/constant/nearest,G112/M171,hit,8658.328,8658.328,28.861,28.861,9730.757,9730.757,32.436,32.436
24122-202609281130,24122,OLENEK,6,2026092806,spline/observed/constant/bilinear,B927,hit,7154.508,7154.508,23.848,23.848,7105.107,7105.107,23.684,23.684
24122-202609281130,24122,OLENEK,6,2026092806,spline/observed/constant/bilinear,W325,false,,,,,8166.717,8223.040,27.222,27.410
24122-202609281130,24122,OLENEK,6,2026092806,spline/observed/constant/bilinear,G112/M171,hit,8658.328,8658.328,28.861,28.861,9039.985,9039.985,30.133,30.133
24122-202609281130,24122,OLENEK,6,2026092806,spline/observed/measured/nearest,B927,hit,7154.508,7154.508,23.848,23.848,7196.087,7196.087,23.987,23.987
24122-202609281130,24122,OLENEK,6,2026092806,spline/observed/measured/nearest,W325,false,,,,,8157.443,9070.504,27.191,30.235
24122-202609281130,24122,OLENEK,6,2026092806,spline/observed/measured/nearest,G112/M171,hit,8658.328,8658.328,28.861,28.861,9730.756,9730.756,32.436,32.436
24122-202609281130,24122,OLENEK,6,2026092806,spline/observed/measured/bilinear,B927,hit,7154.508,7154.508,23.848,23.848,7105.108,7105.108,23.684,23.684
24122-202609281130,24122,OLENEK,6,2026092806,spline/observed/measured/bilinear,W325,false,,,,,8166.718,8223.037,27.222,27.410
24122-202609281130,24122,OLENEK,6,2026092806,spline/observed/measured/bilinear,G112/M171,hit,8658.328,8658.328,28.861,28.861,9039.983,9039.983,30.133,30.133
24122-202609281130,24122,OLENEK,6,2026092806,pchip/hold/constant/nearest,B927,hit,7154.508,7154.508,23.848,23.848,7353.922,7353.922,24.513,24.513
24122-202609281130,24122,OLENEK,6,2026092806,pchip/hold/constant/nearest,W325,false,,,,,8175.915,9445.307,27.253,31.484
24122-202609281130,24122,OLENEK,6,2026092806,pchip/hold/constant/nearest,G112/M171,hit,8658.328,8658.328,28.861,28.861,10044.546,10044.546,33.482,33.482
24122-202609281130,24122,OLENEK,6,2026092806,pchip/hold/constant/bilinear,B927,hit,7154.508,7154.508,23.848,23.848,7246.464,7246.464,24.155,24.155
24122-202609281130,24122,OLENEK,6,2026092806,pchip/hold/constant/bilinear,W325,false,,,,,8192.382,8656.727,27.308,28.856
24122-202609281130,24122,OLENEK,6,2026092806,pchip/hold/constant/bilinear,G112/M171,hit,8658.328,8658.328,28.861,28.861,9336.769,9336.769,31.123,31.123
24122-202609281130,24122,OLENEK,6,2026092806,pchip/hold/measured/nearest,B927,hit,7154.508,7154.508,23.848,23.848,7353.921,7353.921,24.513,24.513
24122-202609281130,24122,OLENEK,6,2026092806,pchip/hold/measured/nearest,W325,false,,,,,8175.915,9445.306,27.253,31.484
24122-202609281130,24122,OLENEK,6,2026092806,pchip/hold/measured/nearest,G112/M171,hit,8658.328,8658.328,28.861,28.861,10044.544,10044.544,33.482,33.482
24122-202609281130,24122,OLENEK,6,2026092806,pchip/hold/measured/bilinear,B927,hit,7154.508,7154.508,23.848,23.848,7246.464,7246.464,24.155,24.155
24122-202609281130,24122,OLENEK,6,2026092806,pchip/hold/measured/bilinear,W325,false,,,,,8192.382,8656.724,27.308,28.856
24122-202609281130,24122,OLENEK,6,2026092806,pchip/hold/measured/bilinear,G112/M171,hit,8658.328,8658.328,28.861,28.861,9336.767,9336.767,31.123,31.123
24122-202609281130,24122,OLENEK,6,2026092806,pchip/zero/constant/nearest,B927,hit,7154.508,7154.508,23.848,23.848,7133.210,7133.210,23.777,23.777
24122-202609281130,24122,OLENEK,6,2026092806,pchip/zero/constant/nearest,W325,false,,,,,8128.766,8960.388,27.096,29.868
24122-202609281130,24122,OLENEK,6,2026092806,pchip/zero/constant/nearest,G112/M171,hit,8658.328,8658.328,28.861,28.861,9646.640,9646.640,32.155,32.155
24122-202609281130,24122,OLENEK,6,2026092806,pchip/zero/constant/bilinear,B927,hit,7154.508,7154.508,23.848,23.848,7041.248,7041.248,23.471,23.471
24122-202609281130,24122,OLENEK,6,2026092806,pchip/zero/constant/bilinear,W325,false,,,,,8071.741,8071.741,26.906,26.906
24122-202609281130,24122,OLENEK,6,2026092806,pchip/zero/constant/bilinear,G112/M171,hit,8658.328,8658.328,28.861,28.861,8945.602,8945.602,29.819,29.819
24122-202609281130,24122,OLENEK,6,2026092806,pchip/zero/measured/nearest,B927,hit,7154.508,7154.508,23.848,23.848,7133.209,7133.209,23.777,23.777
24122-202609281130,24122,OLENEK,6,2026092806,pchip/zero/measured/nearest,W325,false,,,,,8128.766,8960.386,27.096,29.868
24122-202609281130,24122,OLENEK,6,2026092806,pchip/zero/measured/nearest,G112/M171,hit,8658.328,8658.328,28.861,28.861,9646.639,9646.639,32.155,32.155
24122-202609281130,24122,OLENEK,6,2026092806,pchip/zero/measured/bilinear,B927,hit,7154.508,7154.508,23.848,23.848,7041.248,7041.248,23.471,23.471
24122-202609281130,24122,OLENEK,6,2026092806,pchip/zero/measured/bilinear,W325,false,,,,,8071.737,8071.737,26.906,26.906
24122-202609281130,24122,OLENEK,6,2026092806,pchip/zero/measured/bilinear,G112/M171,hit,8658.328,8658.328,28.861,28.861,8945.599,8945.599,29.819,29.819
24122-202609281130,24122,OLENEK,6,2026092806,pchip/power/constant/nearest,B927,hit,7154.508,7154.508,23.848,23.848,7264.733,7264.733,24.216,24.216
24122-202609281130,24122,OLENEK,6,2026092806,pchip/power/constant/nearest,W325,false,,,,,8150.021,9280.902,27.167,30.936
24122-202609281130,24122,OLENEK,6,2026092806,pchip/power/constant/nearest,G112/M171,hit,8658.328,8658.328,28.861,28.861,9899.062,9899.062,32.997,32.997
24122-202609281130,24122,OLENEK,6,2026092806,pchip/power/constant/bilinear,B927,hit,7154.508,7154.508,23.848,23.848,7162.162,7162.162,23.874,23.874
24122-202609281130,24122,OLENEK,6,2026092806,pchip/power/constant/bilinear,W325,false,,,,,8161.960,8460.305,27.207,28.201
24122-202609281130,24122,OLENEK,6,2026092806,pchip/power/constant/bilinear,G112/M171,hit,8658.328,8658.328,28.861,28.861,9200.837,9200.837,30.669,30.669
24122-202609281130,24122,OLENEK,6,2026092806,pchip/power/measured/nearest,B927,hit,7154.508,7154.508,23.848,23.848,7264.732,7264.732,24.216,24.216
24122-202609281130,24122,OLENEK,6,2026092806,pchip/power/measured/nearest,W325,false,,,,,8150.020,9280.900,27.167,30.936
24122-202609281130,24122,OLENEK,6,2026092806,pchip/power/measured/nearest,G112/M171,hit,8658.328,8658.328,28.861,28.861,9899.061,9899.061,32.997,32.997
24122-202609281130,24122,OLENEK,6,2026092806,pchip/power/measured/bilinear,B927,hit,7154.508,7154.508,23.848,23.848,7162.162,7162.162,23.874,23.874
24122-202609281130,24122,OLENEK,6,2026092806,pchip/power/measured/bilinear,W325,false,,,,,8161.961,8460.301,27.207,28.201
24122-202609281130,24122,OLENEK,6,2026092806,pchip/power/measured/bilinear,G112/M171,hit,8658.328,8658.328,28.861,28.861,9200.834,9200.834,30.669,30.669
24122-202609281130,24122,OLENEK,6,2026092806,pchip/observed/constant/nearest,B927,hit,7154.508,7154.508,23.848,23.848,7209.035,7209.035,24.030,24.030
24122-202609281130,24122,OLENEK,6,2026092806,pchip/observed/constant/nearest,W325,false,,,,,8159.055,9097.070,27.197,30.324
24122-202609281130,24122,OLENEK,6,2026092806,pchip/observed/constant/nearest,G112/M171,hit,8658.328,8658.328,28.861,28.861,9749.354,9749.354,32.498,32.498
24122-202609281130,24122,OLENEK,6,2026092806,pchip/observed/constant/bilinear,B927,hit,7154.508,7154.508,23.848,23.848,7113.729,7113.729,23.712,23.712
24122-202609281130,24122,OLENEK,6,2026092806,pchip/observed/constant/bilinear,W325,false,,,,,8167.581,8246.994,27.225,27.490
24122-202609281130,24122,OLENEK,6,2026092806,pchip/observed/constant/bilinear,G112/M171,hit,8658.328,8658.328,28.861,28.861,9060.357,9060.357,30.201,30.201
24122-202609281130,24122,OLENEK,6,2026092806,pchip/observed/measured/nearest,B927,hit,7154.508,7154.508,23.848,23.848,7209.034,7209.034,24.030,24.030
24122-202609281130,24122,OLENEK,6,2026092806,pchip/observed/measured/nearest,W325,false,,,,,8159.055,9097.068,27.197,30.324
24122-202609281130,24122,OLENEK,6,2026092806,pchip/observed/measured/nearest,G112/M171,hit,8658.328,8658.328,28.861,28.861,9749.353,9749.353,32.498,32.498
24122-202609281130,24122,OLENEK,6,2026092806,pchip/observed/measured/bilinear,B927,hit,7154.508,7154.508,23.848,23.848,7113.729,7113.729,23.712,23.712
24122-202609281130,24122,OLENEK,6,2026092806,pchip/observed/measured/bilinear,W325,false,,,,,8167.582,8246.990,27.225,27.490
24122-202609281130,24122,OLENEK,6,2026092806,pchip/observed/measured/bilinear,G112/M171,hit,8658.328,8658.328,28.861,28.861,9060.354,9060.354,30.201,30.201
24122-202609281130,24122,OLENEK,6,2026092806,poly3/hold/constant/nearest,B927,hit,7154.508,7154.508,23.848,23.848,7350.334,7350.334,24.501,24.501
24122-202609281130,24122,OLENEK,6,2026092806,poly3/hold/constant/nearest,W325,false,,,,,8174.111,9439.224,27.247,31.464
24122-202609281130,24122,OLENEK,6,2026092806,poly3/hold/constant/nearest,G112/M171,hit,8658.328,8658.328,28.861,28.861,10032.304,10032.304,33.441,33.441
24122-202609281130,24122,OLENEK,6,2026092806,poly3/hold/constant/bilinear,B927,hit,7154.508,7154.508,23.848,23.848,7241.972,7241.972,24.140,24.140
24122-202609281130,24122,OLENEK,6,2026092806,poly3/hold/constant/bilinear,W325,false,,,,,8188.482,8651.038,27.295,28.837
24122-202609281130,24122,OLENEK,6,2026092806,poly3/hold/constant/bilinear,G112/M171,hit,8658.328,8658.328,28.861,28.861,9332.298,9332.298,31.108,31.108
24122-202609281130,24122,OLENEK,6,2026092806,poly3/hold/measured/nearest,B927,hit,7154.508,7154.508,23.848,23.848,7350.330,7350.330,24.501,24.501
24122-202609281130,24122,OLENEK,6,2026092806,poly3/hold/measured/nearest,W325,false,,,,,8174.102,9439.237,27.247,31.464
24122-202609281130,24122,OLENEK,6,2026092806,poly3/hold/measured/nearest,G112/M171,hit,8658.328,8658.328,28.861,28.861,10032.316,10032.316,33.441,33.441
24122-202609281130,24122,OLENEK,6,2026092806,poly3/hold/measured/bilinear,B927,hit,7154.508,7154.508,23.848,23.848,7241.973,7241.973,24.140,24.140
24122-202609281130,24122,OLENEK,6,2026092806,poly3/hold/measured/bilinear,W325,false,,,,,8188.479,8651.053,27.295,28.837
24122-202609281130,24122,OLENEK,6,2026092806,poly3/hold/measured/bilinear,G112/M171,hit,8658.328,8658.328,28.861,28.861,9332.308,9332.308,31.108,31.108
24122-202609281130,24122,OLENEK,6,2026092806,poly3/zero/constant/nearest,B927,hit,7154.508,7154.508,23.848,23.848,7216.644,7216.644,24.055,24.055
24122-202609281130,24122,OLENEK,6,2026092806,poly3/zero/constant/nearest,W325,false,,,,,8176.862,9062.363,27.256,30.208
24122-202609281130,24122,OLENEK,6,2026092806,poly3/zero/constant/nearest,G112/M171,hit,8658.328,8658.328,28.861,28.861,9724.420,9724.420,32.415,32.415
24122-202609281130,24122,OLENEK,6,2026092806,poly3/zero/constant/bilinear,B927,hit,7154.508,7154.508,23.848,23.848,7125.075,7125.075,23.750,23.750
24122-202609281130,24122,OLENEK,6,2026092806,poly3/zero/constant/bilinear,W325,false,,,,,8192.937,8202.406,27.310,27.341
24122-202609281130,24122,OLENEK,6,2026092806,poly3/zero/constant/bilinear,G112/M171,hit,8658.328,8658.328,28.861,28.861,9020.060,9020.060,30.067,30.067
24122-202609281130,24122,OLENEK,6,2026092806,poly3/zero/measured/nearest,B927,hit,7154.508,7154.508,23.848,23.848,7216.640,7216.640,24.055,24.055
24122-202609281130,24122,OLENEK,6,2026092806,poly3/zero/measured/nearest,W325,false,,,,,8176.854,9062.378,27.256,30.208
24122-202609281130,24122,OLENEK,6,2026092806,poly3/zero/measured/nearest,G112/M171,hit,8658.328,8658.328,28.861,28.861,9724.431,9724.431,32.415,32.415
24122-202609281130,24122,OLENEK,6,2026092806,poly3/zero/measured/bilinear,B927,hit,7154.508,7154.508,23.848,23.848,7125.076,7125.076,23.750,23.750
24122-202609281130,24122,OLENEK,6,2026092806,poly3/zero/measured/bilinear,W325,false,,,,,8192.934,8202.424,27.310,27.341
24122-202609281130,24122,OLENEK,6,2026092806,poly3/zero/measured/bilinear,G112/M171,hit,8658.328,8658.328,28.861,28.861,9020.072,9020.072,30.067,30.067
24122-202609281130,24122,OLENEK,6,2026092806,poly3/power/constant/nearest,B927,hit,7154.508,7154.508,23.848,23.848,7260.680,7260.680,24.202,24.202
24122-202609281130,24122,OLENEK,6,2026092806,poly3/power/constant/nearest,W325,false,,,,,8148.188,9272.632,27.161,30.909
24122-202609281130,24122,OLENEK,6,2026092806,poly3/power/constant/nearest,G112/M171,hit,8658.328,8658.328,28.861,28.861,9890.088,9890.088,32.967,32.967
24122-202609281130,24122,OLENEK,6,2026092806,poly3/power/constant/bilinear,B927,hit,7154.508,7154.508,23.848,23.848,7157.593,7157.593,23.859,23.859
24122-202609281130,24122,OLENEK,6,2026092806,poly3/power/constant/bilinear,W325,false,,,,,8158.039,8459.340,27.193,28.198
24122-202609281130,24122,OLENEK,6,2026092806,poly3/power/constant/bilinear,G112/M171,hit,8658.328,8658.328,28.861,28.861,9195.136,9195.136,30.650,30.650
24122-202609281130,24122,OLENEK,6,2026092806,poly3/power/measured/nearest,B927,hit,7154.508,7154.508,23.848,23.848,7260.677,7260.677,24.202,24.202
24122-202609281130,24122,OLENEK,6,2026092806,poly3/power/measured/nearest,W325,false,,,,,8148.179,9272.646,27.161,30.909
24122-202609281130,24122,OLENEK,6,2026092806,poly3/power/measured/nearest,G112/M171,hit,8658.328,8658.328,28.861,28.861,9890.099,9890.099,32.967,32.967
24122-202609281130,24122,OLENEK,6,2026092806,poly3/power/measured/bilinear,B927,hit,7154.508,7154.508,23.848,23.848,7157.595,7157.595,23.859,23.859
24122-202609281130,24122,OLENEK,6,2026092806,poly3/power/measured/bilinear,W325,false,,,,,8158.036,8459.356,27.193,28.198
24122-202609281130,24122,OLENEK,6,2026092806,poly3/power/measured/bilinear,G112/M171,hit,8658.328,8658.328,28.861,28.861,9195.147,9195.147,30.650,30.650
24122-202609281130,24122,OLENEK,6,2026092806,poly3/observed/constant/nearest,B927,hit,7154.508,7154.508,23.848,23.848,7284.421,7284.421,24.281,24.281
24122-202609281130,24122,OLENEK,6,2026092806,poly3/observed/constant/nearest,W325,false,,,,,8204.007,9179.419,27.347,30.598
24122-202609281130,24122,OLENEK,6,2026092806,poly3/observed/constant/nearest,G112/M171,hit,8658.328,8658.328,28.861,28.861,9815.061,9815.061,32.717,32.717
24122-202609281130,24122,OLENEK,6,2026092806,poly3/observed/constant/bilinear,B927,hit,7154.508,7154.508,23.848,23.848,7189.737,7189.737,23.966,23.966
24122-202609281130,24122,OLENEK,6,2026092806,poly3/observed/constant/bilinear,W325,false,,,,,8220.347,8351.172,27.401,27.837
24122-202609281130,24122,OLENEK,6,2026092806,poly3/observed/constant/bilinear,G112/M171,hit,8658.328,8658.328,28.861,28.861,9121.117,9121.117,30.404,30.404
24122-202609281130,24122,OLENEK,6,2026092806,poly3/observed/measured/nearest,B927,hit,7154.508,7154.508,23.848,23.848,7284.417,7284.417,24.281,24.281
24122-202609281130,24122,OLENEK,6,2026092806,poly3/observed/measured/nearest,W325,false,,,,,8203.999,9179.433,27.347,30.598
24122-202609281130,24122,OLENEK,6,2026092806,poly3/observed/measured/nearest,G112/M171,hit,8658.328,8658.328,28.861,28.861,9815.073,9815.073,32.717,32.717
24122-202609281130,24122,OLENEK,6,2026092806,poly3/observed/measured/bilinear,B927,hit,7154.508,7154.508,23.848,23.848,7189.739,7189.739,23.966,23.966
24122-202609281130,24122,OLENEK,6,2026092806,poly3/observed/measured/bilinear,W325,false,,,,,8220.344,8351.189,27.401,27.837
24122-202609281130,24122,OLENEK,6,2026092806,poly3/observed/measured/bilinear,G112/M171,hit,8658.328,8658.328,28.861,28.861,9121.129,9121.129,30.404,30.404
32540-202609281130,32540,PTRPVKMCH,6,2026092806,step/hold/constant/nearest,Б244,miss,377.922,2946.385,1.260,9.821,,,,
32540-202609281130,32540,PTRPVKMCH,6,2026092806,step/hold/constant/nearest,Г101,hit,3233.721,11770.795,10.779,39.236,1137.745,12430.358,3.792,41.435
32540-202609281130,32540,PTRPVKMCH,6,2026092806,step/hold/constant/bilinear,Б244,miss,377.922,2946.385,1.260,9.821,,,,
32540-202609281130,32540,PTRPVKMCH,6,2026092806,step/hold/constant/bilinear,Г101,hit,3233.721,11770.795,10.779,39.236,2443.958,13435.819,8.147,44.786
32540-202609281130,32540,PTRPVKMCH,6,2026092806,step/hold/measured/nearest,Б244,miss,377.922,2946.385,1.260,9.821,,,,
32540-202609281130,32540,PTRPVKMCH,6,2026092806,step/hold/measured/nearest,Г101,hit,3233.721,11770.795,10.779,39.236,1137.745,12430.830,3.792,41.436
32540-202609281130,32540,PTRPVKMCH,6,2026092806,step/hold/measured/bilinear,Б244,miss,377.922,2946.385,1.260,9.821,,,,
32540-202609281130,32540,PTRPVKMCH,6,2026092806,step/hold/measured/bilinear,Г101,hit,3233.721,11770.795,10.779,39.236,2443.958,13431.376,8.147,44.771
32540-202609281130,32540,PTRPVKMCH,6,2026092806,step/zero/constant/nearest,Б244,miss,377.922,2946.385,1.260,9.821,,,,
32540-202609281130,32540,PTRPVKMCH,6,2026092806,step/zero/constant/nearest,Г101,hit,3233.721,11770.795,10.779,39.236,1887.745,12494.420,6.292,41.648
32540-202609281130,32540,PTRPVKMCH,6,2026092806,step/zero/constant/bilinear,Б244,miss,377.922,2946.385,1.260,9.821,,,,
32540-202609281130,32540,PTRPVKMCH,6,2026092806,step/zero/constant/bilinear,Г101,hit,3233.721,11770.795,10.779,39.236,2415.140,13729.010,8.050,45.763
32540-202609281130,32540,PTRPVKMCH,6,2026092806,step/zero/measured/nearest,Б244,miss,377.922,2946.385,1.260,9.821,,,,
32540-202609281130,32540,PTRPVKMCH,6,2026092806,step/zero/measured/nearest,Г101,hit,3233.721,11770.795,10.779,39.236,1887.745,12494.892,6.292,41.650
32540-202609281130,32540,PTRPVKMCH,6,2026092806,step/zero/measured/bilinear,Б244,miss,377.922,2946.385,1.260,9.821,,,,
32540-202609281130,32540,PTRPVKMCH,6,2026092806,step/zero/measured/bilinear,Г101,hit,3233.721,11770.795,10.779,39.236,2415.140,13724.569,8.050,45.749
32540-202609281130,32540,PTRPVKMCH,6,2026092806,step/power/constant/nearest,Б244,miss,377.922,2946.385,1.260,9.821,,,,
32540-202609281130,32540,PTRPVKMCH,6,2026092806,step/power/constant/nearest,Г101,hit,3233.721,11770.795,10.779,39.236,1322.549,12432.466,4.408,41.442
32540-202609281130,32540,PTRPVKMCH,6,2026092806,step/power/constant/bilinear,Б244,miss,377.922,2946.385,1.260,9.821,,,,
32540-202609281130,32540,PTRPVKMCH,6,2026092806,step/power/constant/bilinear,Г101,hit,3233.721,11770.795,10.779,39.236,2436.805,13508.744,8.123,45.029
32540-202609281130,32540,PTRPVKMCH,6,2026092806,step/power/measured/nearest,Б244,miss,377.922,2946.385,1.260,9.821,,,,
32540-202609281130,32540,PTRPVKMCH,6,2026092806,step/power/measured/nearest,Г101,hit,3233.721,11770.795,10.779,39.236,1322.549,12432.937,4.408,41.443
32540-202609281130,32540,PTRPVKMCH,6,2026092806,step/power/measured/bilinear,Б244,miss,377.922,2946.385,1.260,9.821,,,,
32540-202609281130,32540,PTRPVKMCH,6,2026092806,step/power/measured/bilinear,Г101,hit,3233.721,11770.795,10.779,39.236,2436.805,13504.304,8.123,45.014
32540-202609281130,32540,PTRPVKMCH,6,2026092806,step/observed/constant/nearest,Б244,miss,377.922,2946.385,1.260,9.821,,,,
32540-202609281130,32540,PTRPVKMCH,6,2026092806,step/observed/constant/nearest,Г101,hit,3233.721,11770.795,10.779,39.236,2078.063,12411.866,6.927,41.373
32540-202609281130,32540,PTRPVKMCH,6,2026092806,step/observed/constant/bilinear,Б244,hit,377.922,2946.385,1.260,9.821,1752.967,1975.991,5.843,6.587
32540-202609281130,32540,PTRPVKMCH,6,2026092806,step/observed/constant/bilinear,Г101,hit,3233.721,11770.795,10.779,39.236,2580.324,13579.426,8.601,45.265
32540-202609281130,32540,PTRPVKMCH,6,2026092806,step/observed/measured/nearest,Б244,miss,377.922,2946.385,1.260,9.821,,,,
32540-202609281130,32540,PTRPVKMCH,6,2026092806,step/observed/measured/nearest,Г101,hit,3233.721,11770.795,10.779,39.236,2078.063,12412.336,6.927,41.374
32540-202609281130,32540,PTRPVKMCH,6,2026092806,step/observed/measured/bilinear,Б244,hit,377.922,2946.385,1.260,9.821,1752.967,1975.991,5.843,6.587
32540-202609281130,32540,PTRPVKMCH,6,2026092806,step/observed/measured/bilinear,Г101,hit,3233.721,11770.795,10.779,39.236,2580.324,13574.987,8.601,45.250
32540-202609281130,32540,PTRPVKMCH,6,2026092806,linear/hold/constant/nearest,Б244,miss,377.922,2946.385,1.260,9.821,,,,
32540-202609281130,32540,PTRPVKMCH,6,2026092806,linear/hold/constant/nearest,Г101,hit,3233.721,11770.795,10.779,39.236,1137.745,12432.524,3.792,41.442
32540-202609281130,32540,PTRPVKMCH,6,2026092806,linear/hold/constant/bilinear,Б244,miss,377.922,2946.385,1.260,9.821,,,,
32540-202609281130,32540,PTRPVKMCH,6,2026092806,linear/hold/constant/bilinear,Г101,hit,3233.721,11770.795,10.779,39.236,2443.557,13437.492,8.145,44.792
32540-202609281130,32540,PTRPVKMCH,6,2026092806,linear/hold/measured/nearest,Б244,miss,377.922,2946.385,1.260,9.821,,,,
32540-202609281130,32540,PTRPVKMCH,6,2026092806,linear/hold/measured/nearest,Г101,hit,3233.721,11770.795,10.779,39.236,1137.745,12432.572,3.792,41.442
32540-202609281130,32540,PTRPVKMCH,6,2026092806,linear/hold/measured/bilinear,Б244,miss,377.922,2946.385,1.260,9.821,,,,
32540-202609281130,32540,PTRPVKMCH,6,2026092806,linear/hold/measured/bilinear,Г101,hit,3233.721,11770.795,10.779,39.236,2443.557,13437.489,8.145,44.792
32540-202609281130,32540,PTRPVKMCH,6,2026092806,linear/zero/constant/nearest,Б244,miss,377.922,2946.385,1.260,9.821,,,,
32540-202609281130,32540,PTRPVKMCH,6,2026092806,linear/zero/constant/nearest,Г101,hit,3233.721,11770.795,10.779,39.236,1791.437,12497.464,5.971,41.658
32540-202609281130,32540,PTRPVKMCH,6,2026092806,linear/zero/constant/bilinear,Б244,miss,377.922,2946.385,1.260,9.821,,,,
32540-202609281130,32540,PTRPVKMCH,6,2026092806,linear/zero/constant/bilinear,Г101,hit,3233.721,11770.795,10.779,39.236,2415.073,13734.916,8.050,45.783
32540-202609281130,32540,PTRPVKMCH,6,2026092806,linear/zero/measured/nearest,Б244,miss,377.922,2946.385,1.260,9.821,,,,
32540-202609281130,32540,PTRPVKMCH,6,2026092806,linear/zero/measured/nearest,Г101,hit,3233.721,11770.795,10.779,39.236,1791.437,12497.513,5.971,41.658
32540-202609281130,32540,PTRPVKMCH,6,2026092806,linear/zero/measured/bilinear,Б244,miss,377.922,2946.385,1.260,9.821,,,,
32540-202609281130,32540,PTRPVKMCH,6,2026092806,linear/zero/measured/bilinear,Г101,hit,3233.721,11770.795,10.779,39.236,2415.073,13734.913,8.050,45.783
32540-202609281130,32540,PTRPVKMCH,6,2026092806,linear/power/constant/nearest,Б244,miss,377.922,2946.385,1.260,9.821,,,,
32540-202609281130,32540,PTRPVKMCH,6,2026092806,linear/power/constant/nearest,Г101,hit,3233.721,11770.795,10.779,39.236,1322.549,12434.695,4.408,41.449
32540-202609281130,32540,PTRPVKMCH,6,2026092806,linear/power/constant/bilinear,Б244,miss,377.922,2946.385,1.260,9.821,,,,
32540-202609281130,32540,PTRPVKMCH,6,2026092806,linear/power/constant/bilinear,Г101,hit,3233.721,11770.795,10.779,39.236,2436.487,13509.361,8.122,45.031
32540-202609281130,32540,PTRPVKMCH,6,2026092806,linear/power/measured/nearest,Б244,miss,377.922,2946.385,1.260,9.821,,,,
32540-202609281130,32540,PTRPVKMCH,6,2026092806,linear/power/measured/nearest,Г101,hit,3233.721,11770.795,10.779,39.236,1322.549,12434.744,4.408,41.449
32540-202609281130,32540,PTRPVKMCH,6,2026092806,linear/power/measured/bilinear,Б244,miss,377.922,2946.385,1.260,9.821,,,,
32540-202609281130,32540,PTRPVKMCH,6,2026092806,linear/power/measured/bilinear,Г101,hit,3233.721,11770.795,10.779,39.236,2436.487,13509.358,8.122,45.031
32540-202609281130,32540,PTRPVKMCH,6,2026092806,linear/observed/constant/nearest,Б244,miss,377.922,2946.385,1.260,9.821,,,,
32540-202609281130,32540,PTRPVKMCH,6,2026092806,linear/observed/constant/nearest,Г101,hit,3233.721,11770.795,10.779,39.236,2025.650,12411.792,6.752,41.373
32540-202609281130,32540,PTRPVKMCH,6,2026092806,linear/observed/constant/bilinear,Б244,miss,377.922,2946.385,1.260,9.821,,,,
32540-202609281130,32540,PTRPVKMCH,6,2026092806,linear/observed/constant/bilinear,Г101,hit,3233.721,11770.795,10.779,39.236,2573.363,13580.561,8.578,45.269
32540-202609281130,32540,PTRPVKMCH,6,2026092806,linear/observed/measured/nearest,Б244,miss,377.922,2946.385,1.260,9.821,,,,
32540-202609281130,32540,PTRPVKMCH,6,2026092806,linear/observed/measured/nearest,Г101,hit,3233.721,11770.795,10.779,39.236,2025.650,12411.840,6.752,41.373
32540-202609281130,32540,PTRPVKMCH,6,2026092806,linear/observed/measured/bilinear,Б244,miss,377.922,2946.385,1.260,9.821,,,,
32540-202609281130,32540,PTRPVKMCH,6,2026092806,linear/observed/measured/bilinear,Г101,hit,3233.721,11770.795,10.779,39.236,2573.363,13580.558,8.578,45.269
32540-202609281130,32540,PTRPVKMCH,6,2026092806,spline/hold/constant/nearest,Б244,miss,377.922,2946.385,1.260,9.821,,,,
32540-202609281130,32540,PTRPVKMCH,6,2026092806,spline/hold/constant/nearest,Г101,hit,3233.721,11770.795,10.779,39.236,1137.745,12432.727,3.792,41.442
32540-202609281130,32540,PTRPVKMCH,6,2026092806,spline/hold/constant/bilinear,Б244,miss,377.922,2946.385,1.260,9.821,,,,
32540-202609281130,32540,PTRPVKMCH,6,2026092806,spline/hold/constant/bilinear,Г101,hit,3233.721,11770.795,10.779,39.236,2404.455,13617.099,8.015,45.390
32540-202609281130,32540,PTRPVKMCH,6,2026092806,spline/hold/measured/nearest,Б244,miss,377.922,2946.385,1.260,9.821,,,,
32540-202609281130,32540,PTRPVKMCH,6,2026092806,spline/hold/measured/nearest,Г101,hit,3233.721,11770.795,10.779,39.236,1137.745,12432.726,3.792,41.442
32540-202609281130,32540,PTRPVKMCH,6,2026092806,spline/hold/measured/bilinear,Б244,miss,377.922,2946.385,1.260,9.821,,,,
32540-202609281130,32540,PTRPVKMCH,6,2026092806,spline/hold/measured/bilinear,Г101,hit,3233.721,11770.795,10.779,39.236,2404.455,13617.090,8.015,45.390
32540-202609281130,32540,PTRPVKMCH,6,2026092806,spline/zero/constant/nearest,Б244,miss,377.922,2946.385,1.260,9.821,,,,
32540-202609281130,32540,PTRPVKMCH,6,2026092806,spline/zero/constant/nearest,Г101,hit,3233.721,11770.795,10.779,39.236,1994.357,12402.938,6.648,41.343
32540-202609281130,32540,PTRPVKMCH,6,2026092806,spline/zero/constant/bilinear,Б244,hit,377.922,2946.385,1.260,9.821,1182.808,1986.746,3.943,6.622
32540-202609281130,32540,PTRPVKMCH,6,2026092806,spline/zero/constant/bilinear,Г101,hit,3233.721,11770.795,10.779,39.236,2647.471,13587.681,8.825,45.292
32540-202609281130,32540,PTRPVKMCH,6,2026092806,spline/zero/measured/nearest,Б244,miss,377.922,2946.385,1.260,9.821,,,,
32540-202609281130,32540,PTRPVKMCH,6,2026092806,spline/zero/measured/nearest,Г101,hit,3233.721,11770.795,10.779,39.236,1994.357,12402.937,6.648,41.343
32540-202609281130,32540,PTRPVKMCH,6,2026092806,spline/zero/measured/bilinear,Б244,hit,377.922,2946.385,1.260,9.821,1182.808,1986.746,3.943,6.622
32540-202609281130,32540,PTRPVKMCH,6,2026092806,spline/zero/measured/bilinear,Г101,hit,3233.721,11770.795,10.779,39.236,2647.471,13587.672,8.825,45.292
32540-202609281130,32540,PTRPVKMCH,6,2026092806,spline/power/constant/nearest,Б244,miss,377.922,2946.385,1.260,9.821,,,,
32540-202609281130,32540,PTRPVKMCH,6,2026092806,spline/power/constant/nearest,Г101,hit,3233.721,11770.795,10.779,39.236,1322.549,12435.074,4.408,41.450
32540-202609281130,32540,PTRPVKMCH,6,2026092806,spline/power/constant/bilinear,Б244,miss,377.922,2946.385,1.260,9.821,,,,
32540-202609281130,32540,PTRPVKMCH,6,2026092806,spline/power/constant/bilinear,Г101,hit,3233.721,11770.795,10.779,39.236,2397.304,13691.200,7.991,45.637
32540-202609281130,32540,PTRPVKMCH,6,2026092806,spline/power/measured/nearest,Б244,miss,377.922,2946.385,1.260,9.821,,,,
32540-202609281130,32540,PTRPVKMCH,6,2026092806,spline/power/measured/nearest,Г101,hit,3233.721,11770.795,10.779,39.236,1322.549,12435.073,4.408,41.450
32540-202609281130,32540,PTRPVKMCH,6,2026092806,spline/power/measured/bilinear,Б244,miss,377.922,2946.385,1.260,9.821,,,,
32540-202609281130,32540,PTRPVKMCH,6,2026092806,spline/power/measured/bilinear,Г101,hit,3233.721,11770.795,10.779,39.236,2397.304,13691.190,7.991,45.637
32540-202609281130,32540,PTRPVKMCH,6,2026092806,spline/observed/constant/nearest,Б244,miss,377.922,2946.385,1.260,9.821,,,,
32540-202609281130,32540,PTRPVKMCH,6,2026092806,spline/observed/constant/nearest,Г101,hit,3233.721,11770.795,10.779,39.236,2147.194,12332.134,7.157,41.107
32540-202609281130,32540,PTRPVKMCH,6,2026092806,spline/observed/constant/bilinear,Б244,hit,377.922,2946.385,1.260,9.821,830.694,2214.618,2.769,7.382
32540-202609281130,32540,PTRPVKMCH,6,2026092806,spline/observed/constant/bilinear,Г101,hit,3233.721,11770.795,10.779,39.236,2759.985,13466.150,9.200,44.887
32540-202609281130,32540,PTRPVKMCH,6,2026092806,spline/observed/measured/nearest,Б244,miss,377.922,2946.385,1.260,9.821,,,,
32540-202609281130,32540,PTRPVKMCH,6,2026092806,spline/observed/measured/nearest,Г101,hit,3233.721,11770.795,10.779,39.236,2147.194,12332.133,7.157,41.107
32540-202609281130,32540,PTRPVKMCH,6,2026092806,spline/observed/measured/bilinear,Б244,hit,377.922,2946.385,1.260,9.821,830.694,2214.618,2.769,7.382
32540-202609281130,32540,PTRPVKMCH,6,2026092806,spline/observed/measured/bilinear,Г101,hit,3233.721,11770.795,10.779,39.236,2759.985,13466.141,9.200,44.887
32540-202609281130,32540,PTRPVKMCH,6,2026092806,pchip/hold/constant/nearest,Б244,miss,377.922,2946.385,1.260,9.821,,,,
32540-202609281130,32540,PTRPVKMCH,6,2026092806,pchip/hold/constant/nearest,Г101,hit,3233.721,11770.795,10.779,39.236,1137.745,12479.422,3.792,41.598
32540-202609281130,32540,PTRPVKMCH,6,2026092806,pchip/hold/constant/bilinear,Б244,miss,377.922,2946.385,1.260,9.821,,,,
32540-202609281130,32540,PTRPVKMCH,6,2026092806,pchip/hold/constant/bilinear,Г101,hit,3233.721,11770.795,10.779,39.236,2371.702,13602.579,7.906,45.342
32540-202609281130,32540,PTRPVKMCH,6,2026092806,pchip/hold/measured/nearest,Б244,miss,377.922,2946.385,1.260,9.821,,,,
32540-202609281130,32540,PTRPVKMCH,6,2026092806,pchip/hold/measured/nearest,Г101,hit,3233.721,11770.795,10.779,39.236,1137.745,12479.421,3.792,41.598
32540-202609281130,32540,PTRPVKMCH,6,2026092806,pchip/hold/measured/bilinear,Б244,miss,377.922,2946.385,1.260,9.821,,,,
32540-202609281130,32540,PTRPVKMCH,6,2026092806,pchip/hold/measured/bilinear,Г101,hit,3233.721,11770.795,10.779,39.236,2371.702,13602.569,7.906,45.342
32540-202609281130,32540,PTRPVKMCH,6,2026092806,pchip/zero/constant/nearest,Б244,miss,377.922,2946.385,1.260,9.821,,,,
32540-202609281130,32540,PTRPVKMCH,6,2026092806,pchip/zero/constant/nearest,Г101,hit,3233.721,11770.795,10.779,39.236,1871.256,12502.247,6.238,41.674
32540-202609281130,32540,PTRPVKMCH,6,2026092806,pchip/zero/constant/bilinear,Б244,miss,377.922,2946.385,1.260,9.821,,,,
32540-202609281130,32540,PTRPVKMCH,6,2026092806,pchip/zero/constant/bilinear,Г101,hit,3233.721,11770.795,10.779,39.236,2547.031,13688.895,8.490,45.630
32540-202609281130,32540,PTRPVKMCH,6,2026092806,pchip/zero/measured/nearest,Б244,miss,377.922,2946.385,1.260,9.821,,,,
32540-202609281130,32540,PTRPVKMCH,6,2026092806,pchip/zero/measured/nearest,Г101,hit,3233.721,11770.795,10.779,39.236,1871.256,12502.245,6.238,41.674
32540-202609281130,32540,PTRPVKMCH,6,2026092806,pchip/zero/measured/bilinear,Б244,miss,377.922,2946.385,1.260,9.821,,,,
32540-202609281130,32540,PTRPVKMCH,6,2026092806,pchip/zero/measured/bilinear,Г101,hit,3233.721,11770.795,10.779,39.236,2547.031,13688.884,8.490,45.630
32540-202609281130,32540,PTRPVKMCH,6,2026092806,pchip/power/constant/nearest,Б244,miss,377.922,2946.385,1.260,9.821,,,,
32540-202609281130,32540,PTRPVKMCH,6,2026092806,pchip/power/constant/nearest,Г101,hit,3233.721,11770.795,10.779,39.236,1322.549,12481.665,4.408,41.606
32540-202609281130,32540,PTRPVKMCH,6,2026092806,pchip/power/constant/bilinear,Б244,miss,377.922,2946.385,1.260,9.821,,,,
32540-202609281130,32540,PTRPVKMCH,6,2026092806,pchip/power/constant/bilinear,Г101,hit,3233.721,11770.795,10.779,39.236,2364.400,13677.991,7.881,45.593
32540-202609281130,32540,PTRPVKMCH,6,2026092806,pchip/power/measured/nearest,Б244,miss,377.922,2946.385,1.260,9.821,,,,
32540-202609281130,32540,PTRPVKMCH,6,2026092806,pchip/power/measured/nearest,Г101,hit,3233.721,11770.795,10.779,39.236,1322.549,12481.663,4.408,41.606
32540-202609281130,32540,PTRPVKMCH,6,2026092806,pchip/power/measured/bilinear,Б244,miss,377.922,2946.385,1.260,9.821,,,,
32540-202609281130,32540,PTRPVKMCH,6,2026092806,pchip/power/measured/bilinear,Г101,hit,3233.721,11770.795,10.779,39.236,2364.400,13677.980,7.881,45.593
32540-202609281130,32540,PTRPVKMCH,6,2026092806,pchip/observed/constant/nearest,Б244,miss,377.922,2946.385,1.260,9.821,,,,
32540-202609281130,32540,PTRPVKMCH,6,2026092806,pchip/observed/constant/nearest,Г101,hit,3233.721,11770.795,10.779,39.236,2102.886,12399.008,7.010,41.330
32540-202609281130,32540,PTRPVKMCH,6,2026092806,pchip/observed/constant/bilinear,Б244,hit,377.922,2946.385,1.260,9.821,1416.496,1883.913,4.722,6.280
32540-202609281130,32540,PTRPVKMCH,6,2026092806,pchip/observed/constant/bilinear,Г101,hit,3233.721,11770.795,10.779,39.236,2631.145,13616.500,8.770,45.388
32540-202609281130,32540,PTRPVKMCH,6,2026092806,pchip/observed/measured/nearest,Б244,miss,377.922,2946.385,1.260,9.821,,,,
32540-202609281130,32540,PTRPVKMCH,6,2026092806,pchip/observed/measured/nearest,Г101,hit,3233.721,11770.795,10.779,39.236,2102.886,12399.006,7.010,41.330
32540-202609281130,32540,PTRPVKMCH,6,2026092806,pchip/observed/measured/bilinear,Б244,hit,377.922,2946.385,1.260,9.821,1416.496,1883.913,4.722,6.280
32540-202609281130,32540,PTRPVKMCH,6,2026092806,pchip/observed/measured/bilinear,Г101,hit,3233.721,11770.795,10.779,39.236,2631.145,13616.489,8.770,45.388
32540-202609281130,32540,PTRPVKMCH,6,2026092806,poly3/hold/constant/nearest,Б244,miss,377.922,2946.385,1.260,9.821,,,,
32540-202609281130,32540,PTRPVKMCH,6,2026092806,poly3/hold/constant/nearest,Г101,hit,3233.721,11770.795,10.779,39.236,1137.745,12453.189,3.792,41.511
32540-202609281130,32540,PTRPVKMCH,6,2026092806,poly3/hold/constant/bilinear,Б244,miss,377.922,2946.385,1.260,9.821,,,,
32540-202609281130,32540,PTRPVKMCH,6,2026092806,poly3/hold/constant/bilinear,Г101,hit,3233.721,11770.795,10.779,39.236,2376.037,13660.562,7.920,45.535
32540-202609281130,32540,PTRPVKMCH,6,2026092806,poly3/hold/measured/nearest,Б244,miss,377.922,2946.385,1.260,9.821,,,,
32540-202609281130,32540,PTRPVKMCH,6,2026092806,poly3/hold/measured/nearest,Г101,hit,3233.721,11770.795,10.779,39.236,1137.745,12453.212,3.792,41.511
32540-202609281130,32540,PTRPVKMCH,6,2026092806,poly3/hold/measured/bilinear,Б244,miss,377.922,2946.385,1.260,9.821,,,,
32540-202609281130,32540,PTRPVKMCH,6,2026092806,poly3/hold/measured/bilinear,Г101,hit,3233.721,11770.795,10.779,39.236,2376.037,13660.531,7.920,45.535
32540-202609281130,32540,PTRPVKMCH,6,2026092806,poly3/zero/constant/nearest,Б244,miss,377.922,2946.385,1.260,9.821,,,,
32540-202609281130,32540,PTRPVKMCH,6,2026092806,poly3/zero/constant/nearest,Г101,hit,3233.721,11770.795,10.779,39.236,2205.975,12289.771,7.353,40.966
32540-202609281130,32540,PTRPVKMCH,6,2026092806,poly3/zero/constant/bilinear,Б244,hit,377.922,2946.385,1.260,9.821,652.404,2435.044,2.175,8.117
32540-202609281130,32540,PTRPVKMCH,6,2026092806,poly3/zero/constant/bilinear,Г101,hit,3233.721,11770.795,10.779,39.236,2898.884,13237.085,9.663,44.124
32540-202609281130,32540,PTRPVKMCH,6,2026092806,poly3/zero/measured/nearest,Б244,miss,377.922,2946.385,1.260,9.821,,,,
32540-202609281130,32540,PTRPVKMCH,6,2026092806,poly3/zero/measured/nearest,Г101,hit,3233.721,11770.795,10.779,39.236,2205.975,12289.792,7.353,40.966
32540-202609281130,32540,PTRPVKMCH,6,2026092806,poly3/zero/measured/bilinear,Б244,hit,377.922,2946.385,1.260,9.821,652.404,2435.044,2.175,8.117
32540-202609281130,32540,PTRPVKMCH,6,2026092806,poly3/zero/measured/bilinear,Г101,hit,3233.721,11770.795,10.779,39.236,2898.884,13237.057,9.663,44.124
32540-202609281130,32540,PTRPVKMCH,6,2026092806,poly3/power/constant/nearest,Б244,miss,377.922,2946.385,1.260,9.821,,,,
32540-202609281130,32540,PTRPVKMCH,6,2026092806,poly3/power/constant/nearest,Г101,hit,3233.721,11770.795,10.779,39.236,1322.549,12455.544,4.408,41.518
32540-202609281130,32540,PTRPVKMCH,6,2026092806,poly3/power/constant/bilinear,Б244,miss,377.922,2946.385,1.260,9.821,,,,
32540-202609281130,32540,PTRPVKMCH,6,2026092806,poly3/power/constant/bilinear,Г101,hit,3233.721,11770.795,10.779,39.236,2368.702,13737.395,7.896,45.791
32540-202609281130,32540,PTRPVKMCH,6,2026092806,poly3/power/measured/nearest,Б244,miss,377.922,2946.385,1.260,9.821,,,,
32540-202609281130,32540,PTRPVKMCH,6,2026092806,poly3/power/measured/nearest,Г101,hit,3233.721,11770.795,10.779,39.236,1322.549,12455.568,4.408,41.519
32540-202609281130,32540,PTRPVKMCH,6,2026092806,poly3/power/measured/bilinear,Б244,miss,377.922,2946.385,1.260,9.821,,,,
32540-202609281130,32540,PTRPVKMCH,6,2026092806,poly3/power/measured/bilinear,Г101,hit,3233.721,11770.795,10.779,39.236,2368.702,13737.364,7.896,45.791
32540-202609281130,32540,PTRPVKMCH,6,2026092806,poly3/observed/constant/nearest,Б244,hit,377.922,2946.385,1.260,9.821,977.345,1357.765,3.258,4.526
32540-202609281130,32540,PTRPVKMCH,6,2026092806,poly3/observed/constant/nearest,Г101,hit,3233.721,11770.795,10.779,39.236,2312.775,12237.493,7.709,40.792
32540-202609281130,32540,PTRPVKMCH,6,2026092806,poly3/observed/constant/bilinear,Б244,hit,377.922,2946.385,1.260,9.821,529.250,2549.607,1.764,8.499
32540-202609281130,32540,PTRPVKMCH,6,2026092806,poly3/observed/constant/bilinear,Г101,hit,3233.721,11770.795,10.779,39.236,2985.132,13141.057,9.950,43.804
32540-202609281130,32540,PTRPVKMCH,6,2026092806,poly3/observed/measured/nearest,Б244,hit,377.922,2946.385,1.260,9.821,977.345,1357.765,3.258,4.526
32540-202609281130,32540,PTRPVKMCH,6,2026092806,poly3/observed/measured/nearest,Г101,hit,3233.721,11770.795,10.779,39.236,2312.775,12237.513,7.709,40.792
32540-202609281130,32540,PTRPVKMCH,6,2026092806,poly3/observed/measured/bilinear,Б244,hit,377.922,2946.385,1.260,9.821,529.250,2549.607,1.764,8.499
32540-202609281130,32540,PTRPVKMCH,6,2026092806,poly3/observed/measured/bilinear,Г101,hit,3233.721,11770.795,10.779,39.236,2985.132,13141.030,9.950,43.803
24122-202609291130,24122,OLENEK,6,2026092906,step/hold/constant/nearest,B927,hit,9359.908,9359.908,31.200,31.200,9945.531,9945.531,33.152,33.152
24122-202609291130,24122,OLENEK,6,2026092906,step/hold/constant/bilinear,B927,hit,9359.908,9359.908,31.200,31.200,10106.320,10106.320,33.688,33.688
24122-202609291130,24122,OLENEK,6,2026092906,step/hold/measured/nearest,B927,hit,9359.908,9359.908,31.200,31.200,9944.208,9944.208,33.147,33.147
24122-202609291130,24122,OLENEK,6,2026092906,step/hold/measured/bilinear,B927,hit,9359.908,9359.908,31.200,31.200,10105.251,10105.251,33.684,33.684
24122-202609291130,24122,OLENEK,6,2026092906,step/zero/constant/nearest,B927,hit,9359.908,9359.908,31.200,31.200,9811.612,9811.612,32.705,32.705
24122-202609291130,24122,OLENEK,6,2026092906,step/zero/constant/bilinear,B927,hit,9359.908,9359.908,31.200,31.200,9961.024,9961.024,33.203,33.203
24122-202609291130,24122,OLENEK,6,2026092906,step/zero/measured/nearest,B927,hit,9359.908,9359.908,31.200,31.200,9810.290,9810.290,32.701,32.701
24122-202609291130,24122,OLENEK,6,2026092906,step/zero/measured/bilinear,B927,hit,9359.908,9359.908,31.200,31.200,9959.947,9959.947,33.200,33.200
24122-202609291130,24122,OLENEK,6,2026092906,step/power/constant/nearest,B927,hit,9359.908,9359.908,31.200,31.200,9912.261,9912.261,33.041,33.041
24122-202609291130,24122,OLENEK,6,2026092906,step/power/constant/bilinear,B927,hit,9359.908,9359.908,31.200,31.200,10070.205,10070.205,33.567,33.567
24122-202609291130,24122,OLENEK,6,2026092906,step/power/measured/nearest,B927,hit,9359.908,9359.908,31.200,31.200,9910.938,9910.938,33.036,33.036
24122-202609291130,24122,OLENEK,6,2026092906,step/power/measured/bilinear,B927,hit,9359.908,9359.908,31.200,31.200,10069.134,10069.134,33.564,33.564
24122-202609291130,24122,OLENEK,6,2026092906,step/observed/constant/nearest,B927,hit,9359.908,9359.908,31.200,31.200,9856.531,9856.531,32.855,32.855
24122-202609291130,24122,OLENEK,6,2026092906,step/observed/constant/bilinear,B927,hit,9359.908,9359.908,31.200,31.200,10005.864,10005.864,33.353,33.353
24122-202609291130,24122,OLENEK,6,2026092906,step/observed/measured/nearest,B927,hit,9359.908,9359.908,31.200,31.200,9855.208,9855.208,32.851,32.851
24122-202609291130,24122,OLENEK,6,2026092906,step/observed/measured/bilinear,B927,hit,9359.908,9359.908,31.200,31.200,10004.790,10004.790,33.349,33.349
24122-202609291130,24122,OLENEK,6,2026092906,linear/hold/constant/nearest,B927,hit,9359.908,9359.908,31.200,31.200,9945.519,9945.519,33.152,33.152
24122-202609291130,24122,OLENEK,6,2026092906,linear/hold/constant/bilinear,B927,hit,9359.908,9359.908,31.200,31.200,10105.702,10105.702,33.686,33.686
24122-202609291130,24122,OLENEK,6,2026092906,linear/hold/measured/nearest,B927,hit,9359.908,9359.908,31.200,31.200,9945.519,9945.519,33.152,33.152
24122-202609291130,24122,OLENEK,6,2026092906,linear/hold/measured/bilinear,B927,hit,9359.908,9359.908,31.200,31.200,10105.702,10105.702,33.686,33.686
24122-202609291130,24122,OLENEK,6,2026092906,linear/zero/constant/nearest,B927,hit,9359.908,9359.908,31.200,31.200,9811.601,9811.601,32.705,32.705
24122-202609291130,24122,OLENEK,6,2026092906,linear/zero/constant/bilinear,B927,hit,9359.908,9359.908,31.200,31.200,9958.932,9958.932,33.196,33.196
24122-202609291130,24122,OLENEK,6,2026092906,linear/zero/measured/nearest,B927,hit,9359.908,9359.908,31.200,31.200,9811.601,9811.601,32.705,32.705
24122-202609291130,24122,OLENEK,6,2026092906,linear/zero/measured/bilinear,B927,hit,9359.908,9359.908,31.200,31.200,9958.932,9958.932,33.196,33.196
24122-202609291130,24122,OLENEK,6,2026092906,linear/power/constant/nearest,B927,hit,9359.908,9359.908,31.200,31.200,9912.249,9912.249,33.041,33.041
24122-202609291130,24122,OLENEK,6,2026092906,linear/power/constant/bilinear,B927,hit,9359.908,9359.908,31.200,31.200,10069.326,10069.326,33.564,33.564
24122-202609291130,24122,OLENEK,6,2026092906,linear/power/measured/nearest,B927,hit,9359.908,9359.908,31.200,31.200,9912.249,9912.249,33.041,33.041
24122-202609291130,24122,OLENEK,6,2026092906,linear/power/measured/bilinear,B927,hit,9359.908,9359.908,31.200,31.200,10069.325,10069.325,33.564,33.564
24122-202609291130,24122,OLENEK,6,2026092906,linear/observed/constant/nearest,B927,hit,9359.908,9359.908,31.200,31.200,9856.519,9856.519,32.855,32.855
24122-202609291130,24122,OLENEK,6,2026092906,linear/observed/constant/bilinear,B927,hit,9359.908,9359.908,31.200,31.200,10004.339,10004.339,33.348,33.348
24122-202609291130,24122,OLENEK,6,2026092906,linear/observed/measured/nearest,B927,hit,9359.908,9359.908,31.200,31.200,9856.519,9856.519,32.855,32.855
24122-202609291130,24122,OLENEK,6,2026092906,linear/observed/measured/bilinear,B927,hit,9359.908,9359.908,31.200,31.200,10004.338,10004.338,33.348,33.348
24122-202609291130,24122,OLENEK,6,2026092906,spline/hold/constant/nearest,B927,hit,9359.908,9359.908,31.200,31.200,9955.021,9955.021,33.183,33.183
24122-202609291130,24122,OLENEK,6,2026092906,spline/hold/constant/bilinear,B927,hit,9359.908,9359.908,31.200,31.200,10110.902,10110.902,33.703,33.703
24122-202609291130,24122,OLENEK,6,2026092906,spline/hold/measured/nearest,B927,hit,9359.908,9359.908,31.200,31.200,9955.021,9955.021,33.183,33.183
24122-202609291130,24122,OLENEK,6,2026092906,spline/hold/measured/bilinear,B927,hit,9359.908,9359.908,31.200,31.200,10110.900,10110.900,33.703,33.703
24122-202609291130,24122,OLENEK,6,2026092906,spline/zero/constant/nearest,B927,hit,9359.908,9359.908,31.200,31.200,9859.155,9859.155,32.864,32.864
24122-202609291130,24122,OLENEK,6,2026092906,spline/zero/constant/bilinear,B927,hit,9359.908,9359.908,31.200,31.200,10011.718,10011.718,33.372,33.372
24122-202609291130,24122,OLENEK,6,2026092906,spline/zero/measured/nearest,B927,hit,9359.908,9359.908,31.200,31.200,9859.155,9859.155,32.864,32.864
24122-202609291130,24122,OLENEK,6,2026092906,spline/zero/measured/bilinear,B927,hit,9359.908,9359.908,31.200,31.200,10011.715,10011.715,33.372,33.372
24122-202609291130,24122,OLENEK,6,2026092906,spline/power/constant/nearest,B927,hit,9359.908,9359.908,31.200,31.200,9922.832,9922.832,33.076,33.076
24122-202609291130,24122,OLENEK,6,2026092906,spline/power/constant/bilinear,B927,hit,9359.908,9359.908,31.200,31.200,10075.369,10075.369,33.585,33.585
24122-202609291130,24122,OLENEK,6,2026092906,spline/power/measured/nearest,B927,hit,9359.908,9359.908,31.200,31.200,9922.832,9922.832,33.076,33.076
24122-202609291130,24122,OLENEK,6,2026092906,spline/power/measured/bilinear,B927,hit,9359.908,9359.908,31.200,31.200,10075.366,10075.366,33.585,33.585
24122-202609291130,24122,OLENEK,6,2026092906,spline/observed/constant/nearest,B927,hit,9359.908,9359.908,31.200,31.200,9894.334,9894.334,32.981,32.981
24122-202609291130,24122,OLENEK,6,2026092906,spline/observed/constant/bilinear,B927,hit,9359.908,9359.908,31.200,31.200,10047.346,10047.346,33.491,33.491
24122-202609291130,24122,OLENEK,6,2026092906,spline/observed/measured/nearest,B927,hit,9359.908,9359.908,31.200,31.200,9894.334,9894.334,32.981,32.981
24122-202609291130,24122,OLENEK,6,2026092906,spline/observed/measured/bilinear,B927,hit,9359.908,9359.908,31.200,31.200,10047.343,10047.343,33.491,33.491
24122-202609291130,24122,OLENEK,6,2026092906,pchip/hold/constant/nearest,B927,hit,9359.908,9359.908,31.200,31.200,9957.124,9957.124,33.190,33.190
24122-202609291130,24122,OLENEK,6,2026092906,pchip/hold/constant/bilinear,B927,hit,9359.908,9359.908,31.200,31.200,10114.999,10114.999,33.717,33.717
24122-202609291130,24122,OLENEK,6,2026092906,pchip/hold/measured/nearest,B927,hit,9359.908,9359.908,31.200,31.200,9957.123,9957.123,33.190,33.190
24122-202609291130,24122,OLENEK,6,2026092906,pchip/hold/measured/bilinear,B927,hit,9359.908,9359.908,31.200,31.200,10114.996,10114.996,33.717,33.717
24122-202609291130,24122,OLENEK,6,2026092906,pchip/zero/constant/nearest,B927,hit,9359.908,9359.908,31.200,31.200,9870.641,9870.641,32.902,32.902
24122-202609291130,24122,OLENEK,6,2026092906,pchip/zero/constant/bilinear,B927,hit,9359.908,9359.908,31.200,31.200,10026.408,10026.408,33.421,33.421
24122-202609291130,24122,OLENEK,6,2026092906,pchip/zero/measured/nearest,B927,hit,9359.908,9359.908,31.200,31.200,9870.641,9870.641,32.902,32.902
24122-202609291130,24122,OLENEK,6,2026092906,pchip/zero/measured/bilinear,B927,hit,9359.908,9359.908,31.200,31.200,10026.405,10026.405,33.421,33.421
24122-202609291130,24122,OLENEK,6,2026092906,pchip/power/constant/nearest,B927,hit,9359.908,9359.908,31.200,31.200,9923.855,9923.855,33.080,33.080
24122-202609291130,24122,OLENEK,6,2026092906,pchip/power/constant/bilinear,B927,hit,9359.908,9359.908,31.200,31.200,10078.869,10078.869,33.596,33.596
24122-202609291130,24122,OLENEK,6,2026092906,pchip/power/measured/nearest,B927,hit,9359.908,9359.908,31.200,31.200,9923.854,9923.854,33.080,33.080
24122-202609291130,24122,OLENEK,6,2026092906,pchip/power/measured/bilinear,B927,hit,9359.908,9359.908,31.200,31.200,10078.866,10078.866,33.596,33.596
24122-202609291130,24122,OLENEK,6,2026092906,pchip/observed/constant/nearest,B927,hit,9359.908,9359.908,31.200,31.200,9901.852,9901.852,33.006,33.006
24122-202609291130,24122,OLENEK,6,2026092906,pchip/observed/constant/bilinear,B927,hit,9359.908,9359.908,31.200,31.200,10057.848,10057.848,33.526,33.526
24122-202609291130,24122,OLENEK,6,2026092906,pchip/observed/measured/nearest,B927,hit,9359.908,9359.908,31.200,31.200,9901.852,9901.852,33.006,33.006
24122-202609291130,24122,OLENEK,6,2026092906,pchip/observed/measured/bilinear,B927,hit,9359.908,9359.908,31.200,31.200,10057.845,10057.845,33.526,33.526
24122-202609291130,24122,OLENEK,6,2026092906,poly3/hold/constant/nearest,B927,hit,9359.908,9359.908,31.200,31.200,9952.098,9952.098,33.174,33.174
24122-202609291130,24122,OLENEK,6,2026092906,poly3/hold/constant/bilinear,B927,hit,9359.908,9359.908,31.200,31.200,10107.229,10107.229,33.691,33.691
24122-202609291130,24122,OLENEK,6,2026092906,poly3/hold/measured/nearest,B927,hit,9359.908,9359.908,31.200,31.200,9952.093,9952.093,33.174,33.174
24122-202609291130,24122,OLENEK,6,2026092906,poly3/hold/measured/bilinear,B927,hit,9359.908,9359.908,31.200,31.200,10107.224,10107.224,33.691,33.691
24122-202609291130,24122,OLENEK,6,2026092906,poly3/zero/constant/nearest,B927,hit,9359.908,9359.908,31.200,31.200,9883.197,9883.197,32.944,32.944
24122-202609291130,24122,OLENEK,6,2026092906,poly3/zero/constant/bilinear,B927,hit,9359.908,9359.908,31.200,31.200,10045.429,10045.429,33.485,33.485
24122-202609291130,24122,OLENEK,6,2026092906,poly3/zero/measured/nearest,B927,hit,9359.908,9359.908,31.200,31.200,9883.192,9883.192,32.944,32.944
24122-202609291130,24122,OLENEK,6,2026092906,poly3/zero/measured/bilinear,B927,hit,9359.908,9359.908,31.200,31.200,10045.424,10045.424,33.485,33.485
24122-202609291130,24122,OLENEK,6,2026092906,poly3/power/constant/nearest,B927,hit,9359.908,9359.908,31.200,31.200,9919.697,9919.697,33.066,33.066
24122-202609291130,24122,OLENEK,6,2026092906,poly3/power/constant/bilinear,B927,hit,9359.908,9359.908,31.200,31.200,10071.527,10071.527,33.572,33.572
24122-202609291130,24122,OLENEK,6,2026092906,poly3/power/measured/nearest,B927,hit,9359.908,9359.908,31.200,31.200,9919.692,9919.692,33.066,33.066
24122-202609291130,24122,OLENEK,6,2026092906,poly3/power/measured/bilinear,B927,hit,9359.908,9359.908,31.200,31.200,10071.522,10071.522,33.572,33.572
24122-202609291130,24122,OLENEK,6,2026092906,poly3/observed/constant/nearest,B927,hit,9359.908,9359.908,31.200,31.200,9912.115,9912.115,33.040,33.040
24122-202609291130,24122,OLENEK,6,2026092906,poly3/observed/constant/bilinear,B927,hit,9359.908,9359.908,31.200,31.200,10074.827,10074.827,33.583,33.583
24122-202609291130,24122,OLENEK,6,2026092906,poly3/observed/measured/nearest,B927,hit,9359.908,9359.908,31.200,31.200,9912.109,9912.109,33.040,33.040
24122-202609291130,24122,OLENEK,6,2026092906,poly3/observed/measured/bilinear,B927,hit,9359.908,9359.908,31.200,31.200,10074.822,10074.822,33.583,33.583
32540-202609291130,32540,PTRPVKMCH,6,2026092906,step/hold/constant/nearest,Г101,hit,2206.547,8111.136,7.355,27.037,334.783,5076.460,1.116,16.922
32540-202609291130,32540,PTRPVKMCH,6,2026092906,step/hold/constant/nearest,Б244,hit,407.611,14762.323,1.359,49.208,15097.179,15097.179,50.324,50.324
32540-202609291130,32540,PTRPVKMCH,6,2026092906,step/hold/constant/nearest,А812,hit,8861.200,12740.178,29.537,42.467,5834.285,11700.320,19.448,39.001
32540-202609291130,32540,PTRPVKMCH,6,2026092906,step/hold/constant/nearest,Б214,hit,13072.347,14107.653,43.574,47.026,12168.202,14055.181,40.561,46.851
32540-202609291130,32540,PTRPVKMCH,6,2026092906,step/hold/constant/bilinear,Б244,hit,407.611,14762.323,1.359,49.208,5812.626,13778.957,19.375,45.930
32540-202609291130,32540,PTRPVKMCH,6,2026092906,step/hold/constant/bilinear,Г101,hit,2206.547,8111.136,7.355,27.037,514.652,5176.673,1.716,17.256
32540-202609291130,32540,PTRPVKMCH,6,2026092906,step/hold/constant/bilinear,А812,hit,8861.200,12740.178,29.537,42.467,7664.693,10176.722,25.549,33.922
32540-202609291130,32540,PTRPVKMCH,6,2026092906,step/hold/constant/bilinear,Б214,hit,13072.347,14107.653,43.574,47.026,10833.121,13088.356,36.110,43.628
32540-202609291130,32540,PTRPVKMCH,6,2026092906,step/hold/measured/nearest,Г101,hit,2206.547,8111.136,7.355,27.037,334.783,5076.435,1.116,16.921
32540-202609291130,32540,PTRPVKMCH,6,2026092906,step/hold/measured/nearest,Б244,hit,407.611,14762.323,1.359,49.208,15095.881,15095.881,50.320,50.320
32540-202609291130,32540,PTRPVKMCH,6,2026092906,step/hold/measured/nearest,А812,hit,8861.200,12740.178,29.537,42.467,5834.264,11699.046,19.448,38.997
32540-202609291130,32540,PTRPVKMCH,6,2026092906,step/hold/measured/nearest,Б214,hit,13072.347,14107.653,43.574,47.026,12167.214,14054.289,40.557,46.848
32540-202609291130,32540,PTRPVKMCH,6,2026092906,step/hold/measured/bilinear,Б244,hit,407.611,14762.323,1.359,49.208,5812.208,13771.938,19.374,45.906
32540-202609291130,32540,PTRPVKMCH,6,2026092906,step/hold/measured/bilinear,Г101,hit,2206.547,8111.136,7.355,27.037,514.652,5176.419,1.716,17.255
32540-202609291130,32540,PTRPVKMCH,6,2026092906,step/hold/measured/bilinear,А812,hit,8861.200,12740.178,29.537,42.467,7674.410,10168.612,25.581,33.895
32540-202609291130,32540,PTRPVKMCH,6,2026092906,step/hold/measured/bilinear,Б214,hit,13072.347,14107.653,43.574,47.026,10826.668,13081.484,36.089,43.605
32540-202609291130,32540,PTRPVKMCH,6,2026092906,step/zero/constant/nearest,Б244,hit,407.611,14762.323,1.359,49.208,5805.037,13924.208,19.350,46.414
32540-202609291130,32540,PTRPVKMCH,6,2026092906,step/zero/constant/nearest,Г101,hit,2206.547,8111.136,7.355,27.037,1084.783,5266.507,3.616,17.555
32540-202609291130,32540,PTRPVKMCH,6,2026092906,step/zero/constant/nearest,А812,hit,8861.200,12740.178,29.537,42.467,7326.290,10573.703,24.421,35.246
32540-202609291130,32540,PTRPVKMCH,6,2026092906,step/zero/constant/nearest,Б214,hit,13072.347,14107.653,43.574,47.026,11180.727,13273.683,37.269,44.246
32540-202609291130,32540,PTRPVKMCH,6,2026092906,step/zero/constant/bilinear,Б244,hit,407.611,14762.323,1.359,49.208,5942.986,12380.468,19.810,41.268
32540-202609291130,32540,PTRPVKMCH,6,2026092906,step/zero/constant/bilinear,Г101,hit,2206.547,8111.136,7.355,27.037,1264.652,5338.991,4.216,17.797
32540-202609291130,32540,PTRPVKMCH,6,2026092906,step/zero/constant/bilinear,А812,miss,8861.200,12740.178,29.537,42.467,,,,
32540-202609291130,32540,PTRPVKMCH,6,2026092906,step/zero/constant/bilinear,Б214,hit,13072.347,14107.653,43.574,47.026,9450.011,11223.806,31.500,37.413
32540-202609291130,32540,PTRPVKMCH,6,2026092906,step/zero/measured/nearest,Б244,hit,407.611,14762.323,1.359,49.208,5806.649,13922.566,19.355,46.409
32540-202609291130,32540,PTRPVKMCH,6,2026092906,step/zero/measured/nearest,Г101,hit,2206.547,8111.136,7.355,27.037,1084.783,5266.481,3.616,17.555
32540-202609291130,32540,PTRPVKMCH,6,2026092906,step/zero/measured/nearest,А812,hit,8861.200,12740.178,29.537,42.467,7328.736,10572.137,24.429,35.240
32540-202609291130,32540,PTRPVKMCH,6,2026092906,step/zero/measured/nearest,Б214,hit,13072.347,14107.653,43.574,47.026,11179.118,13272.080,37.264,44.240
32540-202609291130,32540,PTRPVKMCH,6,2026092906,step/zero/measured/bilinear,Б244,hit,407.611,14762.323,1.359,49.208,5942.451,12371.739,19.808,41.239
32540-202609291130,32540,PTRPVKMCH,6,2026092906,step/zero/measured/bilinear,Г101,hit,2206.547,8111.136,7.355,27.037,1264.652,5338.595,4.216,17.795
32540-202609291130,32540,PTRPVKMCH,6,2026092906,step/zero/measured/bilinear,А812,miss,8861.200,12740.178,29.537,42.467,,,,
32540-202609291130,32540,PTRPVKMCH,6,2026092906,step/zero/measured/bilinear,Б214,hit,13072.347,14107.653,43.574,47.026,9438.162,11193.823,31.461,37.313
32540-202609291130,32540,PTRPVKMCH,6,2026092906,step/power/constant/nearest,Б244,hit,407.611,14762.323,1.359,49.208,14820.994,14820.994,49.403,49.403
32540-202609291130,32540,PTRPVKMCH,6,2026092906,step/power/constant/nearest,Г101,hit,2206.547,8111.136,7.355,27.037,452.546,5125.532,1.508,17.085
32540-202609291130,32540,PTRPVKMCH,6,2026092906,step/power/constant/nearest,А812,hit,8861.200,12740.178,29.537,42.467,5882.193,11466.384,19.607,38.221
32540-202609291130,32540,PTRPVKMCH,6,2026092906,step/power/constant/nearest,Б214,hit,13072.347,14107.653,43.574,47.026,11981.157,13884.854,39.937,46.283
32540-202609291130,32540,PTRPVKMCH,6,2026092906,step/power/constant/bilinear,Б244,hit,407.611,14762.323,1.359,49.208,5846.051,13452.156,19.487,44.841
32540-202609291130,32540,PTRPVKMCH,6,2026092906,step/power/constant/bilinear,Г101,hit,2206.547,8111.136,7.355,27.037,659.983,5216.871,2.200,17.390
32540-202609291130,32540,PTRPVKMCH,6,2026092906,step/power/constant/bilinear,А812,hit,8861.200,12740.178,29.537,42.467,8121.934,9833.446,27.073,32.778
32540-202609291130,32540,PTRPVKMCH,6,2026092906,step/power/constant/bilinear,Б214,hit,13072.347,14107.653,43.574,47.026,10573.140,12732.411,35.244,42.441
32540-202609291130,32540,PTRPVKMCH,6,2026092906,step/power/measured/nearest,Б244,hit,407.611,14762.323,1.359,49.208,14819.695,14819.695,49.399,49.399
32540-202609291130,32540,PTRPVKMCH,6,2026092906,step/power/measured/nearest,Г101,hit,2206.547,8111.136,7.355,27.037,452.546,5125.506,1.508,17.085
32540-202609291130,32540,PTRPVKMCH,6,2026092906,step/power/measured/nearest,А812,hit,8861.200,12740.178,29.537,42.467,5882.173,11465.110,19.607,38.217
32540-202609291130,32540,PTRPVKMCH,6,2026092906,step/power/measured/nearest,Б214,hit,13072.347,14107.653,43.574,47.026,11979.855,13883.923,39.933,46.280
32540-202609291130,32540,PTRPVKMCH,6,2026092906,step/power/measured/bilinear,Б244,hit,407.611,14762.323,1.359,49.208,5845.597,13445.126,19.485,44.817
32540-202609291130,32540,PTRPVKMCH,6,2026092906,step/power/measured/bilinear,Г101,hit,2206.547,8111.136,7.355,27.037,659.983,5216.582,2.200,17.389
32540-202609291130,32540,PTRPVKMCH,6,2026092906,step/power/measured/bilinear,А812,hit,8861.200,12740.178,29.537,42.467,8131.656,9822.143,27.106,32.740
32540-202609291130,32540,PTRPVKMCH,6,2026092906,step/power/measured/bilinear,Б214,hit,13072.347,14107.653,43.574,47.026,10566.679,12723.575,35.222,42.412
32540-202609291130,32540,PTRPVKMCH,6,2026092906,step/observed/constant/nearest,Б244,hit,407.611,14762.323,1.359,49.208,14137.423,14137.423,47.125,47.125
32540-202609291130,32540,PTRPVKMCH,6,2026092906,step/observed/constant/nearest,Г101,hit,2206.547,8111.136,7.355,27.037,1229.450,5315.314,4.098,17.718
32540-202609291130,32540,PTRPVKMCH,6,2026092906,step/observed/constant/nearest,А812,hit,8861.200,12740.178,29.537,42.467,6937.932,10861.446,23.126,36.205
32540-202609291130,32540,PTRPVKMCH,6,2026092906,step/observed/constant/nearest,Б214,hit,13072.347,14107.653,43.574,47.026,11432.179,11432.179,38.107,38.107
32540-202609291130,32540,PTRPVKMCH,6,2026092906,step/observed/constant/bilinear,Б244,hit,407.611,14762.323,1.359,49.208,6001.001,12739.847,20.003,42.466
32540-202609291130,32540,PTRPVKMCH,6,2026092906,step/observed/constant/bilinear,Г101,hit,2206.547,8111.136,7.355,27.037,1491.141,5392.584,4.970,17.975
32540-202609291130,32540,PTRPVKMCH,6,2026092906,step/observed/constant/bilinear,А812,hit,8861.200,12740.178,29.537,42.467,9267.022,9267.022,30.890,30.890
32540-202609291130,32540,PTRPVKMCH,6,2026092906,step/observed/constant/bilinear,Б214,hit,13072.347,14107.653,43.574,47.026,9964.625,11787.263,33.215,39.291
32540-202609291130,32540,PTRPVKMCH,6,2026092906,step/observed/measured/nearest,Б244,hit,407.611,14762.323,1.359,49.208,14136.124,14136.124,47.120,47.120
32540-202609291130,32540,PTRPVKMCH,6,2026092906,step/observed/measured/nearest,Г101,hit,2206.547,8111.136,7.355,27.037,1229.450,5315.288,4.098,17.718
32540-202609291130,32540,PTRPVKMCH,6,2026092906,step/observed/measured/nearest,А812,hit,8861.200,12740.178,29.537,42.467,6940.380,10859.881,23.135,36.200
32540-202609291130,32540,PTRPVKMCH,6,2026092906,step/observed/measured/nearest,Б214,hit,13072.347,14107.653,43.574,47.026,11430.878,11430.878,38.103,38.103
32540-202609291130,32540,PTRPVKMCH,6,2026092906,step/observed/measured/bilinear,Б244,hit,407.611,14762.323,1.359,49.208,6000.500,12731.098,20.002,42.437
32540-202609291130,32540,PTRPVKMCH,6,2026092906,step/observed/measured/bilinear,Г101,hit,2206.547,8111.136,7.355,27.037,1491.141,5392.223,4.970,17.974
32540-202609291130,32540,PTRPVKMCH,6,2026092906,step/observed/measured/bilinear,А812,hit,8861.200,12740.178,29.537,42.467,9279.571,9279.571,30.932,30.932
32540-202609291130,32540,PTRPVKMCH,6,2026092906,step/observed/measured/bilinear,Б214,hit,13072.347,14107.653,43.574,47.026,9956.160,11773.882,33.187,39.246
32540-202609291130,32540,PTRPVKMCH,6,2026092906,linear/hold/constant/nearest,Г101,hit,2206.547,8111.136,7.355,27.037,334.783,5069.534,1.116,16.898
32540-202609291130,32540,PTRPVKMCH,6,2026092906,linear/hold/constant/nearest,Б244,hit,407.611,14762.323,1.359,49.208,15096.021,15096.021,50.320,50.320
32540-202609291130,32540,PTRPVKMCH,6,2026092906,linear/hold/constant/nearest,А812,hit,8861.200,12740.178,29.537,42.467,5827.465,11695.887,19.425,38.986
32540-202609291130,32540,PTRPVKMCH,6,2026092906,linear/hold/constant/nearest,Б214,hit,13072.347,14107.653,43.574,47.026,12160.824,14049.304,40.536,46.831
32540-202609291130,32540,PTRPVKMCH,6,2026092906,linear/hold/constant/bilinear,Б244,hit,407.611,14762.323,1.359,49.208,5807.927,13766.927,19.360,45.890
32540-202609291130,32540,PTRPVKMCH,6,2026092906,linear/hold/constant/bilinear,Г101,hit,2206.547,8111.136,7.355,27.037,514.652,5176.046,1.716,17.253
32540-202609291130,32540,PTRPVKMCH,6,2026092906,linear/hold/constant/bilinear,А812,hit,8861.200,12740.178,29.537,42.467,7671.713,10175.820,25.572,33.919
32540-202609291130,32540,PTRPVKMCH,6,2026092906,linear/hold/constant/bilinear,Б214,hit,13072.347,14107.653,43.574,47.026,10832.419,13070.674,36.108,43.569
32540-202609291130,32540,PTRPVKMCH,6,2026092906,linear/hold/measured/nearest,Г101,hit,2206.547,8111.136,7.355,27.037,334.783,5069.549,1.116,16.898
32540-202609291130,32540,PTRPVKMCH,6,2026092906,linear/hold/measured/nearest,Б244,hit,407.611,14762.323,1.359,49.208,15096.030,15096.030,50.320,50.320
32540-202609291130,32540,PTRPVKMCH,6,2026092906,linear/hold/measured/nearest,А812,hit,8861.200,12740.178,29.537,42.467,5827.479,11695.905,19.425,38.986
32540-202609291130,32540,PTRPVKMCH,6,2026092906,linear/hold/measured/nearest,Б214,hit,13072.347,14107.653,43.574,47.026,12160.838,14049.315,40.536,46.831
32540-202609291130,32540,PTRPVKMCH,6,2026092906,linear/hold/measured/bilinear,Б244,hit,407.611,14762.323,1.359,49.208,5807.934,13766.894,19.360,45.890
32540-202609291130,32540,PTRPVKMCH,6,2026092906,linear/hold/measured/bilinear,Г101,hit,2206.547,8111.136,7.355,27.037,514.652,5176.054,1.716,17.254
32540-202609291130,32540,PTRPVKMCH,6,2026092906,linear/hold/measured/bilinear,А812,hit,8861.200,12740.178,29.537,42.467,7671.762,10175.788,25.573,33.919
32540-202609291130,32540,PTRPVKMCH,6,2026092906,linear/hold/measured/bilinear,Б214,hit,13072.347,14107.653,43.574,47.026,10832.393,13070.636,36.108,43.569
32540-202609291130,32540,PTRPVKMCH,6,2026092906,linear/zero/constant/nearest,Б244,hit,407.611,14762.323,1.359,49.208,5833.014,13900.209,19.443,46.334
32540-202609291130,32540,PTRPVKMCH,6,2026092906,linear/zero/constant/nearest,Г101,hit,2206.547,8111.136,7.355,27.037,1002.124,5265.369,3.340,17.551
32540-202609291130,32540,PTRPVKMCH,6,2026092906,linear/zero/constant/nearest,А812,hit,8861.200,12740.178,29.537,42.467,7327.733,10560.101,24.426,35.200
32540-202609291130,32540,PTRPVKMCH,6,2026092906,linear/zero/constant/nearest,Б214,hit,13072.347,14107.653,43.574,47.026,11162.858,13267.684,37.210,44.226
32540-202609291130,32540,PTRPVKMCH,6,2026092906,linear/zero/constant/bilinear,Б244,hit,407.611,14762.323,1.359,49.208,5939.653,12379.019,19.799,41.263
32540-202609291130,32540,PTRPVKMCH,6,2026092906,linear/zero/constant/bilinear,Г101,hit,2206.547,8111.136,7.355,27.037,1242.595,5339.161,4.142,17.797
32540-202609291130,32540,PTRPVKMCH,6,2026092906,linear/zero/constant/bilinear,А812,miss,8861.200,12740.178,29.537,42.467,,,,
32540-202609291130,32540,PTRPVKMCH,6,2026092906,linear/zero/constant/bilinear,Б214,hit,13072.347,14107.653,43.574,47.026,9442.051,11141.159,31.474,37.137
32540-202609291130,32540,PTRPVKMCH,6,2026092906,linear/zero/measured/nearest,Б244,hit,407.611,14762.323,1.359,49.208,5833.002,13900.218,19.443,46.334
32540-202609291130,32540,PTRPVKMCH,6,2026092906,linear/zero/measured/nearest,Г101,hit,2206.547,8111.136,7.355,27.037,1002.124,5265.384,3.340,17.551
32540-202609291130,32540,PTRPVKMCH,6,2026092906,linear/zero/measured/nearest,А812,hit,8861.200,12740.178,29.537,42.467,7327.718,10560.126,24.426,35.200
32540-202609291130,32540,PTRPVKMCH,6,2026092906,linear/zero/measured/nearest,Б214,hit,13072.347,14107.653,43.574,47.026,11162.878,13267.695,37.210,44.226
32540-202609291130,32540,PTRPVKMCH,6,2026092906,linear/zero/measured/bilinear,Б244,hit,407.611,14762.323,1.359,49.208,5939.658,12378.976,19.799,41.263
32540-202609291130,32540,PTRPVKMCH,6,2026092906,linear/zero/measured/bilinear,Г101,hit,2206.547,8111.136,7.355,27.037,1242.595,5339.167,4.142,17.797
32540-202609291130,32540,PTRPVKMCH,6,2026092906,linear/zero/measured/bilinear,А812,miss,8861.200,12740.178,29.537,42.467,,,,
32540-202609291130,32540,PTRPVKMCH,6,2026092906,linear/zero/measured/bilinear,Б214,hit,13072.347,14107.653,43.574,47.026,9441.997,11141.056,31.473,37.137
32540-202609291130,32540,PTRPVKMCH,6,2026092906,linear/power/constant/nearest,Б244,hit,407.611,14762.323,1.359,49.208,14810.398,14810.398,49.368,49.368
32540-202609291130,32540,PTRPVKMCH,6,2026092906,linear/power/constant/nearest,Г101,hit,2206.547,8111.136,7.355,27.037,452.546,5119.348,1.508,17.064
32540-202609291130,32540,PTRPVKMCH,6,2026092906,linear/power/constant/nearest,А812,hit,8861.200,12740.178,29.537,42.467,5874.897,11447.433,19.583,38.158
32540-202609291130,32540,PTRPVKMCH,6,2026092906,linear/power/constant/nearest,Б214,hit,13072.347,14107.653,43.574,47.026,11951.828,13872.584,39.839,46.242
32540-202609291130,32540,PTRPVKMCH,6,2026092906,linear/power/constant/bilinear,Б244,hit,407.611,14762.323,1.359,49.208,5840.571,13451.277,19.469,44.838
32540-202609291130,32540,PTRPVKMCH,6,2026092906,linear/power/constant/bilinear,Г101,hit,2206.547,8111.136,7.355,27.037,659.983,5216.530,2.200,17.388
32540-202609291130,32540,PTRPVKMCH,6,2026092906,linear/power/constant/bilinear,А812,hit,8861.200,12740.178,29.537,42.467,8122.597,9816.945,27.075,32.723
32540-202609291130,32540,PTRPVKMCH,6,2026092906,linear/power/constant/bilinear,Б214,hit,13072.347,14107.653,43.574,47.026,10561.396,12711.554,35.205,42.372
32540-202609291130,32540,PTRPVKMCH,6,2026092906,linear/power/measured/nearest,Б244,hit,407.611,14762.323,1.359,49.208,14810.406,14810.406,49.368,49.368
32540-202609291130,32540,PTRPVKMCH,6,2026092906,linear/power/measured/nearest,Г101,hit,2206.547,8111.136,7.355,27.037,452.546,5119.363,1.508,17.065
32540-202609291130,32540,PTRPVKMCH,6,2026092906,linear/power/measured/nearest,А812,hit,8861.200,12740.178,29.537,42.467,5874.911,11447.452,19.583,38.158
32540-202609291130,32540,PTRPVKMCH,6,2026092906,linear/power/measured/nearest,Б214,hit,13072.347,14107.653,43.574,47.026,11951.844,13872.596,39.839,46.242
32540-202609291130,32540,PTRPVKMCH,6,2026092906,linear/power/measured/bilinear,Б244,hit,407.611,14762.323,1.359,49.208,5840.578,13451.241,19.469,44.837
32540-202609291130,32540,PTRPVKMCH,6,2026092906,linear/power/measured/bilinear,Г101,hit,2206.547,8111.136,7.355,27.037,659.983,5216.537,2.200,17.388
32540-202609291130,32540,PTRPVKMCH,6,2026092906,linear/power/measured/bilinear,А812,hit,8861.200,12740.178,29.537,42.467,8122.648,9816.906,27.075,32.723
32540-202609291130,32540,PTRPVKMCH,6,2026092906,linear/power/measured/bilinear,Б214,hit,13072.347,14107.653,43.574,47.026,10561.367,12711.513,35.205,42.372
32540-202609291130,32540,PTRPVKMCH,6,2026092906,linear/observed/constant/nearest,Б244,hit,407.611,14762.323,1.359,49.208,14128.401,14128.401,47.095,47.095
32540-202609291130,32540,PTRPVKMCH,6,2026092906,linear/observed/constant/nearest,Г101,hit,2206.547,8111.136,7.355,27.037,1191.471,5314.809,3.972,17.716
32540-202609291130,32540,PTRPVKMCH,6,2026092906,linear/observed/constant/nearest,А812,hit,8861.200,12740.178,29.537,42.467,6947.751,10860.400,23.159,36.201
32540-202609291130,32540,PTRPVKMCH,6,2026092906,linear/observed/constant/nearest,Б214,hit,13072.347,14107.653,43.574,47.026,11423.576,11423.576,38.079,38.079
32540-202609291130,32540,PTRPVKMCH,6,2026092906,linear/observed/constant/bilinear,Б244,hit,407.611,14762.323,1.359,49.208,5998.628,12718.320,19.995,42.394
32540-202609291130,32540,PTRPVKMCH,6,2026092906,linear/observed/constant/bilinear,Г101,hit,2206.547,8111.136,7.355,27.037,1490.665,5392.708,4.969,17.976
32540-202609291130,32540,PTRPVKMCH,6,2026092906,linear/observed/constant/bilinear,А812,hit,8861.200,12740.178,29.537,42.467,9292.453,9292.453,30.975,30.975
32540-202609291130,32540,PTRPVKMCH,6,2026092906,linear/observed/constant/bilinear,Б214,hit,13072.347,14107.653,43.574,47.026,9948.061,11782.374,33.160,39.275
32540-202609291130,32540,PTRPVKMCH,6,2026092906,linear/observed/measured/nearest,Б244,hit,407.611,14762.323,1.359,49.208,14128.410,14128.410,47.095,47.095
32540-202609291130,32540,PTRPVKMCH,6,2026092906,linear/observed/measured/nearest,Г101,hit,2206.547,8111.136,7.355,27.037,1191.471,5314.824,3.972,17.716
32540-202609291130,32540,PTRPVKMCH,6,2026092906,linear/observed/measured/nearest,А812,hit,8861.200,12740.178,29.537,42.467,6947.738,10860.422,23.159,36.201
32540-202609291130,32540,PTRPVKMCH,6,2026092906,linear/observed/measured/nearest,Б214,hit,13072.347,14107.653,43.574,47.026,11423.595,11423.595,38.079,38.079
32540-202609291130,32540,PTRPVKMCH,6,2026092906,linear/observed/measured/bilinear,Б244,hit,407.611,14762.323,1.359,49.208,5998.633,12718.280,19.995,42.394
32540-202609291130,32540,PTRPVKMCH,6,2026092906,linear/observed/measured/bilinear,Г101,hit,2206.547,8111.136,7.355,27.037,1490.665,5392.714,4.969,17.976
32540-202609291130,32540,PTRPVKMCH,6,2026092906,linear/observed/measured/bilinear,А812,hit,8861.200,12740.178,29.537,42.467,9292.529,9292.529,30.975,30.975
32540-202609291130,32540,PTRPVKMCH,6,2026092906,linear/observed/measured/bilinear,Б214,hit,13072.347,14107.653,43.574,47.026,9948.021,11782.310,33.160,39.274
32540-202609291130,32540,PTRPVKMCH,6,2026092906,spline/hold/constant/nearest,Г101,hit,2206.547,8111.136,7.355,27.037,334.783,5052.500,1.116,16.842
32540-202609291130,32540,PTRPVKMCH,6,2026092906,spline/hold/constant/nearest,Б244,hit,407.611,14762.323,1.359,49.208,15084.082,15084.082,50.280,50.280
32540-202609291130,32540,PTRPVKMCH,6,2026092906,spline/hold/constant/nearest,А812,hit,8861.200,12740.178,29.537,42.467,5809.917,11718.655,19.366,39.062
32540-202609291130,32540,PTRPVKMCH,6,2026092906,spline/hold/constant/nearest,Б214,hit,13072.347,14107.653,43.574,47.026,12180.876,14034.104,40.603,46.780
32540-202609291130,32540,PTRPVKMCH,6,2026092906,spline/hold/constant/bilinear,Б244,hit,407.611,14762.323,1.359,49.208,5768.064,13757.020,19.227,45.857
32540-202609291130,32540,PTRPVKMCH,6,2026092906,spline/hold/constant/bilinear,Г101,hit,2206.547,8111.136,7.355,27.037,514.652,5135.054,1.716,17.117
32540-202609291130,32540,PTRPVKMCH,6,2026092906,spline/hold/constant/bilinear,А812,hit,8861.200,12740.178,29.537,42.467,7689.938,10138.739,25.633,33.796
32540-202609291130,32540,PTRPVKMCH,6,2026092906,spline/hold/constant/bilinear,Б214,hit,13072.347,14107.653,43.574,47.026,10801.588,13056.287,36.005,43.521
32540-202609291130,32540,PTRPVKMCH,6,2026092906,spline/hold/measured/nearest,Г101,hit,2206.547,8111.136,7.355,27.037,334.783,5052.499,1.116,16.842
32540-202609291130,32540,PTRPVKMCH,6,2026092906,spline/hold/measured/nearest,Б244,hit,407.611,14762.323,1.359,49.208,15084.082,15084.082,50.280,50.280
32540-202609291130,32540,PTRPVKMCH,6,2026092906,spline/hold/measured/nearest,А812,hit,8861.200,12740.178,29.537,42.467,5809.917,11718.655,19.366,39.062
32540-202609291130,32540,PTRPVKMCH,6,2026092906,spline/hold/measured/nearest,Б214,hit,13072.347,14107.653,43.574,47.026,12180.876,14034.104,40.603,46.780
32540-202609291130,32540,PTRPVKMCH,6,2026092906,spline/hold/measured/bilinear,Б244,hit,407.611,14762.323,1.359,49.208,5768.072,13757.039,19.227,45.857
32540-202609291130,32540,PTRPVKMCH,6,2026092906,spline/hold/measured/bilinear,Г101,hit,2206.547,8111.136,7.355,27.037,514.652,5135.061,1.716,17.117
32540-202609291130,32540,PTRPVKMCH,6,2026092906,spline/hold/measured/bilinear,А812,hit,8861.200,12740.178,29.537,42.467,7689.912,10138.770,25.633,33.796
32540-202609291130,32540,PTRPVKMCH,6,2026092906,spline/hold/measured/bilinear,Б214,hit,13072.347,14107.653,43.574,47.026,10801.611,13056.308,36.005,43.521
32540-202609291130,32540,PTRPVKMCH,6,2026092906,spline/zero/constant/nearest,Б244,hit,407.611,14762.323,1.359,49.208,14177.456,14177.456,47.258,47.258
32540-202609291130,32540,PTRPVKMCH,6,2026092906,spline/zero/constant/nearest,Г101,hit,2206.547,8111.136,7.355,27.037,1283.088,5334.868,4.277,17.783
32540-202609291130,32540,PTRPVKMCH,6,2026092906,spline/zero/constant/nearest,А812,hit,8861.200,12740.178,29.537,42.467,6854.563,10942.188,22.849,36.474
32540-202609291130,32540,PTRPVKMCH,6,2026092906,spline/zero/constant/nearest,Б214,hit,13072.347,14107.653,43.574,47.026,11504.359,11504.359,38.348,38.348
32540-202609291130,32540,PTRPVKMCH,6,2026092906,spline/zero/constant/bilinear,Б244,hit,407.611,14762.323,1.359,49.208,6035.346,12612.077,20.118,42.040
32540-202609291130,32540,PTRPVKMCH,6,2026092906,spline/zero/constant/bilinear,Г101,hit,2206.547,8111.136,7.355,27.037,1707.068,5431.216,5.690,18.104
32540-202609291130,32540,PTRPVKMCH,6,2026092906,spline/zero/constant/bilinear,А812,miss,8861.200,12740.178,29.537,42.467,,,,
32540-202609291130,32540,PTRPVKMCH,6,2026092906,spline/zero/constant/bilinear,Б214,hit,13072.347,14107.653,43.574,47.026,9875.335,11618.479,32.918,38.728
32540-202609291130,32540,PTRPVKMCH,6,2026092906,spline/zero/measured/nearest,Б244,hit,407.611,14762.323,1.359,49.208,14177.457,14177.457,47.258,47.258
32540-202609291130,32540,PTRPVKMCH,6,2026092906,spline/zero/measured/nearest,Г101,hit,2206.547,8111.136,7.355,27.037,1283.088,5334.868,4.277,17.783
32540-202609291130,32540,PTRPVKMCH,6,2026092906,spline/zero/measured/nearest,А812,hit,8861.200,12740.178,29.537,42.467,6854.562,10942.188,22.849,36.474
32540-202609291130,32540,PTRPVKMCH,6,2026092906,spline/zero/measured/nearest,Б214,hit,13072.347,14107.653,43.574,47.026,11504.359,11504.359,38.348,38.348
32540-202609291130,32540,PTRPVKMCH,6,2026092906,spline/zero/measured/bilinear,Б244,hit,407.611,14762.323,1.359,49.208,6035.353,12612.099,20.118,42.040
32540-202609291130,32540,PTRPVKMCH,6,2026092906,spline/zero/measured/bilinear,Г101,hit,2206.547,8111.136,7.355,27.037,1707.068,5431.223,5.690,18.104
32540-202609291130,32540,PTRPVKMCH,6,2026092906,spline/zero/measured/bilinear,А812,miss,8861.200,12740.178,29.537,42.467,,,,
32540-202609291130,32540,PTRPVKMCH,6,2026092906,spline/zero/measured/bilinear,Б214,hit,13072.347,14107.653,43.574,47.026,9875.371,11618.520,32.918,38.728
32540-202609291130,32540,PTRPVKMCH,6,2026092906,spline/power/constant/nearest,Б244,hit,407.611,14762.323,1.359,49.208,14813.513,14813.513,49.378,49.378
32540-202609291130,32540,PTRPVKMCH,6,2026092906,spline/power/constant/nearest,Г101,hit,2206.547,8111.136,7.355,27.037,452.546,5103.356,1.508,17.011
32540-202609291130,32540,PTRPVKMCH,6,2026092906,spline/power/constant/nearest,А812,hit,8861.200,12740.178,29.537,42.467,5858.070,11469.627,19.527,38.232
32540-202609291130,32540,PTRPVKMCH,6,2026092906,spline/power/constant/nearest,Б214,hit,13072.347,14107.653,43.574,47.026,11975.297,13858.583,39.918,46.195
32540-202609291130,32540,PTRPVKMCH,6,2026092906,spline/power/constant/bilinear,Б244,hit,407.611,14762.323,1.359,49.208,5800.758,13439.163,19.336,44.797
32540-202609291130,32540,PTRPVKMCH,6,2026092906,spline/power/constant/bilinear,Г101,hit,2206.547,8111.136,7.355,27.037,659.983,5175.598,2.200,17.252
32540-202609291130,32540,PTRPVKMCH,6,2026092906,spline/power/constant/bilinear,А812,hit,8861.200,12740.178,29.537,42.467,8136.574,9769.522,27.122,32.565
32540-202609291130,32540,PTRPVKMCH,6,2026092906,spline/power/constant/bilinear,Б214,hit,13072.347,14107.653,43.574,47.026,10528.965,12703.680,35.097,42.346
32540-202609291130,32540,PTRPVKMCH,6,2026092906,spline/power/measured/nearest,Б244,hit,407.611,14762.323,1.359,49.208,14813.513,14813.513,49.378,49.378
32540-202609291130,32540,PTRPVKMCH,6,2026092906,spline/power/measured/nearest,Г101,hit,2206.547,8111.136,7.355,27.037,452.546,5103.356,1.508,17.011
32540-202609291130,32540,PTRPVKMCH,6,2026092906,spline/power/measured/nearest,А812,hit,8861.200,12740.178,29.537,42.467,5858.070,11469.627,19.527,38.232
32540-202609291130,32540,PTRPVKMCH,6,2026092906,spline/power/measured/nearest,Б214,hit,13072.347,14107.653,43.574,47.026,11975.297,13858.583,39.918,46.195
32540-202609291130,32540,PTRPVKMCH,6,2026092906,spline/power/measured/bilinear,Б244,hit,407.611,14762.323,1.359,49.208,5800.765,13439.184,19.336,44.797
32540-202609291130,32540,PTRPVKMCH,6,2026092906,spline/power/measured/bilinear,Г101,hit,2206.547,8111.136,7.355,27.037,659.983,5175.605,2.200,17.252
32540-202609291130,32540,PTRPVKMCH,6,2026092906,spline/power/measured/bilinear,А812,hit,8861.200,12740.178,29.537,42.467,8136.547,9769.559,27.122,32.565
32540-202609291130,32540,PTRPVKMCH,6,2026092906,spline/power/measured/bilinear,Б214,hit,13072.347,14107.653,43.574,47.026,10528.991,12703.702,35.097,42.346
32540-202609291130,32540,PTRPVKMCH,6,2026092906,spline/observed/constant/nearest,Б244,hit,407.611,14762.323,1.359,49.208,14350.275,14350.275,47.834,47.834
32540-202609291130,32540,PTRPVKMCH,6,2026092906,spline/observed/constant/nearest,Г101,hit,2206.547,8111.136,7.355,27.037,1432.270,5374.519,4.774,17.915
32540-202609291130,32540,PTRPVKMCH,6,2026092906,spline/observed/constant/nearest,А812,hit,8861.200,12740.178,29.537,42.467,6572.013,11161.887,21.907,37.206
32540-202609291130,32540,PTRPVKMCH,6,2026092906,spline/observed/constant/nearest,Б214,hit,13072.347,14107.653,43.574,47.026,11703.870,11703.870,39.013,39.013
32540-202609291130,32540,PTRPVKMCH,6,2026092906,spline/observed/constant/bilinear,Б244,hit,407.611,14762.323,1.359,49.208,6083.431,12868.973,20.278,42.897
32540-202609291130,32540,PTRPVKMCH,6,2026092906,spline/observed/constant/bilinear,Г101,hit,2206.547,8111.136,7.355,27.037,1815.574,5474.993,6.052,18.250
32540-202609291130,32540,PTRPVKMCH,6,2026092906,spline/observed/constant/bilinear,А812,hit,8861.200,12740.178,29.537,42.467,9027.860,9314.256,30.093,31.048
32540-202609291130,32540,PTRPVKMCH,6,2026092906,spline/observed/constant/bilinear,Б214,hit,13072.347,14107.653,43.574,47.026,10214.887,12021.591,34.050,40.072
32540-202609291130,32540,PTRPVKMCH,6,2026092906,spline/observed/measured/nearest,Б244,hit,407.611,14762.323,1.359,49.208,14350.276,14350.276,47.834,47.834
32540-202609291130,32540,PTRPVKMCH,6,2026092906,spline/observed/measured/nearest,Г101,hit,2206.547,8111.136,7.355,27.037,1432.270,5374.519,4.774,17.915
32540-202609291130,32540,PTRPVKMCH,6,2026092906,spline/observed/measured/nearest,А812,hit,8861.200,12740.178,29.537,42.467,6572.012,11161.887,21.907,37.206
32540-202609291130,32540,PTRPVKMCH,6,2026092906,spline/observed/measured/nearest,Б214,hit,13072.347,14107.653,43.574,47.026,11703.870,11703.870,39.013,39.013
32540-202609291130,32540,PTRPVKMCH,6,2026092906,spline/observed/measured/bilinear,Б244,hit,407.611,14762.323,1.359,49.208,6083.438,12868.995,20.278,42.897
32540-202609291130,32540,PTRPVKMCH,6,2026092906,spline/observed/measured/bilinear,Г101,hit,2206.547,8111.136,7.355,27.037,1815.574,5475.001,6.052,18.250
32540-202609291130,32540,PTRPVKMCH,6,2026092906,spline/observed/measured/bilinear,А812,hit,8861.200,12740.178,29.537,42.467,9027.825,9314.303,30.093,31.048
32540-202609291130,32540,PTRPVKMCH,6,2026092906,spline/observed/measured/bilinear,Б214,hit,13072.347,14107.653,43.574,47.026,10214.917,12021.621,34.050,40.072
32540-202609291130,32540,PTRPVKMCH,6,2026092906,pchip/hold/constant/nearest,Г101,hit,2206.547,8111.136,7.355,27.037,334.783,5045.432,1.116,16.818
32540-202609291130,32540,PTRPVKMCH,6,2026092906,pchip/hold/constant/nearest,Б244,hit,407.611,14762.323,1.359,49.208,15101.120,15101.120,50.337,50.337
32540-202609291130,32540,PTRPVKMCH,6,2026092906,pchip/hold/constant/nearest,А812,hit,8861.200,12740.178,29.537,42.467,5803.187,11715.263,19.344,39.051
32540-202609291130,32540,PTRPVKMCH,6,2026092906,pchip/hold/constant/nearest,Б214,hit,13072.347,14107.653,43.574,47.026,12176.386,14049.046,40.588,46.830
32540-202609291130,32540,PTRPVKMCH,6,2026092906,pchip/hold/constant/bilinear,Б244,hit,407.611,14762.323,1.359,49.208,5750.489,13783.975,19.168,45.947
32540-202609291130,32540,PTRPVKMCH,6,2026092906,pchip/hold/constant/bilinear,Г101,hit,2206.547,8111.136,7.355,27.037,514.652,5117.153,1.716,17.057
32540-202609291130,32540,PTRPVKMCH,6,2026092906,pchip/hold/constant/bilinear,А812,hit,8861.200,12740.178,29.537,42.467,7657.724,10146.746,25.526,33.822
32540-202609291130,32540,PTRPVKMCH,6,2026092906,pchip/hold/constant/bilinear,Б214,hit,13072.347,14107.653,43.574,47.026,10809.894,10809.894,36.033,36.033
32540-202609291130,32540,PTRPVKMCH,6,2026092906,pchip/hold/measured/nearest,Г101,hit,2206.547,8111.136,7.355,27.037,334.783,5045.432,1.116,16.818
32540-202609291130,32540,PTRPVKMCH,6,2026092906,pchip/hold/measured/nearest,Б244,hit,407.611,14762.323,1.359,49.208,15101.120,15101.120,50.337,50.337
32540-202609291130,32540,PTRPVKMCH,6,2026092906,pchip/hold/measured/nearest,А812,hit,8861.200,12740.178,29.537,42.467,5803.186,11715.263,19.344,39.051
32540-202609291130,32540,PTRPVKMCH,6,2026092906,pchip/hold/measured/nearest,Б214,hit,13072.347,14107.653,43.574,47.026,12176.386,14049.046,40.588,46.830
32540-202609291130,32540,PTRPVKMCH,6,2026092906,pchip/hold/measured/bilinear,Б244,hit,407.611,14762.323,1.359,49.208,5750.496,13783.993,19.168,45.947
32540-202609291130,32540,PTRPVKMCH,6,2026092906,pchip/hold/measured/bilinear,Г101,hit,2206.547,8111.136,7.355,27.037,514.652,5117.161,1.716,17.057
32540-202609291130,32540,PTRPVKMCH,6,2026092906,pchip/hold/measured/bilinear,А812,hit,8861.200,12740.178,29.537,42.467,7657.699,10146.776,25.526,33.823
32540-202609291130,32540,PTRPVKMCH,6,2026092906,pchip/hold/measured/bilinear,Б214,hit,13072.347,14107.653,43.574,47.026,10809.916,10809.916,36.033,36.033
32540-202609291130,32540,PTRPVKMCH,6,2026092906,pchip/zero/constant/nearest,Б244,hit,407.611,14762.323,1.359,49.208,14246.399,14246.399,47.488,47.488
32540-202609291130,32540,PTRPVKMCH,6,2026092906,pchip/zero/constant/nearest,Г101,hit,2206.547,8111.136,7.355,27.037,1272.507,5328.984,4.242,17.763
32540-202609291130,32540,PTRPVKMCH,6,2026092906,pchip/zero/constant/nearest,А812,hit,8861.200,12740.178,29.537,42.467,6741.154,11010.456,22.471,36.702
32540-202609291130,32540,PTRPVKMCH,6,2026092906,pchip/zero/constant/nearest,Б214,hit,13072.347,14107.653,43.574,47.026,11561.033,11561.033,38.537,38.537
32540-202609291130,32540,PTRPVKMCH,6,2026092906,pchip/zero/constant/bilinear,Б244,hit,407.611,14762.323,1.359,49.208,6028.691,12724.553,20.096,42.415
32540-202609291130,32540,PTRPVKMCH,6,2026092906,pchip/zero/constant/bilinear,Г101,hit,2206.547,8111.136,7.355,27.037,1688.205,5422.449,5.627,18.075
32540-202609291130,32540,PTRPVKMCH,6,2026092906,pchip/zero/constant/bilinear,А812,hit,8861.200,12740.178,29.537,42.467,9277.668,9277.668,30.926,30.926
32540-202609291130,32540,PTRPVKMCH,6,2026092906,pchip/zero/constant/bilinear,Б214,hit,13072.347,14107.653,43.574,47.026,9998.476,11802.938,33.328,39.343
32540-202609291130,32540,PTRPVKMCH,6,2026092906,pchip/zero/measured/nearest,Б244,hit,407.611,14762.323,1.359,49.208,14246.400,14246.400,47.488,47.488
32540-202609291130,32540,PTRPVKMCH,6,2026092906,pchip/zero/measured/nearest,Г101,hit,2206.547,8111.136,7.355,27.037,1272.507,5328.984,4.242,17.763
32540-202609291130,32540,PTRPVKMCH,6,2026092906,pchip/zero/measured/nearest,А812,hit,8861.200,12740.178,29.537,42.467,6741.153,11010.456,22.471,36.702
32540-202609291130,32540,PTRPVKMCH,6,2026092906,pchip/zero/measured/nearest,Б214,hit,13072.347,14107.653,43.574,47.026,11561.033,11561.033,38.537,38.537
32540-202609291130,32540,PTRPVKMCH,6,2026092906,pchip/zero/measured/bilinear,Б244,hit,407.611,14762.323,1.359,49.208,6028.698,12724.576,20.096,42.415
32540-202609291130,32540,PTRPVKMCH,6,2026092906,pchip/zero/measured/bilinear,Г101,hit,2206.547,8111.136,7.355,27.037,1688.205,5422.456,5.627,18.075
32540-202609291130,32540,PTRPVKMCH,6,2026092906,pchip/zero/measured/bilinear,А812,hit,8861.200,12740.178,29.537,42.467,9277.628,9277.628,30.925,30.925
32540-202609291130,32540,PTRPVKMCH,6,2026092906,pchip/zero/measured/bilinear,Б214,hit,13072.347,14107.653,43.574,47.026,9998.510,11802.972,33.328,39.343
32540-202609291130,32540,PTRPVKMCH,6,2026092906,pchip/power/constant/nearest,Б244,hit,407.611,14762.323,1.359,49.208,14826.595,14826.595,49.422,49.422
32540-202609291130,32540,PTRPVKMCH,6,2026092906,pchip/power/constant/nearest,Г101,hit,2206.547,8111.136,7.355,27.037,452.546,5095.366,1.508,16.985
32540-202609291130,32540,PTRPVKMCH,6,2026092906,pchip/power/constant/nearest,А812,hit,8861.200,12740.178,29.537,42.467,5850.663,11466.484,19.502,38.222
32540-202609291130,32540,PTRPVKMCH,6,2026092906,pchip/power/constant/nearest,Б214,hit,13072.347,14107.653,43.574,47.026,11971.504,13873.562,39.905,46.245
32540-202609291130,32540,PTRPVKMCH,6,2026092906,pchip/power/constant/bilinear,Б244,hit,407.611,14762.323,1.359,49.208,5783.496,13467.702,19.278,44.892
32540-202609291130,32540,PTRPVKMCH,6,2026092906,pchip/power/constant/bilinear,Г101,hit,2206.547,8111.136,7.355,27.037,659.983,5157.857,2.200,17.193
32540-202609291130,32540,PTRPVKMCH,6,2026092906,pchip/power/constant/bilinear,А812,hit,8861.200,12740.178,29.537,42.467,8110.249,9780.415,27.034,32.601
32540-202609291130,32540,PTRPVKMCH,6,2026092906,pchip/power/constant/bilinear,Б214,hit,13072.347,14107.653,43.574,47.026,10537.493,12731.220,35.125,42.437
32540-202609291130,32540,PTRPVKMCH,6,2026092906,pchip/power/measured/nearest,Б244,hit,407.611,14762.323,1.359,49.208,14826.596,14826.596,49.422,49.422
32540-202609291130,32540,PTRPVKMCH,6,2026092906,pchip/power/measured/nearest,Г101,hit,2206.547,8111.136,7.355,27.037,452.546,5095.366,1.508,16.985
32540-202609291130,32540,PTRPVKMCH,6,2026092906,pchip/power/measured/nearest,А812,hit,8861.200,12740.178,29.537,42.467,5850.663,11466.484,19.502,38.222
32540-202609291130,32540,PTRPVKMCH,6,2026092906,pchip/power/measured/nearest,Б214,hit,13072.347,14107.653,43.574,47.026,11971.504,13873.562,39.905,46.245
32540-202609291130,32540,PTRPVKMCH,6,2026092906,pchip/power/measured/bilinear,Б244,hit,407.611,14762.323,1.359,49.208,5783.504,13467.722,19.278,44.892
32540-202609291130,32540,PTRPVKMCH,6,2026092906,pchip/power/measured/bilinear,Г101,hit,2206.547,8111.136,7.355,27.037,659.983,5157.864,2.200,17.193
32540-202609291130,32540,PTRPVKMCH,6,2026092906,pchip/power/measured/bilinear,А812,hit,8861.200,12740.178,29.537,42.467,8110.223,9780.452,27.034,32.602
32540-202609291130,32540,PTRPVKMCH,6,2026092906,pchip/power/measured/bilinear,Б214,hit,13072.347,14107.653,43.574,47.026,10537.519,12731.242,35.125,42.437
32540-202609291130,32540,PTRPVKMCH,6,2026092906,pchip/observed/constant/nearest,Б244,hit,407.611,14762.323,1.359,49.208,14399.443,14399.443,47.998,47.998
32540-202609291130,32540,PTRPVKMCH,6,2026092906,pchip/observed/constant/nearest,Г101,hit,2206.547,8111.136,7.355,27.037,1402.615,5364.693,4.675,17.882
32540-202609291130,32540,PTRPVKMCH,6,2026092906,pchip/observed/constant/nearest,А812,hit,8861.200,12740.178,29.537,42.467,6492.874,11204.760,21.643,37.349
32540-202609291130,32540,PTRPVKMCH,6,2026092906,pchip/observed/constant/nearest,Б214,hit,13072.347,14107.653,43.574,47.026,11737.203,11737.203,39.124,39.124
32540-202609291130,32540,PTRPVKMCH,6,2026092906,pchip/observed/constant/bilinear,Б244,hit,407.611,14762.323,1.359,49.208,6071.619,12956.496,20.239,43.188
32540-202609291130,32540,PTRPVKMCH,6,2026092906,pchip/observed/constant/bilinear,Г101,hit,2206.547,8111.136,7.355,27.037,1791.028,5461.620,5.970,18.205
32540-202609291130,32540,PTRPVKMCH,6,2026092906,pchip/observed/constant/bilinear,А812,hit,8861.200,12740.178,29.537,42.467,8889.800,9430.421,29.633,31.435
32540-202609291130,32540,PTRPVKMCH,6,2026092906,pchip/observed/constant/bilinear,Б214,hit,13072.347,14107.653,43.574,47.026,10288.553,12126.794,34.295,40.423
32540-202609291130,32540,PTRPVKMCH,6,2026092906,pchip/observed/measured/nearest,Б244,hit,407.611,14762.323,1.359,49.208,14399.443,14399.443,47.998,47.998
32540-202609291130,32540,PTRPVKMCH,6,2026092906,pchip/observed/measured/nearest,Г101,hit,2206.547,8111.136,7.355,27.037,1402.615,5364.693,4.675,17.882
32540-202609291130,32540,PTRPVKMCH,6,2026092906,pchip/observed/measured/nearest,А812,hit,8861.200,12740.178,29.537,42.467,6492.874,11204.760,21.643,37.349
32540-202609291130,32540,PTRPVKMCH,6,2026092906,pchip/observed/measured/nearest,Б214,hit,13072.347,14107.653,43.574,47.026,11737.203,11737.203,39.124,39.124
32540-202609291130,32540,PTRPVKMCH,6,2026092906,pchip/observed/measured/bilinear,Б244,hit,407.611,14762.323,1.359,49.208,6071.626,12956.517,20.239,43.188
32540-202609291130,32540,PTRPVKMCH,6,2026092906,pchip/observed/measured/bilinear,Г101,hit,2206.547,8111.136,7.355,27.037,1791.028,5461.627,5.970,18.205
32540-202609291130,32540,PTRPVKMCH,6,2026092906,pchip/observed/measured/bilinear,А812,hit,8861.200,12740.178,29.537,42.467,8889.767,9430.466,29.633,31.435
32540-202609291130,32540,PTRPVKMCH,6,2026092906,pchip/observed/measured/bilinear,Б214,hit,13072.347,14107.653,43.574,47.026,10288.582,12126.821,34.295,40.423
32540-202609291130,32540,PTRPVKMCH,6,2026092906,poly3/hold/constant/nearest,Г101,hit,2206.547,8111.136,7.355,27.037,334.783,5027.327,1.116,16.758
32540-202609291130,32540,PTRPVKMCH,6,2026092906,poly3/hold/constant/nearest,Б244,hit,407.611,14762.323,1.359,49.208,15089.562,15089.562,50.299,50.299
32540-202609291130,32540,PTRPVKMCH,6,2026092906,poly3/hold/constant/nearest,А812,hit,8861.200,12740.178,29.537,42.467,5786.615,11718.184,19.289,39.061
32540-202609291130,32540,PTRPVKMCH,6,2026092906,poly3/hold/constant/nearest,Б214,hit,13072.347,14107.653,43.574,47.026,12180.451,14039.741,40.602,46.799
32540-202609291130,32540,PTRPVKMCH,6,2026092906,poly3/hold/constant/bilinear,Б244,hit,407.611,14762.323,1.359,49.208,5741.114,13795.745,19.137,45.986
32540-202609291130,32540,PTRPVKMCH,6,2026092906,poly3/hold/constant/bilinear,Г101,hit,2206.547,8111.136,7.355,27.037,514.652,5107.303,1.716,17.024
32540-202609291130,32540,PTRPVKMCH,6,2026092906,poly3/hold/constant/bilinear,А812,hit,8861.200,12740.178,29.537,42.467,7626.177,10159.402,25.421,33.865
32540-202609291130,32540,PTRPVKMCH,6,2026092906,poly3/hold/constant/bilinear,Б214,hit,13072.347,14107.653,43.574,47.026,10820.837,10820.837,36.069,36.069
32540-202609291130,32540,PTRPVKMCH,6,2026092906,poly3/hold/measured/nearest,Г101,hit,2206.547,8111.136,7.355,27.037,334.783,5027.344,1.116,16.758
32540-202609291130,32540,PTRPVKMCH,6,2026092906,poly3/hold/measured/nearest,Б244,hit,407.611,14762.323,1.359,49.208,15089.561,15089.561,50.299,50.299
32540-202609291130,32540,PTRPVKMCH,6,2026092906,poly3/hold/measured/nearest,А812,hit,8861.200,12740.178,29.537,42.467,5786.631,11718.194,19.289,39.061
32540-202609291130,32540,PTRPVKMCH,6,2026092906,poly3/hold/measured/nearest,Б214,hit,13072.347,14107.653,43.574,47.026,12180.460,14039.748,40.602,46.799
32540-202609291130,32540,PTRPVKMCH,6,2026092906,poly3/hold/measured/bilinear,Б244,hit,407.611,14762.323,1.359,49.208,5741.131,13795.751,19.137,45.986
32540-202609291130,32540,PTRPVKMCH,6,2026092906,poly3/hold/measured/bilinear,Г101,hit,2206.547,8111.136,7.355,27.037,514.652,5107.319,1.716,17.024
32540-202609291130,32540,PTRPVKMCH,6,2026092906,poly3/hold/measured/bilinear,А812,hit,8861.200,12740.178,29.537,42.467,7626.169,10159.427,25.421,33.865
32540-202609291130,32540,PTRPVKMCH,6,2026092906,poly3/hold/measured/bilinear,Б214,hit,13072.347,14107.653,43.574,47.026,10820.856,10820.856,36.070,36.070
32540-202609291130,32540,PTRPVKMCH,6,2026092906,poly3/zero/constant/nearest,Б244,hit,407.611,14762.323,1.359,49.208,14344.993,14344.993,47.817,47.817
32540-202609291130,32540,PTRPVKMCH,6,2026092906,poly3/zero/constant/nearest,Г101,hit,2206.547,8111.136,7.355,27.037,1610.182,5412.420,5.367,18.041
32540-202609291130,32540,PTRPVKMCH,6,2026092906,poly3/zero/constant/nearest,А812,hit,8861.200,12740.178,29.537,42.467,6582.789,11188.413,21.943,37.295
32540-202609291130,32540,PTRPVKMCH,6,2026092906,poly3/zero/constant/nearest,Б214,hit,13072.347,14107.653,43.574,47.026,11722.830,11722.830,39.076,39.076
32540-202609291130,32540,PTRPVKMCH,6,2026092906,poly3/zero/constant/bilinear,Б244,hit,407.611,14762.323,1.359,49.208,827.162,12741.719,2.757,42.472
32540-202609291130,32540,PTRPVKMCH,6,2026092906,poly3/zero/constant/bilinear,Г101,hit,2206.547,8111.136,7.355,27.037,2016.392,5567.786,6.721,18.559
32540-202609291130,32540,PTRPVKMCH,6,2026092906,poly3/zero/constant/bilinear,А812,hit,8861.200,12740.178,29.537,42.467,9240.915,9274.988,30.803,30.917
32540-202609291130,32540,PTRPVKMCH,6,2026092906,poly3/zero/constant/bilinear,Б214,hit,13072.347,14107.653,43.574,47.026,10164.565,11827.947,33.882,39.426
32540-202609291130,32540,PTRPVKMCH,6,2026092906,poly3/zero/measured/nearest,Б244,hit,407.611,14762.323,1.359,49.208,14344.993,14344.993,47.817,47.817
32540-202609291130,32540,PTRPVKMCH,6,2026092906,poly3/zero/measured/nearest,Г101,hit,2206.547,8111.136,7.355,27.037,1610.182,5412.436,5.367,18.041
32540-202609291130,32540,PTRPVKMCH,6,2026092906,poly3/zero/measured/nearest,А812,hit,8861.200,12740.178,29.537,42.467,6582.791,11188.425,21.943,37.295
32540-202609291130,32540,PTRPVKMCH,6,2026092906,poly3/zero/measured/nearest,Б214,hit,13072.347,14107.653,43.574,47.026,11722.840,11722.840,39.076,39.076
32540-202609291130,32540,PTRPVKMCH,6,2026092906,poly3/zero/measured/bilinear,Б244,hit,407.611,14762.323,1.359,49.208,827.162,12741.727,2.757,42.472
32540-202609291130,32540,PTRPVKMCH,6,2026092906,poly3/zero/measured/bilinear,Г101,hit,2206.547,8111.136,7.355,27.037,2016.392,5567.801,6.721,18.559
32540-202609291130,32540,PTRPVKMCH,6,2026092906,poly3/zero/measured/bilinear,А812,hit,8861.200,12740.178,29.537,42.467,9240.956,9274.975,30.803,30.917
32540-202609291130,32540,PTRPVKMCH,6,2026092906,poly3/zero/measured/bilinear,Б214,hit,13072.347,14107.653,43.574,47.026,10164.589,11827.960,33.882,39.427
32540-202609291130,32540,PTRPVKMCH,6,2026092906,poly3/power/constant/nearest,Б244,hit,407.611,14762.323,1.359,49.208,14826.612,14826.612,49.422,49.422
32540-202609291130,32540,PTRPVKMCH,6,2026092906,poly3/power/constant/nearest,Г101,hit,2206.547,8111.136,7.355,27.037,452.546,5077.993,1.508,16.927
32540-202609291130,32540,PTRPVKMCH,6,2026092906,poly3/power/constant/nearest,А812,hit,8861.200,12740.178,29.537,42.467,5834.516,11470.654,19.448,38.236
32540-202609291130,32540,PTRPVKMCH,6,2026092906,poly3/power/constant/nearest,Б214,hit,13072.347,14107.653,43.574,47.026,11974.517,13865.118,39.915,46.217
32540-202609291130,32540,PTRPVKMCH,6,2026092906,poly3/power/constant/bilinear,Б244,hit,407.611,14762.323,1.359,49.208,5774.025,13483.088,19.247,44.944
32540-202609291130,32540,PTRPVKMCH,6,2026092906,poly3/power/constant/bilinear,Г101,hit,2206.547,8111.136,7.355,27.037,659.983,5148.161,2.200,17.161
32540-202609291130,32540,PTRPVKMCH,6,2026092906,poly3/power/constant/bilinear,А812,hit,8861.200,12740.178,29.537,42.467,8070.815,9795.776,26.903,32.653
32540-202609291130,32540,PTRPVKMCH,6,2026092906,poly3/power/constant/bilinear,Б214,hit,13072.347,14107.653,43.574,47.026,10548.999,12754.574,35.163,42.515
32540-202609291130,32540,PTRPVKMCH,6,2026092906,poly3/power/measured/nearest,Б244,hit,407.611,14762.323,1.359,49.208,14826.612,14826.612,49.422,49.422
32540-202609291130,32540,PTRPVKMCH,6,2026092906,poly3/power/measured/nearest,Г101,hit,2206.547,8111.136,7.355,27.037,452.546,5078.010,1.508,16.927
32540-202609291130,32540,PTRPVKMCH,6,2026092906,poly3/power/measured/nearest,А812,hit,8861.200,12740.178,29.537,42.467,5834.531,11470.665,19.448,38.236
32540-202609291130,32540,PTRPVKMCH,6,2026092906,poly3/power/measured/nearest,Б214,hit,13072.347,14107.653,43.574,47.026,11974.526,13865.124,39.915,46.217
32540-202609291130,32540,PTRPVKMCH,6,2026092906,poly3/power/measured/bilinear,Б244,hit,407.611,14762.323,1.359,49.208,5774.041,13483.096,19.247,44.944
32540-202609291130,32540,PTRPVKMCH,6,2026092906,poly3/power/measured/bilinear,Г101,hit,2206.547,8111.136,7.355,27.037,659.983,5148.177,2.200,17.161
32540-202609291130,32540,PTRPVKMCH,6,2026092906,poly3/power/measured/bilinear,А812,hit,8861.200,12740.178,29.537,42.467,8070.806,9795.806,26.903,32.653
32540-202609291130,32540,PTRPVKMCH,6,2026092906,poly3/power/measured/bilinear,Б214,hit,13072.347,14107.653,43.574,47.026,10549.020,12754.583,35.163,42.515
32540-202609291130,32540,PTRPVKMCH,6,2026092906,poly3/observed/constant/nearest,Б244,hit,407.611,14762.323,1.359,49.208,14482.024,14482.024,48.273,48.273
32540-202609291130,32540,PTRPVKMCH,6,2026092906,poly3/observed/constant/nearest,Г101,hit,2206.547,8111.136,7.355,27.037,1687.291,5444.571,5.624,18.149
32540-202609291130,32540,PTRPVKMCH,6,2026092906,poly3/observed/constant/nearest,А812,hit,8861.200,12740.178,29.537,42.467,6367.436,11360.258,21.225,37.868
32540-202609291130,32540,PTRPVKMCH,6,2026092906,poly3/observed/constant/nearest,Б214,hit,13072.347,14107.653,43.574,47.026,11872.897,11872.897,39.576,39.576
32540-202609291130,32540,PTRPVKMCH,6,2026092906,poly3/observed/constant/bilinear,Б244,hit,407.611,14762.323,1.359,49.208,618.010,12948.649,2.060,43.162
32540-202609291130,32540,PTRPVKMCH,6,2026092906,poly3/observed/constant/bilinear,Г101,hit,2206.547,8111.136,7.355,27.037,2074.192,5603.595,6.914,18.679
32540-202609291130,32540,PTRPVKMCH,6,2026092906,poly3/observed/constant/bilinear,А812,hit,8861.200,12740.178,29.537,42.467,8920.672,9620.769,29.736,32.069
32540-202609291130,32540,PTRPVKMCH,6,2026092906,poly3/observed/constant/bilinear,Б214,hit,13072.347,14107.653,43.574,47.026,10409.837,12122.606,34.699,40.409
32540-202609291130,32540,PTRPVKMCH,6,2026092906,poly3/observed/measured/nearest,Б244,hit,407.611,14762.323,1.359,49.208,14482.023,14482.023,48.273,48.273
32540-202609291130,32540,PTRPVKMCH,6,2026092906,poly3/observed/measured/nearest,Г101,hit,2206.547,8111.136,7.355,27.037,1687.291,5444.587,5.624,18.149
32540-202609291130,32540,PTRPVKMCH,6,2026092906,poly3/observed/measured/nearest,А812,hit,8861.200,12740.178,29.537,42.467,6367.438,11360.269,21.225,37.868
32540-202609291130,32540,PTRPVKMCH,6,2026092906,poly3/observed/measured/nearest,Б214,hit,13072.347,14107.653,43.574,47.026,11872.907,11872.907,39.576,39.576
32540-202609291130,32540,PTRPVKMCH,6,2026092906,poly3/observed/measured/bilinear,Б244,hit,407.611,14762.323,1.359,49.208,618.010,12948.657,2.060,43.162
32540-202609291130,32540,PTRPVKMCH,6,2026092906,poly3/observed/measured/bilinear,Г101,hit,2206.547,8111.136,7.355,27.037,2074.192,5603.611,6.914,18.679
32540-202609291130,32540,PTRPVKMCH,6,2026092906,poly3/observed/measured/bilinear,А812,hit,8861.200,12740.178,29.537,42.467,8920.661,9620.801,29.736,32.069
32540-202609291130,32540,PTRPVKMCH,6,2026092906,poly3/observed/measured/bilinear,Б214,hit,13072.347,14107.653,43.574,47.026,10409.858,12122.617,34.700,40.409
24122-202609292330,24122,OLENEK,6,2026092918,step/hold/constant/nearest,B927,hit,3065.712,3065.712,10.219,10.219,3415.103,3415.103,11.384,11.384
24122-202609292330,24122,OLENEK,6,2026092918,step/hold/constant/nearest,W325,hit,4044.614,10326.592,13.482,34.422,5580.883,5580.883,18.603,18.603
24122-202609292330,24122,OLENEK,6,2026092918,step/hold/constant/bilinear,B927,hit,3065.712,3065.712,10.219,10.219,3217.337,3217.337,10.724,10.724
24122-202609292330,24122,OLENEK,6,2026092918,step/hold/constant/bilinear,W325,hit,4044.614,10326.592,13.482,34.422,5045.835,5045.835,16.819,16.819
24122-202609292330,24122,OLENEK,6,2026092918,step/hold/measured/nearest,B927,hit,3065.712,3065.712,10.219,10.219,3415.103,3415.103,11.384,11.384
24122-202609292330,24122,OLENEK,6,2026092918,step/hold/measured/nearest,W325,hit,4044.614,10326.592,13.482,34.422,5575.503,5575.503,18.585,18.585
24122-202609292330,24122,OLENEK,6,2026092918,step/hold/measured/bilinear,B927,hit,3065.712,3065.712,10.219,10.219,3217.337,3217.337,10.724,10.724
24122-202609292330,24122,OLENEK,6,2026092918,step/hold/measured/bilinear,W325,hit,4044.614,10326.592,13.482,34.422,5041.719,5041.719,16.806,16.806
24122-202609292330,24122,OLENEK,6,2026092918,step/zero/constant/nearest,B927,hit,3065.712,3065.712,10.219,10.219,3607.988,3607.988,12.027,12.027
24122-202609292330,24122,OLENEK,6,2026092918,step/zero/constant/nearest,W325,miss,4044.614,10326.592,13.482,34.422,,,,
24122-202609292330,24122,OLENEK,6,2026092918,step/zero/constant/bilinear,B927,hit,3065.712,3065.712,10.219,10.219,3453.707,3453.707,11.512,11.512
24122-202609292330,24122,OLENEK,6,2026092918,step/zero/constant/bilinear,W325,hit,4044.614,10326.592,13.482,34.422,4581.966,4581.966,15.273,15.273
24122-202609292330,24122,OLENEK,6,2026092918,step/zero/measured/nearest,B927,hit,3065.712,3065.712,10.219,10.219,3602.483,3602.483,12.008,12.008
24122-202609292330,24122,OLENEK,6,2026092918,step/zero/measured/nearest,W325,miss,4044.614,10326.592,13.482,34.422,,,,
24122-202609292330,24122,OLENEK,6,2026092918,step/zero/measured/bilinear,B927,hit,3065.712,3065.712,10.219,10.219,3453.706,3453.706,11.512,11.512
24122-202609292330,24122,OLENEK,6,2026092918,step/zero/measured/bilinear,W325,hit,4044.614,10326.592,13.482,34.422,4578.245,4578.245,15.261,15.261
24122-202609292330,24122,OLENEK,6,2026092918,step/power/constant/nearest,B927,hit,3065.712,3065.712,10.219,10.219,3464.217,3464.217,11.547,11.547
24122-202609292330,24122,OLENEK,6,2026092918,step/power/constant/nearest,W325,hit,4044.614,10326.592,13.482,34.422,5329.095,5329.095,17.764,17.764
24122-202609292330,24122,OLENEK,6,2026092918,step/power/constant/bilinear,B927,hit,3065.712,3065.712,10.219,10.219,3276.166,3276.166,10.921,10.921
24122-202609292330,24122,OLENEK,6,2026092918,step/power/constant/bilinear,W325,hit,4044.614,10326.592,13.482,34.422,4799.402,4799.402,15.998,15.998
24122-202609292330,24122,OLENEK,6,2026092918,step/power/measured/nearest,B927,hit,3065.712,3065.712,10.219,10.219,3464.217,3464.217,11.547,11.547
24122-202609292330,24122,OLENEK,6,2026092918,step/power/measured/nearest,W325,hit,4044.614,10326.592,13.482,34.422,5323.718,5323.718,17.746,17.746
24122-202609292330,24122,OLENEK,6,2026092918,step/power/measured/bilinear,B927,hit,3065.712,3065.712,10.219,10.219,3276.166,3276.166,10.921,10.921
24122-202609292330,24122,OLENEK,6,2026092918,step/power/measured/bilinear,W325,hit,4044.614,10326.592,13.482,34.422,4780.722,4780.722,15.936,15.936
24122-202609292330,24122,OLENEK,6,2026092918,step/observed/constant/nearest,B927,hit,3065.712,3065.712,10.219,10.219,3567.687,3567.687,11.892,11.892
24122-202609292330,24122,OLENEK,6,2026092918,step/observed/constant/nearest,W325,hit,4044.614,10326.592,13.482,34.422,4477.484,4477.484,14.925,14.925
24122-202609292330,24122,OLENEK,6,2026092918,step/observed/constant/bilinear,B927,hit,3065.712,3065.712,10.219,10.219,3410.136,3410.136,11.367,11.367
24122-202609292330,24122,OLENEK,6,2026092918,step/observed/constant/bilinear,W325,hit,4044.614,10326.592,13.482,34.422,4526.756,4526.756,15.089,15.089
24122-202609292330,24122,OLENEK,6,2026092918,step/observed/measured/nearest,B927,hit,3065.712,3065.712,10.219,10.219,3567.687,3567.687,11.892,11.892
24122-202609292330,24122,OLENEK,6,2026092918,step/observed/measured/nearest,W325,hit,4044.614,10326.592,13.482,34.422,4452.637,4452.637,14.842,14.842
24122-202609292330,24122,OLENEK,6,2026092918,step/observed/measured/bilinear,B927,hit,3065.712,3065.712,10.219,10.219,3410.135,3410.135,11.367,11.367
24122-202609292330,24122,OLENEK,6,2026092918,step/observed/measured/bilinear,W325,hit,4044.614,10326.592,13.482,34.422,4523.035,4523.035,15.077,15.077
24122-202609292330,24122,OLENEK,6,2026092918,linear/hold/constant/nearest,B927,hit,3065.712,3065.712,10.219,10.219,3378.876,3378.876,11.263,11.263
24122-202609292330,24122,OLENEK,6,2026092918,linear/hold/constant/nearest,W325,hit,4044.614,10326.592,13.482,34.422,5574.210,5574.210,18.581,18.581
24122-202609292330,24122,OLENEK,6,2026092918,linear/hold/constant/bilinear,B927,hit,3065.712,3065.712,10.219,10.219,3208.606,3208.606,10.695,10.695
24122-202609292330,24122,OLENEK,6,2026092918,linear/hold/constant/bilinear,W325,hit,4044.614,10326.592,13.482,34.422,5004.274,5004.274,16.681,16.681
24122-202609292330,24122,OLENEK,6,2026092918,linear/hold/measured/nearest,B927,hit,3065.712,3065.712,10.219,10.219,3378.915,3378.915,11.263,11.263
24122-202609292330,24122,OLENEK,6,2026092918,linear/hold/measured/nearest,W325,hit,4044.614,10326.592,13.482,34.422,5574.220,5574.220,18.581,18.581
24122-202609292330,24122,OLENEK,6,2026092918,linear/hold/measured/bilinear,B927,hit,3065.712,3065.712,10.219,10.219,3208.584,3208.584,10.695,10.695
24122-202609292330,24122,OLENEK,6,2026092918,linear/hold/measured/bilinear,W325,hit,4044.614,10326.592,13.482,34.422,5004.300,5004.300,16.681,16.681
24122-202609292330,24122,OLENEK,6,2026092918,linear/zero/constant/nearest,B927,hit,3065.712,3065.712,10.219,10.219,3539.561,3539.561,11.799,11.799
24122-202609292330,24122,OLENEK,6,2026092918,linear/zero/constant/nearest,W325,hit,4044.614,10326.592,13.482,34.422,4549.455,4549.455,15.165,15.165
24122-202609292330,24122,OLENEK,6,2026092918,linear/zero/constant/bilinear,B927,hit,3065.712,3065.712,10.219,10.219,3418.874,3418.874,11.396,11.396
24122-202609292330,24122,OLENEK,6,2026092918,linear/zero/constant/bilinear,W325,hit,4044.614,10326.592,13.482,34.422,4563.742,4563.742,15.212,15.212
24122-202609292330,24122,OLENEK,6,2026092918,linear/zero/measured/nearest,B927,hit,3065.712,3065.712,10.219,10.219,3539.616,3539.616,11.799,11.799
24122-202609292330,24122,OLENEK,6,2026092918,linear/zero/measured/nearest,W325,hit,4044.614,10326.592,13.482,34.422,4549.411,4549.411,15.165,15.165
24122-202609292330,24122,OLENEK,6,2026092918,linear/zero/measured/bilinear,B927,hit,3065.712,3065.712,10.219,10.219,3418.876,3418.876,11.396,11.396
24122-202609292330,24122,OLENEK,6,2026092918,linear/zero/measured/bilinear,W325,hit,4044.614,10326.592,13.482,34.422,4563.799,4563.799,15.213,15.213
24122-202609292330,24122,OLENEK,6,2026092918,linear/power/constant/nearest,B927,hit,3065.712,3065.712,10.219,10.219,3419.786,3419.786,11.399,11.399
24122-202609292330,24122,OLENEK,6,2026092918,linear/power/constant/nearest,W325,hit,4044.614,10326.592,13.482,34.422,5327.417,5327.417,17.758,17.758
24122-202609292330,24122,OLENEK,6,2026092918,linear/power/constant/bilinear,B927,hit,3065.712,3065.712,10.219,10.219,3262.417,3262.417,10.875,10.875
24122-202609292330,24122,OLENEK,6,2026092918,linear/power/constant/bilinear,W325,hit,4044.614,10326.592,13.482,34.422,4656.137,4656.137,15.520,15.520
24122-202609292330,24122,OLENEK,6,2026092918,linear/power/measured/nearest,B927,hit,3065.712,3065.712,10.219,10.219,3419.792,3419.792,11.399,11.399
24122-202609292330,24122,OLENEK,6,2026092918,linear/power/measured/nearest,W325,hit,4044.614,10326.592,13.482,34.422,5327.428,5327.428,17.758,17.758
24122-202609292330,24122,OLENEK,6,2026092918,linear/power/measured/bilinear,B927,hit,3065.712,3065.712,10.219,10.219,3262.400,3262.400,10.875,10.875
24122-202609292330,24122,OLENEK,6,2026092918,linear/power/measured/bilinear,W325,hit,4044.614,10326.592,13.482,34.422,4656.236,4656.236,15.521,15.521
24122-202609292330,24122,OLENEK,6,2026092918,linear/observed/constant/nearest,B927,hit,3065.712,3065.712,10.219,10.219,3503.860,3503.860,11.680,11.680
24122-202609292330,24122,OLENEK,6,2026092918,linear/observed/constant/nearest,W325,hit,4044.614,10326.592,13.482,34.422,4433.670,4433.670,14.779,14.779
24122-202609292330,24122,OLENEK,6,2026092918,linear/observed/constant/bilinear,B927,hit,3065.712,3065.712,10.219,10.219,3381.282,3381.282,11.271,11.271
24122-202609292330,24122,OLENEK,6,2026092918,linear/observed/constant/bilinear,W325,hit,4044.614,10326.592,13.482,34.422,4513.188,4513.188,15.044,15.044
24122-202609292330,24122,OLENEK,6,2026092918,linear/observed/measured/nearest,B927,hit,3065.712,3065.712,10.219,10.219,3503.791,3503.791,11.679,11.679
24122-202609292330,24122,OLENEK,6,2026092918,linear/observed/measured/nearest,W325,hit,4044.614,10326.592,13.482,34.422,4433.683,4433.683,14.779,14.779
24122-202609292330,24122,OLENEK,6,2026092918,linear/observed/measured/bilinear,B927,hit,3065.712,3065.712,10.219,10.219,3381.321,3381.321,11.271,11.271
24122-202609292330,24122,OLENEK,6,2026092918,linear/observed/measured/bilinear,W325,hit,4044.614,10326.592,13.482,34.422,4513.254,4513.254,15.044,15.044
24122-202609292330,24122,OLENEK,6,2026092918,spline/hold/constant/nearest,B927,hit,3065.712,3065.712,10.219,10.219,3378.597,3378.597,11.262,11.262
24122-202609292330,24122,OLENEK,6,2026092918,spline/hold/constant/nearest,W325,hit,4044.614,10326.592,13.482,34.422,5548.138,5548.138,18.494,18.494
24122-202609292330,24122,OLENEK,6,2026092918,spline/hold/constant/bilinear,B927,hit,3065.712,3065.712,10.219,10.219,3203.048,3203.048,10.677,10.677
24122-202609292330,24122,OLENEK,6,2026092918,spline/hold/constant/bilinear,W325,hit,4044.614,10326.592,13.482,34.422,4970.421,4970.421,16.568,16.568
24122-202609292330,24122,OLENEK,6,2026092918,spline/hold/measured/nearest,B927,hit,3065.712,3065.712,10.219,10.219,3378.633,3378.633,11.262,11.262
24122-202609292330,24122,OLENEK,6,2026092918,spline/hold/measured/nearest,W325,hit,4044.614,10326.592,13.482,34.422,5548.137,5548.137,18.494,18.494
24122-202609292330,24122,OLENEK,6,2026092918,spline/hold/measured/bilinear,B927,hit,3065.712,3065.712,10.219,10.219,3203.018,3203.018,10.677,10.677
24122-202609292330,24122,OLENEK,6,2026092918,spline/hold/measured/bilinear,W325,hit,4044.614,10326.592,13.482,34.422,4970.430,4970.430,16.568,16.568
24122-202609292330,24122,OLENEK,6,2026092918,spline/zero/constant/nearest,B927,hit,3065.712,3065.712,10.219,10.219,3601.903,3601.903,12.006,12.006
24122-202609292330,24122,OLENEK,6,2026092918,spline/zero/constant/nearest,W325,hit,4044.614,10326.592,13.482,34.422,4873.586,4873.586,16.245,16.245
24122-202609292330,24122,OLENEK,6,2026092918,spline/zero/constant/bilinear,B927,hit,3065.712,3065.712,10.219,10.219,3471.588,3471.588,11.572,11.572
24122-202609292330,24122,OLENEK,6,2026092918,spline/zero/constant/bilinear,W325,hit,4044.614,10326.592,13.482,34.422,4546.254,4546.254,15.154,15.154
24122-202609292330,24122,OLENEK,6,2026092918,spline/zero/measured/nearest,B927,hit,3065.712,3065.712,10.219,10.219,3601.819,3601.819,12.006,12.006
24122-202609292330,24122,OLENEK,6,2026092918,spline/zero/measured/nearest,W325,hit,4044.614,10326.592,13.482,34.422,4873.602,4873.602,16.245,16.245
24122-202609292330,24122,OLENEK,6,2026092918,spline/zero/measured/bilinear,B927,hit,3065.712,3065.712,10.219,10.219,3471.601,3471.601,11.572,11.572
24122-202609292330,24122,OLENEK,6,2026092918,spline/zero/measured/bilinear,W325,hit,4044.614,10326.592,13.482,34.422,4546.211,4546.211,15.154,15.154
24122-202609292330,24122,OLENEK,6,2026092918,spline/power/constant/nearest,B927,hit,3065.712,3065.712,10.219,10.219,3420.206,3420.206,11.401,11.401
24122-202609292330,24122,OLENEK,6,2026092918,spline/power/constant/nearest,W325,hit,4044.614,10326.592,13.482,34.422,5298.843,5298.843,17.663,17.663
24122-202609292330,24122,OLENEK,6,2026092918,spline/power/constant/bilinear,B927,hit,3065.712,3065.712,10.219,10.219,3257.285,3257.285,10.858,10.858
24122-202609292330,24122,OLENEK,6,2026092918,spline/power/constant/bilinear,W325,hit,4044.614,10326.592,13.482,34.422,4612.864,4612.864,15.376,15.376
24122-202609292330,24122,OLENEK,6,2026092918,spline/power/measured/nearest,B927,hit,3065.712,3065.712,10.219,10.219,3420.213,3420.213,11.401,11.401
24122-202609292330,24122,OLENEK,6,2026092918,spline/power/measured/nearest,W325,hit,4044.614,10326.592,13.482,34.422,5298.842,5298.842,17.663,17.663
24122-202609292330,24122,OLENEK,6,2026092918,spline/power/measured/bilinear,B927,hit,3065.712,3065.712,10.219,10.219,3257.258,3257.258,10.858,10.858
24122-202609292330,24122,OLENEK,6,2026092918,spline/power/measured/bilinear,W325,hit,4044.614,10326.592,13.482,34.422,4613.005,4613.005,15.377,15.377
24122-202609292330,24122,OLENEK,6,2026092918,spline/observed/constant/nearest,B927,hit,3065.712,3065.712,10.219,10.219,3572.984,3572.984,11.910,11.910
24122-202609292330,24122,OLENEK,6,2026092918,spline/observed/constant/nearest,W325,hit,4044.614,10326.592,13.482,34.422,5000.515,5000.515,16.668,16.668
24122-202609292330,24122,OLENEK,6,2026092918,spline/observed/constant/bilinear,B927,hit,3065.712,3065.712,10.219,10.219,3441.267,3441.267,11.471,11.471
24122-202609292330,24122,OLENEK,6,2026092918,spline/observed/constant/bilinear,W325,miss,4044.614,10326.592,13.482,34.422,,,,
24122-202609292330,24122,OLENEK,6,2026092918,spline/observed/measured/nearest,B927,hit,3065.712,3065.712,10.219,10.219,3573.017,3573.017,11.910,11.910
24122-202609292330,24122,OLENEK,6,2026092918,spline/observed/measured/nearest,W325,hit,4044.614,10326.592,13.482,34.422,5000.513,5000.513,16.668,16.668
24122-202609292330,24122,OLENEK,6,2026092918,spline/observed/measured/bilinear,B927,hit,3065.712,3065.712,10.219,10.219,3441.307,3441.307,11.471,11.471
24122-202609292330,24122,OLENEK,6,2026092918,spline/observed/measured/bilinear,W325,miss,4044.614,10326.592,13.482,34.422,,,,
24122-202609292330,24122,OLENEK,6,2026092918,pchip/hold/constant/nearest,B927,hit,3065.712,3065.712,10.219,10.219,3376.335,3376.335,11.254,11.254
24122-202609292330,24122,OLENEK,6,2026092918,pchip/hold/constant/nearest,W325,hit,4044.614,10326.592,13.482,34.422,5534.010,5534.010,18.447,18.447
24122-202609292330,24122,OLENEK,6,2026092918,pchip/hold/constant/bilinear,B927,hit,3065.712,3065.712,10.219,10.219,3201.073,3201.073,10.670,10.670
24122-202609292330,24122,OLENEK,6,2026092918,pchip/hold/constant/bilinear,W325,hit,4044.614,10326.592,13.482,34.422,4949.117,4949.117,16.497,16.497
24122-202609292330,24122,OLENEK,6,2026092918,pchip/hold/measured/nearest,B927,hit,3065.712,3065.712,10.219,10.219,3376.363,3376.363,11.255,11.255
24122-202609292330,24122,OLENEK,6,2026092918,pchip/hold/measured/nearest,W325,hit,4044.614,10326.592,13.482,34.422,5534.010,5534.010,18.447,18.447
24122-202609292330,24122,OLENEK,6,2026092918,pchip/hold/measured/bilinear,B927,hit,3065.712,3065.712,10.219,10.219,3201.037,3201.037,10.670,10.670
24122-202609292330,24122,OLENEK,6,2026092918,pchip/hold/measured/bilinear,W325,hit,4044.614,10326.592,13.482,34.422,4949.095,4949.095,16.497,16.497
24122-202609292330,24122,OLENEK,6,2026092918,pchip/zero/constant/nearest,B927,hit,3065.712,3065.712,10.219,10.219,3608.643,3608.643,12.029,12.029
24122-202609292330,24122,OLENEK,6,2026092918,pchip/zero/constant/nearest,W325,hit,4044.614,10326.592,13.482,34.422,4951.398,4951.398,16.505,16.505
24122-202609292330,24122,OLENEK,6,2026092918,pchip/zero/constant/bilinear,B927,hit,3065.712,3065.712,10.219,10.219,3477.628,3477.628,11.592,11.592
24122-202609292330,24122,OLENEK,6,2026092918,pchip/zero/constant/bilinear,W325,hit,4044.614,10326.592,13.482,34.422,4538.975,4538.975,15.130,15.130
24122-202609292330,24122,OLENEK,6,2026092918,pchip/zero/measured/nearest,B927,hit,3065.712,3065.712,10.219,10.219,3608.598,3608.598,12.029,12.029
24122-202609292330,24122,OLENEK,6,2026092918,pchip/zero/measured/nearest,W325,hit,4044.614,10326.592,13.482,34.422,4951.418,4951.418,16.505,16.505
24122-202609292330,24122,OLENEK,6,2026092918,pchip/zero/measured/bilinear,B927,hit,3065.712,3065.712,10.219,10.219,3477.663,3477.663,11.592,11.592
24122-202609292330,24122,OLENEK,6,2026092918,pchip/zero/measured/bilinear,W325,hit,4044.614,10326.592,13.482,34.422,4538.955,4538.955,15.130,15.130
24122-202609292330,24122,OLENEK,6,2026092918,pchip/power/constant/nearest,B927,hit,3065.712,3065.712,10.219,10.219,3417.596,3417.596,11.392,11.392
24122-202609292330,24122,OLENEK,6,2026092918,pchip/power/constant/nearest,W325,hit,4044.614,10326.592,13.482,34.422,5282.956,5282.956,17.610,17.610
24122-202609292330,24122,OLENEK,6,2026092918,pchip/power/constant/bilinear,B927,hit,3065.712,3065.712,10.219,10.219,3255.076,3255.076,10.850,10.850
24122-202609292330,24122,OLENEK,6,2026092918,pchip/power/constant/bilinear,W325,hit,4044.614,10326.592,13.482,34.422,4583.239,4583.239,15.277,15.277
24122-202609292330,24122,OLENEK,6,2026092918,pchip/power/measured/nearest,B927,hit,3065.712,3065.712,10.219,10.219,3417.593,3417.593,11.392,11.392
24122-202609292330,24122,OLENEK,6,2026092918,pchip/power/measured/nearest,W325,hit,4044.614,10326.592,13.482,34.422,5282.955,5282.955,17.610,17.610
24122-202609292330,24122,OLENEK,6,2026092918,pchip/power/measured/bilinear,B927,hit,3065.712,3065.712,10.219,10.219,3255.042,3255.042,10.850,10.850
24122-202609292330,24122,OLENEK,6,2026092918,pchip/power/measured/bilinear,W325,hit,4044.614,10326.592,13.482,34.422,4583.215,4583.215,15.277,15.277
24122-202609292330,24122,OLENEK,6,2026092918,pchip/observed/constant/nearest,B927,hit,3065.712,3065.712,10.219,10.219,3579.944,3579.944,11.933,11.933
24122-202609292330,24122,OLENEK,6,2026092918,pchip/observed/constant/nearest,W325,hit,4044.614,10326.592,13.482,34.422,5057.499,5057.499,16.858,16.858
24122-202609292330,24122,OLENEK,6,2026092918,pchip/observed/constant/bilinear,B927,hit,3065.712,3065.712,10.219,10.219,3447.628,3447.628,11.492,11.492
24122-202609292330,24122,OLENEK,6,2026092918,pchip/observed/constant/bilinear,W325,miss,4044.614,10326.592,13.482,34.422,,,,
24122-202609292330,24122,OLENEK,6,2026092918,pchip/observed/measured/nearest,B927,hit,3065.712,3065.712,10.219,10.219,3580.016,3580.016,11.933,11.933
24122-202609292330,24122,OLENEK,6,2026092918,pchip/observed/measured/nearest,W325,hit,4044.614,10326.592,13.482,34.422,5057.498,5057.498,16.858,16.858
24122-202609292330,24122,OLENEK,6,2026092918,pchip/observed/measured/bilinear,B927,hit,3065.712,3065.712,10.219,10.219,3447.590,3447.590,11.492,11.492
24122-202609292330,24122,OLENEK,6,2026092918,pchip/observed/measured/bilinear,W325,miss,4044.614,10326.592,13.482,34.422,,,,
24122-202609292330,24122,OLENEK,6,2026092918,poly3/hold/constant/nearest,B927,hit,3065.712,3065.712,10.219,10.219,3374.239,3374.239,11.247,11.247
24122-202609292330,24122,OLENEK,6,2026092918,poly3/hold/constant/nearest,W325,hit,4044.614,10326.592,13.482,34.422,5528.302,5528.302,18.428,18.428
24122-202609292330,24122,OLENEK,6,2026092918,poly3/hold/constant/bilinear,B927,hit,3065.712,3065.712,10.219,10.219,3199.322,3199.322,10.664,10.664
24122-202609292330,24122,OLENEK,6,2026092918,poly3/hold/constant/bilinear,W325,hit,4044.614,10326.592,13.482,34.422,4928.856,4928.856,16.430,16.430
24122-202609292330,24122,OLENEK,6,2026092918,poly3/hold/measured/nearest,B927,hit,3065.712,3065.712,10.219,10.219,3374.260,3374.260,11.248,11.248
24122-202609292330,24122,OLENEK,6,2026092918,poly3/hold/measured/nearest,W325,hit,4044.614,10326.592,13.482,34.422,5528.313,5528.313,18.428,18.428
24122-202609292330,24122,OLENEK,6,2026092918,poly3/hold/measured/bilinear,B927,hit,3065.712,3065.712,10.219,10.219,3199.295,3199.295,10.664,10.664
24122-202609292330,24122,OLENEK,6,2026092918,poly3/hold/measured/bilinear,W325,hit,4044.614,10326.592,13.482,34.422,4928.883,4928.883,16.430,16.430
24122-202609292330,24122,OLENEK,6,2026092918,poly3/zero/constant/nearest,B927,hit,3065.712,3065.712,10.219,10.219,3648.133,3648.133,12.160,12.160
24122-202609292330,24122,OLENEK,6,2026092918,poly3/zero/constant/nearest,W325,hit,4044.614,10326.592,13.482,34.422,5279.108,5279.108,17.597,17.597
24122-202609292330,24122,OLENEK,6,2026092918,poly3/zero/constant/bilinear,B927,hit,3065.712,3065.712,10.219,10.219,3520.881,3520.881,11.736,11.736
24122-202609292330,24122,OLENEK,6,2026092918,poly3/zero/constant/bilinear,W325,hit,4044.614,10326.592,13.482,34.422,4694.417,4694.417,15.648,15.648
24122-202609292330,24122,OLENEK,6,2026092918,poly3/zero/measured/nearest,B927,hit,3065.712,3065.712,10.219,10.219,3648.058,3648.058,12.160,12.160
24122-202609292330,24122,OLENEK,6,2026092918,poly3/zero/measured/nearest,W325,hit,4044.614,10326.592,13.482,34.422,5279.120,5279.120,17.597,17.597
24122-202609292330,24122,OLENEK,6,2026092918,poly3/zero/measured/bilinear,B927,hit,3065.712,3065.712,10.219,10.219,3520.895,3520.895,11.736,11.736
24122-202609292330,24122,OLENEK,6,2026092918,poly3/zero/measured/bilinear,W325,hit,4044.614,10326.592,13.482,34.422,4694.350,4694.350,15.648,15.648
24122-202609292330,24122,OLENEK,6,2026092918,poly3/power/constant/nearest,B927,hit,3065.712,3065.712,10.219,10.219,3415.567,3415.567,11.385,11.385
24122-202609292330,24122,OLENEK,6,2026092918,poly3/power/constant/nearest,W325,hit,4044.614,10326.592,13.482,34.422,5275.921,5275.921,17.586,17.586
24122-202609292330,24122,OLENEK,6,2026092918,poly3/power/constant/bilinear,B927,hit,3065.712,3065.712,10.219,10.219,3253.383,3253.383,10.845,10.845
24122-202609292330,24122,OLENEK,6,2026092918,poly3/power/constant/bilinear,W325,hit,4044.614,10326.592,13.482,34.422,4555.279,4555.279,15.184,15.184
24122-202609292330,24122,OLENEK,6,2026092918,poly3/power/measured/nearest,B927,hit,3065.712,3065.712,10.219,10.219,3415.556,3415.556,11.385,11.385
24122-202609292330,24122,OLENEK,6,2026092918,poly3/power/measured/nearest,W325,hit,4044.614,10326.592,13.482,34.422,5275.933,5275.933,17.586,17.586
24122-202609292330,24122,OLENEK,6,2026092918,poly3/power/measured/bilinear,B927,hit,3065.712,3065.712,10.219,10.219,3253.345,3253.345,10.844,10.844
24122-202609292330,24122,OLENEK,6,2026092918,poly3/power/measured/bilinear,W325,hit,4044.614,10326.592,13.482,34.422,4555.299,4555.299,15.184,15.184
24122-202609292330,24122,OLENEK,6,2026092918,poly3/observed/constant/nearest,B927,hit,3065.712,3065.712,10.219,10.219,3625.247,3625.247,12.084,12.084
24122-202609292330,24122,OLENEK,6,2026092918,poly3/observed/constant/nearest,W325,hit,4044.614,10326.592,13.482,34.422,5361.799,5361.799,17.873,17.873
24122-202609292330,24122,OLENEK,6,2026092918,poly3/observed/constant/bilinear,B927,hit,3065.712,3065.712,10.219,10.219,3496.825,3496.825,11.656,11.656
24122-202609292330,24122,OLENEK,6,2026092918,poly3/observed/constant/bilinear,W325,hit,4044.614,10326.592,13.482,34.422,4824.787,4824.787,16.083,16.083
24122-202609292330,24122,OLENEK,6,2026092918,poly3/observed/measured/nearest,B927,hit,3065.712,3065.712,10.219,10.219,3625.300,3625.300,12.084,12.084
24122-202609292330,24122,OLENEK,6,2026092918,poly3/observed/measured/nearest,W325,hit,4044.614,10326.592,13.482,34.422,5361.810,5361.810,17.873,17.873
24122-202609292330,24122,OLENEK,6,2026092918,poly3/observed/measured/bilinear,B927,hit,3065.712,3065.712,10.219,10.219,3496.791,3496.791,11.656,11.656
24122-202609292330,24122,OLENEK,6,2026092918,poly3/observed/measured/bilinear,W325,hit,4044.614,10326.592,13.482,34.422,4824.826,4824.826,16.083,16.083
32540-202609292330,32540,PTRPVKMCH,6,2026092918,step/hold/constant/nearest,Б244,hit,505.815,15691.569,1.686,52.305,112.949,13372.356,0.376,44.575
32540-202609292330,32540,PTRPVKMCH,6,2026092918,step/hold/constant/nearest,Б214,hit,3148.990,6812.799,10.497,22.709,11163.634,11163.634,37.212,37.212
32540-202609292330,32540,PTRPVKMCH,6,2026092918,step/hold/constant/nearest,Г101,hit,7845.702,14950.284,26.152,49.834,13521.374,13521.374,45.071,45.071
32540-202609292330,32540,PTRPVKMCH,6,2026092918,step/hold/constant/bilinear,Б244,hit,505.815,15691.569,1.686,52.305,143.329,12293.926,0.478,40.980
32540-202609292330,32540,PTRPVKMCH,6,2026092918,step/hold/constant/bilinear,Б214,hit,3148.990,6812.799,10.497,22.709,2147.958,11282.705,7.160,37.609
32540-202609292330,32540,PTRPVKMCH,6,2026092918,step/hold/constant/bilinear,Г101,hit,7845.702,14950.284,26.152,49.834,12773.708,12773.708,42.579,42.579
32540-202609292330,32540,PTRPVKMCH,6,2026092918,step/hold/measured/nearest,Б244,hit,505.815,15691.569,1.686,52.305,112.949,13376.018,0.376,44.587
32540-202609292330,32540,PTRPVKMCH,6,2026092918,step/hold/measured/nearest,Б214,hit,3148.990,6812.799,10.497,22.709,11153.742,11153.742,37.179,37.179
32540-202609292330,32540,PTRPVKMCH,6,2026092918,step/hold/measured/nearest,Г101,hit,7845.702,14950.284,26.152,49.834,13523.966,13523.966,45.080,45.080
32540-202609292330,32540,PTRPVKMCH,6,2026092918,step/hold/measured/bilinear,Б244,hit,505.815,15691.569,1.686,52.305,143.329,12297.342,0.478,40.991
32540-202609292330,32540,PTRPVKMCH,6,2026092918,step/hold/measured/bilinear,Б214,hit,3148.990,6812.799,10.497,22.709,2147.958,11277.902,7.160,37.593
32540-202609292330,32540,PTRPVKMCH,6,2026092918,step/hold/measured/bilinear,Г101,hit,7845.702,14950.284,26.152,49.834,12775.762,12775.762,42.586,42.586
32540-202609292330,32540,PTRPVKMCH,6,2026092918,step/zero/constant/nearest,Б244,hit,505.815,15691.569,1.686,52.305,862.949,12673.791,2.876,42.246
32540-202609292330,32540,PTRPVKMCH,6,2026092918,step/zero/constant/nearest,Б214,hit,3148.990,6812.799,10.497,22.709,5891.230,9950.691,19.637,33.169
32540-202609292330,32540,PTRPVKMCH,6,2026092918,step/zero/constant/nearest,Г101,hit,7845.702,14950.284,26.152,49.834,12853.535,12853.535,42.845,42.845
32540-202609292330,32540,PTRPVKMCH,6,2026092918,step/zero/constant/bilinear,Б244,hit,505.815,15691.569,1.686,52.305,893.329,11459.113,2.978,38.197
32540-202609292330,32540,PTRPVKMCH,6,2026092918,step/zero/constant/bilinear,Б214,miss,3148.990,6812.799,10.497,22.709,,,,
32540-202609292330,32540,PTRPVKMCH,6,2026092918,step/zero/constant/bilinear,Г101,hit,7845.702,14950.284,26.152,49.834,12102.089,12102.089,40.340,40.340
32540-202609292330,32540,PTRPVKMCH,6,2026092918,step/zero/measured/nearest,Б244,hit,505.815,15691.569,1.686,52.305,862.949,12677.902,2.876,42.260
32540-202609292330,32540,PTRPVKMCH,6,2026092918,step/zero/measured/nearest,Б214,hit,3148.990,6812.799,10.497,22.709,5917.005,9944.684,19.723,33.149
32540-202609292330,32540,PTRPVKMCH,6,2026092918,step/zero/measured/nearest,Г101,hit,7845.702,14950.284,26.152,49.834,12856.409,12856.409,42.855,42.855
32540-202609292330,32540,PTRPVKMCH,6,2026092918,step/zero/measured/bilinear,Б244,hit,505.815,15691.569,1.686,52.305,893.329,11463.877,2.978,38.213
32540-202609292330,32540,PTRPVKMCH,6,2026092918,step/zero/measured/bilinear,Б214,miss,3148.990,6812.799,10.497,22.709,,,,
32540-202609292330,32540,PTRPVKMCH,6,2026092918,step/zero/measured/bilinear,Г101,hit,7845.702,14950.284,26.152,49.834,12104.038,12104.038,40.347,40.347
32540-202609292330,32540,PTRPVKMCH,6,2026092918,step/power/constant/nearest,Б244,hit,505.815,15691.569,1.686,52.305,173.706,13204.895,0.579,44.016
32540-202609292330,32540,PTRPVKMCH,6,2026092918,step/power/constant/nearest,Б214,hit,3148.990,6812.799,10.497,22.709,2220.787,10971.357,7.403,36.571
32540-202609292330,32540,PTRPVKMCH,6,2026092918,step/power/constant/nearest,Г101,hit,7845.702,14950.284,26.152,49.834,13356.538,13356.538,44.522,44.522
32540-202609292330,32540,PTRPVKMCH,6,2026092918,step/power/constant/bilinear,Б244,hit,505.815,15691.569,1.686,52.305,214.486,12127.310,0.715,40.424
32540-202609292330,32540,PTRPVKMCH,6,2026092918,step/power/constant/bilinear,Б214,hit,3148.990,6812.799,10.497,22.709,2451.475,10936.806,8.172,36.456
32540-202609292330,32540,PTRPVKMCH,6,2026092918,step/power/constant/bilinear,Г101,hit,7845.702,14950.284,26.152,49.834,12607.088,12607.088,42.024,42.024
32540-202609292330,32540,PTRPVKMCH,6,2026092918,step/power/measured/nearest,Б244,hit,505.815,15691.569,1.686,52.305,173.706,13208.556,0.579,44.029
32540-202609292330,32540,PTRPVKMCH,6,2026092918,step/power/measured/nearest,Б214,hit,3148.990,6812.799,10.497,22.709,2220.787,10961.465,7.403,36.538
32540-202609292330,32540,PTRPVKMCH,6,2026092918,step/power/measured/nearest,Г101,hit,7845.702,14950.284,26.152,49.834,13359.131,13359.131,44.530,44.530
32540-202609292330,32540,PTRPVKMCH,6,2026092918,step/power/measured/bilinear,Б244,hit,505.815,15691.569,1.686,52.305,214.486,12130.701,0.715,40.436
32540-202609292330,32540,PTRPVKMCH,6,2026092918,step/power/measured/bilinear,Б214,hit,3148.990,6812.799,10.497,22.709,2451.475,10928.547,8.172,36.428
32540-202609292330,32540,PTRPVKMCH,6,2026092918,step/power/measured/bilinear,Г101,hit,7845.702,14950.284,26.152,49.834,12609.115,12609.115,42.030,42.030
32540-202609292330,32540,PTRPVKMCH,6,2026092918,step/observed/constant/nearest,Б244,hit,505.815,15691.569,1.686,52.305,791.485,12745.806,2.638,42.486
32540-202609292330,32540,PTRPVKMCH,6,2026092918,step/observed/constant/nearest,Б214,hit,3148.990,6812.799,10.497,22.709,5879.380,9953.445,19.598,33.178
32540-202609292330,32540,PTRPVKMCH,6,2026092918,step/observed/constant/nearest,Г101,hit,7845.702,14950.284,26.152,49.834,12911.010,12911.010,43.037,43.037
32540-202609292330,32540,PTRPVKMCH,6,2026092918,step/observed/constant/bilinear,Б244,hit,505.815,15691.569,1.686,52.305,802.578,11582.079,2.675,38.607
32540-202609292330,32540,PTRPVKMCH,6,2026092918,step/observed/constant/bilinear,Б214,miss,3148.990,6812.799,10.497,22.709,,,,
32540-202609292330,32540,PTRPVKMCH,6,2026092918,step/observed/constant/bilinear,Г101,hit,7845.702,14950.284,26.152,49.834,12171.739,12171.739,40.572,40.572
32540-202609292330,32540,PTRPVKMCH,6,2026092918,step/observed/measured/nearest,Б244,hit,505.815,15691.569,1.686,52.305,791.485,12749.916,2.638,42.500
32540-202609292330,32540,PTRPVKMCH,6,2026092918,step/observed/measured/nearest,Б214,hit,3148.990,6812.799,10.497,22.709,5905.155,9947.438,19.684,33.158
32540-202609292330,32540,PTRPVKMCH,6,2026092918,step/observed/measured/nearest,Г101,hit,7845.702,14950.284,26.152,49.834,12913.602,12913.602,43.045,43.045
32540-202609292330,32540,PTRPVKMCH,6,2026092918,step/observed/measured/bilinear,Б244,hit,505.815,15691.569,1.686,52.305,802.578,11586.829,2.675,38.623
32540-202609292330,32540,PTRPVKMCH,6,2026092918,step/observed/measured/bilinear,Б214,miss,3148.990,6812.799,10.497,22.709,,,,
32540-202609292330,32540,PTRPVKMCH,6,2026092918,step/observed/measured/bilinear,Г101,hit,7845.702,14950.284,26.152,49.834,12173.686,12173.686,40.579,40.579
32540-202609292330,32540,PTRPVKMCH,6,2026092918,linear/hold/constant/nearest,Б244,hit,505.815,15691.569,1.686,52.305,112.949,13371.577,0.376,44.572
32540-202609292330,32540,PTRPVKMCH,6,2026092918,linear/hold/constant/nearest,Б214,hit,3148.990,6812.799,10.497,22.709,1970.576,11144.917,6.569,37.150
32540-202609292330,32540,PTRPVKMCH,6,2026092918,linear/hold/constant/nearest,Г101,hit,7845.702,14950.284,26.152,49.834,13521.442,13521.442,45.071,45.071
32540-202609292330,32540,PTRPVKMCH,6,2026092918,linear/hold/constant/bilinear,Б244,hit,505.815,15691.569,1.686,52.305,143.329,12293.778,0.478,40.979
32540-202609292330,32540,PTRPVKMCH,6,2026092918,linear/hold/constant/bilinear,Б214,hit,3148.990,6812.799,10.497,22.709,2166.786,11232.856,7.223,37.443
32540-202609292330,32540,PTRPVKMCH,6,2026092918,linear/hold/constant/bilinear,Г101,hit,7845.702,14950.284,26.152,49.834,12760.921,12760.921,42.536,42.536
32540-202609292330,32540,PTRPVKMCH,6,2026092918,linear/hold/measured/nearest,Б244,hit,505.815,15691.569,1.686,52.305,112.949,13371.635,0.376,44.572
32540-202609292330,32540,PTRPVKMCH,6,2026092918,linear/hold/measured/nearest,Б214,hit,3148.990,6812.799,10.497,22.709,1970.576,11144.809,6.569,37.149
32540-202609292330,32540,PTRPVKMCH,6,2026092918,linear/hold/measured/nearest,Г101,hit,7845.702,14950.284,26.152,49.834,13521.486,13521.486,45.072,45.072
32540-202609292330,32540,PTRPVKMCH,6,2026092918,linear/hold/measured/bilinear,Б244,hit,505.815,15691.569,1.686,52.305,143.329,12293.830,0.478,40.979
32540-202609292330,32540,PTRPVKMCH,6,2026092918,linear/hold/measured/bilinear,Б214,hit,3148.990,6812.799,10.497,22.709,2166.786,11232.794,7.223,37.443
32540-202609292330,32540,PTRPVKMCH,6,2026092918,linear/hold/measured/bilinear,Г101,hit,7845.702,14950.284,26.152,49.834,12760.954,12760.954,42.537,42.537
32540-202609292330,32540,PTRPVKMCH,6,2026092918,linear/zero/constant/nearest,Б244,hit,505.815,15691.569,1.686,52.305,581.607,12666.879,1.939,42.223
32540-202609292330,32540,PTRPVKMCH,6,2026092918,linear/zero/constant/nearest,Б214,hit,3148.990,6812.799,10.497,22.709,5709.016,9928.418,19.030,33.095
32540-202609292330,32540,PTRPVKMCH,6,2026092918,linear/zero/constant/nearest,Г101,hit,7845.702,14950.284,26.152,49.834,12840.255,12840.255,42.801,42.801
32540-202609292330,32540,PTRPVKMCH,6,2026092918,linear/zero/constant/bilinear,Б244,hit,505.815,15691.569,1.686,52.305,655.604,11441.551,2.185,38.139
32540-202609292330,32540,PTRPVKMCH,6,2026092918,linear/zero/constant/bilinear,Б214,miss,3148.990,6812.799,10.497,22.709,,,,
32540-202609292330,32540,PTRPVKMCH,6,2026092918,linear/zero/constant/bilinear,Г101,hit,7845.702,14950.284,26.152,49.834,12091.626,12091.626,40.305,40.305
32540-202609292330,32540,PTRPVKMCH,6,2026092918,linear/zero/measured/nearest,Б244,hit,505.815,15691.569,1.686,52.305,581.607,12666.941,1.939,42.223
32540-202609292330,32540,PTRPVKMCH,6,2026092918,linear/zero/measured/nearest,Б214,hit,3148.990,6812.799,10.497,22.709,5709.624,9928.350,19.032,33.095
32540-202609292330,32540,PTRPVKMCH,6,2026092918,linear/zero/measured/nearest,Г101,hit,7845.702,14950.284,26.152,49.834,12840.301,12840.301,42.801,42.801
32540-202609292330,32540,PTRPVKMCH,6,2026092918,linear/zero/measured/bilinear,Б244,hit,505.815,15691.569,1.686,52.305,655.604,11441.635,2.185,38.139
32540-202609292330,32540,PTRPVKMCH,6,2026092918,linear/zero/measured/bilinear,Б214,miss,3148.990,6812.799,10.497,22.709,,,,
32540-202609292330,32540,PTRPVKMCH,6,2026092918,linear/zero/measured/bilinear,Г101,hit,7845.702,14950.284,26.152,49.834,12091.663,12091.663,40.306,40.306
32540-202609292330,32540,PTRPVKMCH,6,2026092918,linear/power/constant/nearest,Б244,hit,505.815,15691.569,1.686,52.305,173.706,13200.817,0.579,44.003
32540-202609292330,32540,PTRPVKMCH,6,2026092918,linear/power/constant/nearest,Б214,hit,3148.990,6812.799,10.497,22.709,2232.864,10966.900,7.443,36.556
32540-202609292330,32540,PTRPVKMCH,6,2026092918,linear/power/constant/nearest,Г101,hit,7845.702,14950.284,26.152,49.834,13355.675,13355.675,44.519,44.519
32540-202609292330,32540,PTRPVKMCH,6,2026092918,linear/power/constant/bilinear,Б244,hit,505.815,15691.569,1.686,52.305,214.486,12118.849,0.715,40.396
32540-202609292330,32540,PTRPVKMCH,6,2026092918,linear/power/constant/bilinear,Б214,hit,3148.990,6812.799,10.497,22.709,2452.161,10930.764,8.174,36.436
32540-202609292330,32540,PTRPVKMCH,6,2026092918,linear/power/constant/bilinear,Г101,hit,7845.702,14950.284,26.152,49.834,12601.636,12601.636,42.005,42.005
32540-202609292330,32540,PTRPVKMCH,6,2026092918,linear/power/measured/nearest,Б244,hit,505.815,15691.569,1.686,52.305,173.706,13200.876,0.579,44.003
32540-202609292330,32540,PTRPVKMCH,6,2026092918,linear/power/measured/nearest,Б214,hit,3148.990,6812.799,10.497,22.709,2232.864,10966.787,7.443,36.556
32540-202609292330,32540,PTRPVKMCH,6,2026092918,linear/power/measured/nearest,Г101,hit,7845.702,14950.284,26.152,49.834,13355.718,13355.718,44.519,44.519
32540-202609292330,32540,PTRPVKMCH,6,2026092918,linear/power/measured/bilinear,Б244,hit,505.815,15691.569,1.686,52.305,214.486,12118.906,0.715,40.396
32540-202609292330,32540,PTRPVKMCH,6,2026092918,linear/power/measured/bilinear,Б214,hit,3148.990,6812.799,10.497,22.709,2452.161,10930.688,8.174,36.436
32540-202609292330,32540,PTRPVKMCH,6,2026092918,linear/power/measured/bilinear,Г101,hit,7845.702,14950.284,26.152,49.834,12601.669,12601.669,42.006,42.006
32540-202609292330,32540,PTRPVKMCH,6,2026092918,linear/observed/constant/nearest,Б244,hit,505.815,15691.569,1.686,52.305,473.577,12736.059,1.579,42.454
32540-202609292330,32540,PTRPVKMCH,6,2026092918,linear/observed/constant/nearest,Б214,hit,3148.990,6812.799,10.497,22.709,5676.280,9931.725,18.921,33.106
32540-202609292330,32540,PTRPVKMCH,6,2026092918,linear/observed/constant/nearest,Г101,hit,7845.702,14950.284,26.152,49.834,12896.063,12896.063,42.987,42.987
32540-202609292330,32540,PTRPVKMCH,6,2026092918,linear/observed/constant/bilinear,Б244,hit,505.815,15691.569,1.686,52.305,522.351,11577.762,1.741,38.593
32540-202609292330,32540,PTRPVKMCH,6,2026092918,linear/observed/constant/bilinear,Б214,miss,3148.990,6812.799,10.497,22.709,,,,
32540-202609292330,32540,PTRPVKMCH,6,2026092918,linear/observed/constant/bilinear,Г101,hit,7845.702,14950.284,26.152,49.834,12167.314,12167.314,40.558,40.558
32540-202609292330,32540,PTRPVKMCH,6,2026092918,linear/observed/measured/nearest,Б244,hit,505.815,15691.569,1.686,52.305,473.577,12736.121,1.579,42.454
32540-202609292330,32540,PTRPVKMCH,6,2026092918,linear/observed/measured/nearest,Б214,hit,3148.990,6812.799,10.497,22.709,5676.979,9931.657,18.923,33.106
32540-202609292330,32540,PTRPVKMCH,6,2026092918,linear/observed/measured/nearest,Г101,hit,7845.702,14950.284,26.152,49.834,12896.108,12896.108,42.987,42.987
32540-202609292330,32540,PTRPVKMCH,6,2026092918,linear/observed/measured/bilinear,Б244,hit,505.815,15691.569,1.686,52.305,522.351,11577.839,1.741,38.593
32540-202609292330,32540,PTRPVKMCH,6,2026092918,linear/observed/measured/bilinear,Б214,miss,3148.990,6812.799,10.497,22.709,,,,
32540-202609292330,32540,PTRPVKMCH,6,2026092918,linear/observed/measured/bilinear,Г101,hit,7845.702,14950.284,26.152,49.834,12167.349,12167.349,40.558,40.558
32540-202609292330,32540,PTRPVKMCH,6,2026092918,spline/hold/constant/nearest,Б244,hit,505.815,15691.569,1.686,52.305,112.949,13293.938,0.376,44.313
32540-202609292330,32540,PTRPVKMCH,6,2026092918,spline/hold/constant/nearest,Б214,hit,3148.990,6812.799,10.497,22.709,1966.615,11120.348,6.555,37.068
32540-202609292330,32540,PTRPVKMCH,6,2026092918,spline/hold/constant/nearest,Г101,hit,7845.702,14950.284,26.152,49.834,13444.900,13444.900,44.816,44.816
32540-202609292330,32540,PTRPVKMCH,6,2026092918,spline/hold/constant/bilinear,Б244,hit,505.815,15691.569,1.686,52.305,143.329,12258.690,0.478,40.862
32540-202609292330,32540,PTRPVKMCH,6,2026092918,spline/hold/constant/bilinear,Б214,hit,3148.990,6812.799,10.497,22.709,2155.111,11179.707,7.184,37.266
32540-202609292330,32540,PTRPVKMCH,6,2026092918,spline/hold/constant/bilinear,Г101,hit,7845.702,14950.284,26.152,49.834,12712.701,12712.701,42.376,42.376
32540-202609292330,32540,PTRPVKMCH,6,2026092918,spline/hold/measured/nearest,Б244,hit,505.815,15691.569,1.686,52.305,112.949,13293.937,0.376,44.313
32540-202609292330,32540,PTRPVKMCH,6,2026092918,spline/hold/measured/nearest,Б214,hit,3148.990,6812.799,10.497,22.709,1966.615,11120.352,6.555,37.068
32540-202609292330,32540,PTRPVKMCH,6,2026092918,spline/hold/measured/nearest,Г101,hit,7845.702,14950.284,26.152,49.834,13444.900,13444.900,44.816,44.816
32540-202609292330,32540,PTRPVKMCH,6,2026092918,spline/hold/measured/bilinear,Б244,hit,505.815,15691.569,1.686,52.305,143.329,12258.690,0.478,40.862
32540-202609292330,32540,PTRPVKMCH,6,2026092918,spline/hold/measured/bilinear,Б214,hit,3148.990,6812.799,10.497,22.709,2155.111,11179.710,7.184,37.266
32540-202609292330,32540,PTRPVKMCH,6,2026092918,spline/hold/measured/bilinear,Г101,hit,7845.702,14950.284,26.152,49.834,12712.701,12712.701,42.376,42.376
32540-202609292330,32540,PTRPVKMCH,6,2026092918,spline/zero/constant/nearest,Б244,hit,505.815,15691.569,1.686,52.305,434.344,12945.729,1.448,43.152
32540-202609292330,32540,PTRPVKMCH,6,2026092918,spline/zero/constant/nearest,Б214,hit,3148.990,6812.799,10.497,22.709,2917.058,10474.254,9.724,34.914
32540-202609292330,32540,PTRPVKMCH,6,2026092918,spline/zero/constant/nearest,Г101,hit,7845.702,14950.284,26.152,49.834,13084.435,13084.435,43.615,43.615
32540-202609292330,32540,PTRPVKMCH,6,2026092918,spline/zero/constant/bilinear,Б244,hit,505.815,15691.569,1.686,52.305,480.996,11907.106,1.603,39.690
32540-202609292330,32540,PTRPVKMCH,6,2026092918,spline/zero/constant/bilinear,Б214,hit,3148.990,6812.799,10.497,22.709,3548.558,9758.249,11.829,32.527
32540-202609292330,32540,PTRPVKMCH,6,2026092918,spline/zero/constant/bilinear,Г101,hit,7845.702,14950.284,26.152,49.834,12391.961,12391.961,41.307,41.307
32540-202609292330,32540,PTRPVKMCH,6,2026092918,spline/zero/measured/nearest,Б244,hit,505.815,15691.569,1.686,52.305,434.344,12945.729,1.448,43.152
32540-202609292330,32540,PTRPVKMCH,6,2026092918,spline/zero/measured/nearest,Б214,hit,3148.990,6812.799,10.497,22.709,2917.058,10474.259,9.724,34.914
32540-202609292330,32540,PTRPVKMCH,6,2026092918,spline/zero/measured/nearest,Г101,hit,7845.702,14950.284,26.152,49.834,13084.435,13084.435,43.615,43.615
32540-202609292330,32540,PTRPVKMCH,6,2026092918,spline/zero/measured/bilinear,Б244,hit,505.815,15691.569,1.686,52.305,480.996,11907.105,1.603,39.690
32540-202609292330,32540,PTRPVKMCH,6,2026092918,spline/zero/measured/bilinear,Б214,hit,3148.990,6812.799,10.497,22.709,3549.040,9758.259,11.830,32.528
32540-202609292330,32540,PTRPVKMCH,6,2026092918,spline/zero/measured/bilinear,Г101,hit,7845.702,14950.284,26.152,49.834,12391.961,12391.961,41.307,41.307
32540-202609292330,32540,PTRPVKMCH,6,2026092918,spline/power/constant/nearest,Б244,hit,505.815,15691.569,1.686,52.305,173.706,13129.293,0.579,43.764
32540-202609292330,32540,PTRPVKMCH,6,2026092918,spline/power/constant/nearest,Б214,hit,3148.990,6812.799,10.497,22.709,2224.053,10943.800,7.414,36.479
32540-202609292330,32540,PTRPVKMCH,6,2026092918,spline/power/constant/nearest,Г101,hit,7845.702,14950.284,26.152,49.834,13281.741,13281.741,44.272,44.272
32540-202609292330,32540,PTRPVKMCH,6,2026092918,spline/power/constant/bilinear,Б244,hit,505.815,15691.569,1.686,52.305,214.486,12081.278,0.715,40.271
32540-202609292330,32540,PTRPVKMCH,6,2026092918,spline/power/constant/bilinear,Б214,hit,3148.990,6812.799,10.497,22.709,2434.172,10867.428,8.114,36.225
32540-202609292330,32540,PTRPVKMCH,6,2026092918,spline/power/constant/bilinear,Г101,hit,7845.702,14950.284,26.152,49.834,12560.847,12560.847,41.869,41.869
32540-202609292330,32540,PTRPVKMCH,6,2026092918,spline/power/measured/nearest,Б244,hit,505.815,15691.569,1.686,52.305,173.706,13129.292,0.579,43.764
32540-202609292330,32540,PTRPVKMCH,6,2026092918,spline/power/measured/nearest,Б214,hit,3148.990,6812.799,10.497,22.709,2224.053,10943.804,7.414,36.479
32540-202609292330,32540,PTRPVKMCH,6,2026092918,spline/power/measured/nearest,Г101,hit,7845.702,14950.284,26.152,49.834,13281.741,13281.741,44.272,44.272
32540-202609292330,32540,PTRPVKMCH,6,2026092918,spline/power/measured/bilinear,Б244,hit,505.815,15691.569,1.686,52.305,214.486,12081.278,0.715,40.271
32540-202609292330,32540,PTRPVKMCH,6,2026092918,spline/power/measured/bilinear,Б214,hit,3148.990,6812.799,10.497,22.709,2434.172,10867.431,8.114,36.225
32540-202609292330,32540,PTRPVKMCH,6,2026092918,spline/power/measured/bilinear,Г101,hit,7845.702,14950.284,26.152,49.834,12560.847,12560.847,41.869,41.869
32540-202609292330,32540,PTRPVKMCH,6,2026092918,spline/observed/constant/nearest,Б244,hit,505.815,15691.569,1.686,52.305,371.861,12996.890,1.240,43.323
32540-202609292330,32540,PTRPVKMCH,6,2026092918,spline/observed/constant/nearest,Б214,hit,3148.990,6812.799,10.497,22.709,2913.283,10408.689,9.711,34.696
32540-202609292330,32540,PTRPVKMCH,6,2026092918,spline/observed/constant/nearest,Г101,hit,7845.702,14950.284,26.152,49.834,13126.482,13126.482,43.755,43.755
32540-202609292330,32540,PTRPVKMCH,6,2026092918,spline/observed/constant/bilinear,Б244,hit,505.815,15691.569,1.686,52.305,406.379,11990.878,1.355,39.970
32540-202609292330,32540,PTRPVKMCH,6,2026092918,spline/observed/constant/bilinear,Б214,hit,3148.990,6812.799,10.497,22.709,3534.488,9769.336,11.782,32.564
32540-202609292330,32540,PTRPVKMCH,6,2026092918,spline/observed/constant/bilinear,Г101,hit,7845.702,14950.284,26.152,49.834,12445.978,12445.978,41.487,41.487
32540-202609292330,32540,PTRPVKMCH,6,2026092918,spline/observed/measured/nearest,Б244,hit,505.815,15691.569,1.686,52.305,371.861,12996.890,1.240,43.323
32540-202609292330,32540,PTRPVKMCH,6,2026092918,spline/observed/measured/nearest,Б214,hit,3148.990,6812.799,10.497,22.709,2913.283,10408.694,9.711,34.696
32540-202609292330,32540,PTRPVKMCH,6,2026092918,spline/observed/measured/nearest,Г101,hit,7845.702,14950.284,26.152,49.834,13126.482,13126.482,43.755,43.755
32540-202609292330,32540,PTRPVKMCH,6,2026092918,spline/observed/measured/bilinear,Б244,hit,505.815,15691.569,1.686,52.305,406.379,11990.877,1.355,39.970
32540-202609292330,32540,PTRPVKMCH,6,2026092918,spline/observed/measured/bilinear,Б214,hit,3148.990,6812.799,10.497,22.709,3533.958,9769.345,11.780,32.564
32540-202609292330,32540,PTRPVKMCH,6,2026092918,spline/observed/measured/bilinear,Г101,hit,7845.702,14950.284,26.152,49.834,12445.977,12445.977,41.487,41.487
32540-202609292330,32540,PTRPVKMCH,6,2026092918,pchip/hold/constant/nearest,Б244,hit,505.815,15691.569,1.686,52.305,112.949,13307.304,0.376,44.358
32540-202609292330,32540,PTRPVKMCH,6,2026092918,pchip/hold/constant/nearest,Б214,hit,3148.990,6812.799,10.497,22.709,1969.042,11147.524,6.563,37.158
32540-202609292330,32540,PTRPVKMCH,6,2026092918,pchip/hold/constant/nearest,Г101,hit,7845.702,14950.284,26.152,49.834,13462.120,13462.120,44.874,44.874
32540-202609292330,32540,PTRPVKMCH,6,2026092918,pchip/hold/constant/bilinear,Б244,hit,505.815,15691.569,1.686,52.305,143.329,12230.914,0.478,40.770
32540-202609292330,32540,PTRPVKMCH,6,2026092918,pchip/hold/constant/bilinear,Б214,hit,3148.990,6812.799,10.497,22.709,2159.607,11194.014,7.199,37.313
32540-202609292330,32540,PTRPVKMCH,6,2026092918,pchip/hold/constant/bilinear,Г101,hit,7845.702,14950.284,26.152,49.834,12702.168,12702.168,42.341,42.341
32540-202609292330,32540,PTRPVKMCH,6,2026092918,pchip/hold/measured/nearest,Б244,hit,505.815,15691.569,1.686,52.305,112.949,13307.304,0.376,44.358
32540-202609292330,32540,PTRPVKMCH,6,2026092918,pchip/hold/measured/nearest,Б214,hit,3148.990,6812.799,10.497,22.709,1969.042,11147.526,6.563,37.158
32540-202609292330,32540,PTRPVKMCH,6,2026092918,pchip/hold/measured/nearest,Г101,hit,7845.702,14950.284,26.152,49.834,13462.120,13462.120,44.874,44.874
32540-202609292330,32540,PTRPVKMCH,6,2026092918,pchip/hold/measured/bilinear,Б244,hit,505.815,15691.569,1.686,52.305,143.329,12230.914,0.478,40.770
32540-202609292330,32540,PTRPVKMCH,6,2026092918,pchip/hold/measured/bilinear,Б214,hit,3148.990,6812.799,10.497,22.709,2159.607,11194.015,7.199,37.313
32540-202609292330,32540,PTRPVKMCH,6,2026092918,pchip/hold/measured/bilinear,Г101,hit,7845.702,14950.284,26.152,49.834,12702.167,12702.167,42.341,42.341
32540-202609292330,32540,PTRPVKMCH,6,2026092918,pchip/zero/constant/nearest,Б244,hit,505.815,15691.569,1.686,52.305,396.800,12978.009,1.323,43.260
32540-202609292330,32540,PTRPVKMCH,6,2026092918,pchip/zero/constant/nearest,Б214,hit,3148.990,6812.799,10.497,22.709,2765.579,10588.266,9.219,35.294
32540-202609292330,32540,PTRPVKMCH,6,2026092918,pchip/zero/constant/nearest,Г101,hit,7845.702,14950.284,26.152,49.834,13126.272,13126.272,43.754,43.754
32540-202609292330,32540,PTRPVKMCH,6,2026092918,pchip/zero/constant/bilinear,Б244,hit,505.815,15691.569,1.686,52.305,442.632,11907.931,1.475,39.693
32540-202609292330,32540,PTRPVKMCH,6,2026092918,pchip/zero/constant/bilinear,Б214,hit,3148.990,6812.799,10.497,22.709,3184.511,10103.025,10.615,33.677
32540-202609292330,32540,PTRPVKMCH,6,2026092918,pchip/zero/constant/bilinear,Г101,hit,7845.702,14950.284,26.152,49.834,12399.976,12399.976,41.333,41.333
32540-202609292330,32540,PTRPVKMCH,6,2026092918,pchip/zero/measured/nearest,Б244,hit,505.815,15691.569,1.686,52.305,396.800,12978.009,1.323,43.260
32540-202609292330,32540,PTRPVKMCH,6,2026092918,pchip/zero/measured/nearest,Б214,hit,3148.990,6812.799,10.497,22.709,2765.579,10588.269,9.219,35.294
32540-202609292330,32540,PTRPVKMCH,6,2026092918,pchip/zero/measured/nearest,Г101,hit,7845.702,14950.284,26.152,49.834,13126.272,13126.272,43.754,43.754
32540-202609292330,32540,PTRPVKMCH,6,2026092918,pchip/zero/measured/bilinear,Б244,hit,505.815,15691.569,1.686,52.305,442.632,11907.931,1.475,39.693
32540-202609292330,32540,PTRPVKMCH,6,2026092918,pchip/zero/measured/bilinear,Б214,hit,3148.990,6812.799,10.497,22.709,3184.405,10103.028,10.615,33.677
32540-202609292330,32540,PTRPVKMCH,6,2026092918,pchip/zero/measured/bilinear,Г101,hit,7845.702,14950.284,26.152,49.834,12399.976,12399.976,41.333,41.333
32540-202609292330,32540,PTRPVKMCH,6,2026092918,pchip/power/constant/nearest,Б244,hit,505.815,15691.569,1.686,52.305,173.706,13138.625,0.579,43.795
32540-202609292330,32540,PTRPVKMCH,6,2026092918,pchip/power/constant/nearest,Б214,hit,3148.990,6812.799,10.497,22.709,2230.559,10971.410,7.435,36.571
32540-202609292330,32540,PTRPVKMCH,6,2026092918,pchip/power/constant/nearest,Г101,hit,7845.702,14950.284,26.152,49.834,13297.056,13297.056,44.324,44.324
32540-202609292330,32540,PTRPVKMCH,6,2026092918,pchip/power/constant/bilinear,Б244,hit,505.815,15691.569,1.686,52.305,214.486,12054.291,0.715,40.181
32540-202609292330,32540,PTRPVKMCH,6,2026092918,pchip/power/constant/bilinear,Б214,hit,3148.990,6812.799,10.497,22.709,2442.396,10883.792,8.141,36.279
32540-202609292330,32540,PTRPVKMCH,6,2026092918,pchip/power/constant/bilinear,Г101,hit,7845.702,14950.284,26.152,49.834,12545.411,12545.411,41.818,41.818
32540-202609292330,32540,PTRPVKMCH,6,2026092918,pchip/power/measured/nearest,Б244,hit,505.815,15691.569,1.686,52.305,173.706,13138.625,0.579,43.795
32540-202609292330,32540,PTRPVKMCH,6,2026092918,pchip/power/measured/nearest,Б214,hit,3148.990,6812.799,10.497,22.709,2230.559,10971.413,7.435,36.571
32540-202609292330,32540,PTRPVKMCH,6,2026092918,pchip/power/measured/nearest,Г101,hit,7845.702,14950.284,26.152,49.834,13297.056,13297.056,44.324,44.324
32540-202609292330,32540,PTRPVKMCH,6,2026092918,pchip/power/measured/bilinear,Б244,hit,505.815,15691.569,1.686,52.305,214.486,12054.290,0.715,40.181
32540-202609292330,32540,PTRPVKMCH,6,2026092918,pchip/power/measured/bilinear,Б214,hit,3148.990,6812.799,10.497,22.709,2442.396,10883.793,8.141,36.279
32540-202609292330,32540,PTRPVKMCH,6,2026092918,pchip/power/measured/bilinear,Г101,hit,7845.702,14950.284,26.152,49.834,12545.411,12545.411,41.818,41.818
32540-202609292330,32540,PTRPVKMCH,6,2026092918,pchip/observed/constant/nearest,Б244,hit,505.815,15691.569,1.686,52.305,342.981,13025.800,1.143,43.419
32540-202609292330,32540,PTRPVKMCH,6,2026092918,pchip/observed/constant/nearest,Б214,hit,3148.990,6812.799,10.497,22.709,2762.869,10532.663,9.210,35.109
32540-202609292330,32540,PTRPVKMCH,6,2026092918,pchip/observed/constant/nearest,Г101,hit,7845.702,14950.284,26.152,49.834,13165.235,13165.235,43.884,43.884
32540-202609292330,32540,PTRPVKMCH,6,2026092918,pchip/observed/constant/bilinear,Б244,hit,505.815,15691.569,1.686,52.305,384.971,11962.923,1.283,39.876
32540-202609292330,32540,PTRPVKMCH,6,2026092918,pchip/observed/constant/bilinear,Б214,hit,3148.990,6812.799,10.497,22.709,3192.534,10095.615,10.642,33.652
32540-202609292330,32540,PTRPVKMCH,6,2026092918,pchip/observed/constant/bilinear,Г101,hit,7845.702,14950.284,26.152,49.834,12435.524,12435.524,41.452,41.452
32540-202609292330,32540,PTRPVKMCH,6,2026092918,pchip/observed/measured/nearest,Б244,hit,505.815,15691.569,1.686,52.305,342.981,13025.800,1.143,43.419
32540-202609292330,32540,PTRPVKMCH,6,2026092918,pchip/observed/measured/nearest,Б214,hit,3148.990,6812.799,10.497,22.709,2762.869,10532.666,9.210,35.109
32540-202609292330,32540,PTRPVKMCH,6,2026092918,pchip/observed/measured/nearest,Г101,hit,7845.702,14950.284,26.152,49.834,13165.235,13165.235,43.884,43.884
32540-202609292330,32540,PTRPVKMCH,6,2026092918,pchip/observed/measured/bilinear,Б244,hit,505.815,15691.569,1.686,52.305,384.971,11962.922,1.283,39.876
32540-202609292330,32540,PTRPVKMCH,6,2026092918,pchip/observed/measured/bilinear,Б214,hit,3148.990,6812.799,10.497,22.709,3192.370,10095.617,10.641,33.652
32540-202609292330,32540,PTRPVKMCH,6,2026092918,pchip/observed/measured/bilinear,Г101,hit,7845.702,14950.284,26.152,49.834,12435.524,12435.524,41.452,41.452
32540-202609292330,32540,PTRPVKMCH,6,2026092918,poly3/hold/constant/nearest,Б244,hit,505.815,15691.569,1.686,52.305,112.949,13266.584,0.376,44.222
32540-202609292330,32540,PTRPVKMCH,6,2026092918,poly3/hold/constant/nearest,Б214,hit,3148.990,6812.799,10.497,22.709,1959.944,11167.594,6.533,37.225
32540-202609292330,32540,PTRPVKMCH,6,2026092918,poly3/hold/constant/nearest,Г101,hit,7845.702,14950.284,26.152,49.834,13424.650,13424.650,44.749,44.749
32540-202609292330,32540,PTRPVKMCH,6,2026092918,poly3/hold/constant/bilinear,Б244,hit,505.815,15691.569,1.686,52.305,143.329,12212.717,0.478,40.709
32540-202609292330,32540,PTRPVKMCH,6,2026092918,poly3/hold/constant/bilinear,Б214,hit,3148.990,6812.799,10.497,22.709,2141.728,11202.927,7.139,37.343
32540-202609292330,32540,PTRPVKMCH,6,2026092918,poly3/hold/constant/bilinear,Г101,hit,7845.702,14950.284,26.152,49.834,12685.288,12685.288,42.284,42.284
32540-202609292330,32540,PTRPVKMCH,6,2026092918,poly3/hold/measured/nearest,Б244,hit,505.815,15691.569,1.686,52.305,112.949,13266.651,0.376,44.222
32540-202609292330,32540,PTRPVKMCH,6,2026092918,poly3/hold/measured/nearest,Б214,hit,3148.990,6812.799,10.497,22.709,1959.944,11167.556,6.533,37.225
32540-202609292330,32540,PTRPVKMCH,6,2026092918,poly3/hold/measured/nearest,Г101,hit,7845.702,14950.284,26.152,49.834,13424.707,13424.707,44.749,44.749
32540-202609292330,32540,PTRPVKMCH,6,2026092918,poly3/hold/measured/bilinear,Б244,hit,505.815,15691.569,1.686,52.305,143.329,12212.782,0.478,40.709
32540-202609292330,32540,PTRPVKMCH,6,2026092918,poly3/hold/measured/bilinear,Б214,hit,3148.990,6812.799,10.497,22.709,2141.728,11202.938,7.139,37.343
32540-202609292330,32540,PTRPVKMCH,6,2026092918,poly3/hold/measured/bilinear,Г101,hit,7845.702,14950.284,26.152,49.834,12685.335,12685.335,42.284,42.284
32540-202609292330,32540,PTRPVKMCH,6,2026092918,poly3/zero/constant/nearest,Б244,hit,505.815,15691.569,1.686,52.305,306.143,13215.470,1.020,44.052
32540-202609292330,32540,PTRPVKMCH,6,2026092918,poly3/zero/constant/nearest,Б214,hit,3148.990,6812.799,10.497,22.709,2340.213,10559.757,7.801,35.199
32540-202609292330,32540,PTRPVKMCH,6,2026092918,poly3/zero/constant/nearest,Г101,hit,7845.702,14950.284,26.152,49.834,13334.115,13334.115,44.447,44.447
32540-202609292330,32540,PTRPVKMCH,6,2026092918,poly3/zero/constant/bilinear,Б244,hit,505.815,15691.569,1.686,52.305,335.978,12246.147,1.120,40.820
32540-202609292330,32540,PTRPVKMCH,6,2026092918,poly3/zero/constant/bilinear,Б214,hit,3148.990,6812.799,10.497,22.709,2810.264,10455.606,9.368,34.852
32540-202609292330,32540,PTRPVKMCH,6,2026092918,poly3/zero/constant/bilinear,Г101,hit,7845.702,14950.284,26.152,49.834,12649.284,12649.284,42.164,42.164
32540-202609292330,32540,PTRPVKMCH,6,2026092918,poly3/zero/measured/nearest,Б244,hit,505.815,15691.569,1.686,52.305,306.143,13215.537,1.020,44.052
32540-202609292330,32540,PTRPVKMCH,6,2026092918,poly3/zero/measured/nearest,Б214,hit,3148.990,6812.799,10.497,22.709,2340.213,10559.709,7.801,35.199
32540-202609292330,32540,PTRPVKMCH,6,2026092918,poly3/zero/measured/nearest,Г101,hit,7845.702,14950.284,26.152,49.834,13334.172,13334.172,44.447,44.447
32540-202609292330,32540,PTRPVKMCH,6,2026092918,poly3/zero/measured/bilinear,Б244,hit,505.815,15691.569,1.686,52.305,335.978,12246.212,1.120,40.821
32540-202609292330,32540,PTRPVKMCH,6,2026092918,poly3/zero/measured/bilinear,Б214,hit,3148.990,6812.799,10.497,22.709,2810.264,10455.626,9.368,34.852
32540-202609292330,32540,PTRPVKMCH,6,2026092918,poly3/zero/measured/bilinear,Г101,hit,7845.702,14950.284,26.152,49.834,12649.332,12649.332,42.164,42.164
32540-202609292330,32540,PTRPVKMCH,6,2026092918,poly3/power/constant/nearest,Б244,hit,505.815,15691.569,1.686,52.305,173.706,13100.610,0.579,43.669
32540-202609292330,32540,PTRPVKMCH,6,2026092918,poly3/power/constant/nearest,Б214,hit,3148.990,6812.799,10.497,22.709,2212.910,10993.293,7.376,36.644
32540-202609292330,32540,PTRPVKMCH,6,2026092918,poly3/power/constant/nearest,Г101,hit,7845.702,14950.284,26.152,49.834,13260.982,13260.982,44.203,44.203
32540-202609292330,32540,PTRPVKMCH,6,2026092918,poly3/power/constant/bilinear,Б244,hit,505.815,15691.569,1.686,52.305,214.486,12030.541,0.715,40.102
32540-202609292330,32540,PTRPVKMCH,6,2026092918,poly3/power/constant/bilinear,Б214,hit,3148.990,6812.799,10.497,22.709,2415.714,10894.657,8.052,36.316
32540-202609292330,32540,PTRPVKMCH,6,2026092918,poly3/power/constant/bilinear,Г101,hit,7845.702,14950.284,26.152,49.834,12531.284,12531.284,41.771,41.771
32540-202609292330,32540,PTRPVKMCH,6,2026092918,poly3/power/measured/nearest,Б244,hit,505.815,15691.569,1.686,52.305,173.706,13100.676,0.579,43.669
32540-202609292330,32540,PTRPVKMCH,6,2026092918,poly3/power/measured/nearest,Б214,hit,3148.990,6812.799,10.497,22.709,2212.910,10993.253,7.376,36.644
32540-202609292330,32540,PTRPVKMCH,6,2026092918,poly3/power/measured/nearest,Г101,hit,7845.702,14950.284,26.152,49.834,13261.039,13261.039,44.203,44.203
32540-202609292330,32540,PTRPVKMCH,6,2026092918,poly3/power/measured/bilinear,Б244,hit,505.815,15691.569,1.686,52.305,214.486,12030.614,0.715,40.102
32540-202609292330,32540,PTRPVKMCH,6,2026092918,poly3/power/measured/bilinear,Б214,hit,3148.990,6812.799,10.497,22.709,2415.714,10894.671,8.052,36.316
32540-202609292330,32540,PTRPVKMCH,6,2026092918,poly3/power/measured/bilinear,Г101,hit,7845.702,14950.284,26.152,49.834,12531.333,12531.333,41.771,41.771
32540-202609292330,32540,PTRPVKMCH,6,2026092918,poly3/observed/constant/nearest,Б244,hit,505.815,15691.569,1.686,52.305,272.944,13257.467,0.910,44.192
32540-202609292330,32540,PTRPVKMCH,6,2026092918,poly3/observed/constant/nearest,Б214,hit,3148.990,6812.799,10.497,22.709,2386.516,10508.599,7.955,35.029
32540-202609292330,32540,PTRPVKMCH,6,2026092918,poly3/observed/constant/nearest,Г101,hit,7845.702,14950.284,26.152,49.834,13368.837,13368.837,44.563,44.563
32540-202609292330,32540,PTRPVKMCH,6,2026092918,poly3/observed/constant/bilinear,Б244,hit,505.815,15691.569,1.686,52.305,297.475,12303.340,0.992,41.011
32540-202609292330,32540,PTRPVKMCH,6,2026092918,poly3/observed/constant/bilinear,Б214,hit,3148.990,6812.799,10.497,22.709,2807.136,10458.862,9.357,34.863
32540-202609292330,32540,PTRPVKMCH,6,2026092918,poly3/observed/constant/bilinear,Г101,hit,7845.702,14950.284,26.152,49.834,12691.237,12691.237,42.304,42.304
32540-202609292330,32540,PTRPVKMCH,6,2026092918,poly3/observed/measured/nearest,Б244,hit,505.815,15691.569,1.686,52.305,272.944,13257.533,0.910,44.192
32540-202609292330,32540,PTRPVKMCH,6,2026092918,poly3/observed/measured/nearest,Б214,hit,3148.990,6812.799,10.497,22.709,2386.516,10508.550,7.955,35.028
32540-202609292330,32540,PTRPVKMCH,6,2026092918,poly3/observed/measured/nearest,Г101,hit,7845.702,14950.284,26.152,49.834,13368.894,13368.894,44.563,44.563
32540-202609292330,32540,PTRPVKMCH,6,2026092918,poly3/observed/measured/bilinear,Б244,hit,505.815,15691.569,1.686,52.305,297.475,12303.402,0.992,41.011
32540-202609292330,32540,PTRPVKMCH,6,2026092918,poly3/observed/measured/bilinear,Б214,hit,3148.990,6812.799,10.497,22.709,2807.136,10458.882,9.357,34.863
32540-202609292330,32540,PTRPVKMCH,6,2026092918,poly3/observed/measured/bilinear,Г101,hit,7845.702,14950.284,26.152,49.834,12691.285,12691.285,42.304,42.304
24122-202609301130,24122,OLENEK,6,2026093006,step/hold/constant/nearest,B927,hit,4286.041,4286.041,14.287,14.287,3869.441,3869.441,12.898,12.898
24122-202609301130,24122,OLENEK,6,2026093006,step/hold/constant/nearest,M131,false,,,,,5708.689,6190.172,19.029,20.634
24122-202609301130,24122,OLENEK,6,2026093006,step/hold/constant/bilinear,B927,hit,4286.041,4286.041,14.287,14.287,3908.286,3908.286,13.028,13.028
24122-202609301130,24122,OLENEK,6,2026093006,step/hold/measured/nearest,B927,hit,4286.041,4286.041,14.287,14.287,3863.291,3863.291,12.878,12.878
24122-202609301130,24122,OLENEK,6,2026093006,step/hold/measured/nearest,M131,false,,,,,5715.395,6173.984,19.051,20.580
24122-202609301130,24122,OLENEK,6,2026093006,step/hold/measured/bilinear,B927,hit,4286.041,4286.041,14.287,14.287,3901.742,3901.742,13.006,13.006
24122-202609301130,24122,OLENEK,6,2026093006,step/zero/constant/nearest,B927,hit,4286.041,4286.041,14.287,14.287,4012.798,4012.798,13.376,13.376
24122-202609301130,24122,OLENEK,6,2026093006,step/zero/constant/nearest,M131,false,,,,,5143.458,5143.458,17.145,17.145
24122-202609301130,24122,OLENEK,6,2026093006,step/zero/constant/bilinear,B927,hit,4286.041,4286.041,14.287,14.287,4038.785,4038.785,13.463,13.463
24122-202609301130,24122,OLENEK,6,2026093006,step/zero/constant/bilinear,M131,false,,,,,5139.511,5139.511,17.132,17.132
24122-202609301130,24122,OLENEK,6,2026093006,step/zero/measured/nearest,B927,hit,4286.041,4286.041,14.287,14.287,4006.654,4006.654,13.356,13.356
24122-202609301130,24122,OLENEK,6,2026093006,step/zero/measured/nearest,M131,false,,,,,5139.521,5139.521,17.132,17.132
24122-202609301130,24122,OLENEK,6,2026093006,step/zero/measured/bilinear,B927,hit,4286.041,4286.041,14.287,14.287,4032.260,4032.260,13.441,13.441
24122-202609301130,24122,OLENEK,6,2026093006,step/zero/measured/bilinear,M131,false,,,,,5134.860,5134.860,17.116,17.116
24122-202609301130,24122,OLENEK,6,2026093006,step/power/constant/nearest,B927,hit,4286.041,4286.041,14.287,14.287,3904.977,3904.977,13.017,13.017
24122-202609301130,24122,OLENEK,6,2026093006,step/power/constant/bilinear,B927,hit,4286.041,4286.041,14.287,14.287,3940.566,3940.566,13.135,13.135
24122-202609301130,24122,OLENEK,6,2026093006,step/power/constant/bilinear,M131,false,,,,,5074.527,5074.527,16.915,16.915
24122-202609301130,24122,OLENEK,6,2026093006,step/power/measured/nearest,B927,hit,4286.041,4286.041,14.287,14.287,3898.829,3898.829,12.996,12.996
24122-202609301130,24122,OLENEK,6,2026093006,step/power/measured/bilinear,B927,hit,4286.041,4286.041,14.287,14.287,3934.026,3934.026,13.113,13.113
24122-202609301130,24122,OLENEK,6,2026093006,step/power/measured/bilinear,M131,false,,,,,5069.855,5069.855,16.900,16.900
24122-202609301130,24122,OLENEK,6,2026093006,step/observed/constant/nearest,B927,hit,4286.041,4286.041,14.287,14.287,4064.523,4064.523,13.548,13.548
24122-202609301130,24122,OLENEK,6,2026093006,step/observed/constant/nearest,M131,false,,,,,5191.040,5191.040,17.303,17.303
24122-202609301130,24122,OLENEK,6,2026093006,step/observed/constant/bilinear,B927,hit,4286.041,4286.041,14.287,14.287,4088.616,4088.616,13.629,13.629
24122-202609301130,24122,OLENEK,6,2026093006,step/observed/constant/bilinear,M131,false,,,,,5186.979,5186.979,17.290,17.290
24122-202609301130,24122,OLENEK,6,2026093006,step/observed/measured/nearest,B927,hit,4286.041,4286.041,14.287,14.287,4058.377,4058.377,13.528,13.528
24122-202609301130,24122,OLENEK,6,2026093006,step/observed/measured/nearest,M131,false,,,,,5187.102,5187.102,17.290,17.290
24122-202609301130,24122,OLENEK,6,2026093006,step/observed/measured/bilinear,B927,hit,4286.041,4286.041,14.287,14.287,4082.087,4082.087,13.607,13.607
24122-202609301130,24122,OLENEK,6,2026093006,step/observed/measured/bilinear,M131,false,,,,,5182.324,5182.324,17.274,17.274
24122-202609301130,24122,OLENEK,6,2026093006,linear/hold/constant/nearest,B927,hit,4286.041,4286.041,14.287,14.287,3847.677,3847.677,12.826,12.826
24122-202609301130,24122,OLENEK,6,2026093006,linear/hold/constant/nearest,M131,false,,,,,5933.366,6140.547,19.778,20.468
24122-202609301130,24122,OLENEK,6,2026093006,linear/hold/constant/bilinear,B927,hit,4286.041,4286.041,14.287,14.287,3890.534,3890.534,12.968,12.968
24122-202609301130,24122,OLENEK,6,2026093006,linear/hold/measured/nearest,B927,hit,4286.041,4286.041,14.287,14.287,3847.588,3847.588,12.825,12.825
24122-202609301130,24122,OLENEK,6,2026093006,linear/hold/measured/nearest,M131,false,,,,,5933.695,6140.132,19.779,20.467
24122-202609301130,24122,OLENEK,6,2026093006,linear/hold/measured/bilinear,B927,hit,4286.041,4286.041,14.287,14.287,3890.519,3890.519,12.968,12.968
24122-202609301130,24122,OLENEK,6,2026093006,linear/zero/constant/nearest,B927,hit,4286.041,4286.041,14.287,14.287,4006.166,4006.166,13.354,13.354
24122-202609301130,24122,OLENEK,6,2026093006,linear/zero/constant/nearest,M131,false,,,,,5137.327,5137.327,17.124,17.124
24122-202609301130,24122,OLENEK,6,2026093006,linear/zero/constant/bilinear,B927,hit,4286.041,4286.041,14.287,14.287,4033.741,4033.741,13.446,13.446
24122-202609301130,24122,OLENEK,6,2026093006,linear/zero/constant/bilinear,M131,false,,,,,5134.288,5134.288,17.114,17.114
24122-202609301130,24122,OLENEK,6,2026093006,linear/zero/measured/nearest,B927,hit,4286.041,4286.041,14.287,14.287,4006.112,4006.112,13.354,13.354
24122-202609301130,24122,OLENEK,6,2026093006,linear/zero/measured/nearest,M131,false,,,,,5137.305,5137.305,17.124,17.124
24122-202609301130,24122,OLENEK,6,2026093006,linear/zero/measured/bilinear,B927,hit,4286.041,4286.041,14.287,14.287,4033.776,4033.776,13.446,13.446
24122-202609301130,24122,OLENEK,6,2026093006,linear/zero/measured/bilinear,M131,false,,,,,5134.253,5134.253,17.114,17.114
24122-202609301130,24122,OLENEK,6,2026093006,linear/power/constant/nearest,B927,hit,4286.041,4286.041,14.287,14.287,3887.828,3887.828,12.959,12.959
24122-202609301130,24122,OLENEK,6,2026093006,linear/power/constant/bilinear,B927,hit,4286.041,4286.041,14.287,14.287,3926.713,3926.713,13.089,13.089
24122-202609301130,24122,OLENEK,6,2026093006,linear/power/constant/bilinear,M131,false,,,,,5066.313,5066.313,16.888,16.888
24122-202609301130,24122,OLENEK,6,2026093006,linear/power/measured/nearest,B927,hit,4286.041,4286.041,14.287,14.287,3887.843,3887.843,12.959,12.959
24122-202609301130,24122,OLENEK,6,2026093006,linear/power/measured/bilinear,B927,hit,4286.041,4286.041,14.287,14.287,3926.842,3926.842,13.089,13.089
24122-202609301130,24122,OLENEK,6,2026093006,linear/power/measured/bilinear,M131,false,,,,,5066.278,5066.278,16.888,16.888
24122-202609301130,24122,OLENEK,6,2026093006,linear/observed/constant/nearest,B927,hit,4286.041,4286.041,14.287,14.287,4061.053,4061.053,13.537,13.537
24122-202609301130,24122,OLENEK,6,2026093006,linear/observed/constant/nearest,M131,false,,,,,5186.984,5186.984,17.290,17.290
24122-202609301130,24122,OLENEK,6,2026093006,linear/observed/constant/bilinear,B927,hit,4286.041,4286.041,14.287,14.287,4086.297,4086.297,13.621,13.621
24122-202609301130,24122,OLENEK,6,2026093006,linear/observed/constant/bilinear,M131,false,,,,,5183.489,5183.489,17.278,17.278
24122-202609301130,24122,OLENEK,6,2026093006,linear/observed/measured/nearest,B927,hit,4286.041,4286.041,14.287,14.287,4061.050,4061.050,13.537,13.537
24122-202609301130,24122,OLENEK,6,2026093006,linear/observed/measured/nearest,M131,false,,,,,5186.963,5186.963,17.290,17.290
24122-202609301130,24122,OLENEK,6,2026093006,linear/observed/measured/bilinear,B927,hit,4286.041,4286.041,14.287,14.287,4086.302,4086.302,13.621,13.621
24122-202609301130,24122,OLENEK,6,2026093006,linear/observed/measured/bilinear,M131,false,,,,,5183.455,5183.455,17.278,17.278
24122-202609301130,24122,OLENEK,6,2026093006,spline/hold/constant/nearest,B927,hit,4286.041,4286.041,14.287,14.287,3843.911,3843.911,12.813,12.813
24122-202609301130,24122,OLENEK,6,2026093006,spline/hold/constant/nearest,M131,false,,,,,5929.146,6061.001,19.764,20.203
24122-202609301130,24122,OLENEK,6,2026093006,spline/hold/constant/bilinear,B927,hit,4286.041,4286.041,14.287,14.287,3884.649,3884.649,12.949,12.949
24122-202609301130,24122,OLENEK,6,2026093006,spline/hold/measured/nearest,B927,hit,4286.041,4286.041,14.287,14.287,3843.863,3843.863,12.813,12.813
24122-202609301130,24122,OLENEK,6,2026093006,spline/hold/measured/nearest,M131,false,,,,,5929.176,6060.973,19.764,20.203
24122-202609301130,24122,OLENEK,6,2026093006,spline/hold/measured/bilinear,B927,hit,4286.041,4286.041,14.287,14.287,3884.701,3884.701,12.949,12.949
24122-202609301130,24122,OLENEK,6,2026093006,spline/zero/constant/nearest,B927,hit,4286.041,4286.041,14.287,14.287,4042.109,4042.109,13.474,13.474
24122-202609301130,24122,OLENEK,6,2026093006,spline/zero/constant/nearest,M131,false,,,,,5180.891,5180.891,17.270,17.270
24122-202609301130,24122,OLENEK,6,2026093006,spline/zero/constant/bilinear,B927,hit,4286.041,4286.041,14.287,14.287,4059.214,4059.214,13.531,13.531
24122-202609301130,24122,OLENEK,6,2026093006,spline/zero/constant/bilinear,M131,false,,,,,5172.483,5172.483,17.242,17.242
24122-202609301130,24122,OLENEK,6,2026093006,spline/zero/measured/nearest,B927,hit,4286.041,4286.041,14.287,14.287,4042.074,4042.074,13.474,13.474
24122-202609301130,24122,OLENEK,6,2026093006,spline/zero/measured/nearest,M131,false,,,,,5180.890,5180.890,17.270,17.270
24122-202609301130,24122,OLENEK,6,2026093006,spline/zero/measured/bilinear,B927,hit,4286.041,4286.041,14.287,14.287,4059.194,4059.194,13.531,13.531
24122-202609301130,24122,OLENEK,6,2026093006,spline/zero/measured/bilinear,M131,false,,,,,5172.483,5172.483,17.242,17.242
24122-202609301130,24122,OLENEK,6,2026093006,spline/power/constant/nearest,B927,hit,4286.041,4286.041,14.287,14.287,3883.678,3883.678,12.946,12.946
24122-202609301130,24122,OLENEK,6,2026093006,spline/power/constant/bilinear,B927,hit,4286.041,4286.041,14.287,14.287,3920.276,3920.276,13.068,13.068
24122-202609301130,24122,OLENEK,6,2026093006,spline/power/constant/bilinear,M131,false,,,,,5066.919,5066.919,16.890,16.890
24122-202609301130,24122,OLENEK,6,2026093006,spline/power/measured/nearest,B927,hit,4286.041,4286.041,14.287,14.287,3883.738,3883.738,12.946,12.946
24122-202609301130,24122,OLENEK,6,2026093006,spline/power/measured/bilinear,B927,hit,4286.041,4286.041,14.287,14.287,3920.339,3920.339,13.068,13.068
24122-202609301130,24122,OLENEK,6,2026093006,spline/power/measured/bilinear,M131,false,,,,,5066.918,5066.918,16.890,16.890
24122-202609301130,24122,OLENEK,6,2026093006,spline/observed/constant/nearest,B927,hit,4286.041,4286.041,14.287,14.287,4085.698,4085.698,13.619,13.619
24122-202609301130,24122,OLENEK,6,2026093006,spline/observed/constant/nearest,M131,false,,,,,5221.588,5221.588,17.405,17.405
24122-202609301130,24122,OLENEK,6,2026093006,spline/observed/constant/bilinear,B927,hit,4286.041,4286.041,14.287,14.287,4101.142,4101.142,13.670,13.670
24122-202609301130,24122,OLENEK,6,2026093006,spline/observed/constant/bilinear,M131,false,,,,,5213.417,5213.417,17.378,17.378
24122-202609301130,24122,OLENEK,6,2026093006,spline/observed/measured/nearest,B927,hit,4286.041,4286.041,14.287,14.287,4085.708,4085.708,13.619,13.619
24122-202609301130,24122,OLENEK,6,2026093006,spline/observed/measured/nearest,M131,false,,,,,5221.588,5221.588,17.405,17.405
24122-202609301130,24122,OLENEK,6,2026093006,spline/observed/measured/bilinear,B927,hit,4286.041,4286.041,14.287,14.287,4101.062,4101.062,13.670,13.670
24122-202609301130,24122,OLENEK,6,2026093006,spline/observed/measured/bilinear,M131,false,,,,,5213.416,5213.416,17.378,17.378
24122-202609301130,24122,OLENEK,6,2026093006,pchip/hold/constant/nearest,B927,hit,4286.041,4286.041,14.287,14.287,3847.320,3847.320,12.824,12.824
24122-202609301130,24122,OLENEK,6,2026093006,pchip/hold/constant/bilinear,B927,hit,4286.041,4286.041,14.287,14.287,3891.485,3891.485,12.972,12.972
24122-202609301130,24122,OLENEK,6,2026093006,pchip/hold/constant/bilinear,M131,false,,,,,5042.820,5042.820,16.809,16.809
24122-202609301130,24122,OLENEK,6,2026093006,pchip/hold/measured/nearest,B927,hit,4286.041,4286.041,14.287,14.287,3847.228,3847.228,12.824,12.824
24122-202609301130,24122,OLENEK,6,2026093006,pchip/hold/measured/bilinear,B927,hit,4286.041,4286.041,14.287,14.287,3891.459,3891.459,12.972,12.972
24122-202609301130,24122,OLENEK,6,2026093006,pchip/hold/measured/bilinear,M131,false,,,,,5042.819,5042.819,16.809,16.809
24122-202609301130,24122,OLENEK,6,2026093006,pchip/zero/constant/nearest,B927,hit,4286.041,4286.041,14.287,14.287,4047.574,4047.574,13.492,13.492
24122-202609301130,24122,OLENEK,6,2026093006,pchip/zero/constant/nearest,M131,false,,,,,5182.483,5182.483,17.275,17.275
24122-202609301130,24122,OLENEK,6,2026093006,pchip/zero/constant/bilinear,B927,hit,4286.041,4286.041,14.287,14.287,4069.552,4069.552,13.565,13.565
24122-202609301130,24122,OLENEK,6,2026093006,pchip/zero/constant/bilinear,M131,false,,,,,5174.889,5174.889,17.250,17.250
24122-202609301130,24122,OLENEK,6,2026093006,pchip/zero/measured/nearest,B927,hit,4286.041,4286.041,14.287,14.287,4047.492,4047.492,13.492,13.492
24122-202609301130,24122,OLENEK,6,2026093006,pchip/zero/measured/nearest,M131,false,,,,,5182.483,5182.483,17.275,17.275
24122-202609301130,24122,OLENEK,6,2026093006,pchip/zero/measured/bilinear,B927,hit,4286.041,4286.041,14.287,14.287,4069.625,4069.625,13.565,13.565
24122-202609301130,24122,OLENEK,6,2026093006,pchip/zero/measured/bilinear,M131,false,,,,,5174.888,5174.888,17.250,17.250
24122-202609301130,24122,OLENEK,6,2026093006,pchip/power/constant/nearest,B927,hit,4286.041,4286.041,14.287,14.287,3887.179,3887.179,12.957,12.957
24122-202609301130,24122,OLENEK,6,2026093006,pchip/power/constant/bilinear,B927,hit,4286.041,4286.041,14.287,14.287,3927.219,3927.219,13.091,13.091
24122-202609301130,24122,OLENEK,6,2026093006,pchip/power/constant/bilinear,M131,false,,,,,5065.724,5065.724,16.886,16.886
24122-202609301130,24122,OLENEK,6,2026093006,pchip/power/measured/nearest,B927,hit,4286.041,4286.041,14.287,14.287,3887.202,3887.202,12.957,12.957
24122-202609301130,24122,OLENEK,6,2026093006,pchip/power/measured/bilinear,B927,hit,4286.041,4286.041,14.287,14.287,3927.342,3927.342,13.091,13.091
24122-202609301130,24122,OLENEK,6,2026093006,pchip/power/measured/bilinear,M131,false,,,,,5065.723,5065.723,16.886,16.886
24122-202609301130,24122,OLENEK,6,2026093006,pchip/observed/constant/nearest,B927,hit,4286.041,4286.041,14.287,14.287,4086.489,4086.489,13.622,13.622
24122-202609301130,24122,OLENEK,6,2026093006,pchip/observed/constant/nearest,M131,false,,,,,5218.646,5218.646,17.395,17.395
24122-202609301130,24122,OLENEK,6,2026093006,pchip/observed/constant/bilinear,B927,hit,4286.041,4286.041,14.287,14.287,4107.088,4107.088,13.690,13.690
24122-202609301130,24122,OLENEK,6,2026093006,pchip/observed/constant/bilinear,M131,false,,,,,5211.149,5211.149,17.370,17.370
24122-202609301130,24122,OLENEK,6,2026093006,pchip/observed/measured/nearest,B927,hit,4286.041,4286.041,14.287,14.287,4086.493,4086.493,13.622,13.622
24122-202609301130,24122,OLENEK,6,2026093006,pchip/observed/measured/nearest,M131,false,,,,,5218.645,5218.645,17.395,17.395
24122-202609301130,24122,OLENEK,6,2026093006,pchip/observed/measured/bilinear,B927,hit,4286.041,4286.041,14.287,14.287,4107.053,4107.053,13.690,13.690
24122-202609301130,24122,OLENEK,6,2026093006,pchip/observed/measured/bilinear,M131,false,,,,,5211.148,5211.148,17.370,17.370
24122-202609301130,24122,OLENEK,6,2026093006,poly3/hold/constant/nearest,B927,hit,4286.041,4286.041,14.287,14.287,3843.329,3843.329,12.811,12.811
24122-202609301130,24122,OLENEK,6,2026093006,poly3/hold/constant/bilinear,B927,hit,4286.041,4286.041,14.287,14.287,3890.461,3890.461,12.968,12.968
24122-202609301130,24122,OLENEK,6,2026093006,poly3/hold/measured/nearest,B927,hit,4286.041,4286.041,14.287,14.287,3843.287,3843.287,12.811,12.811
24122-202609301130,24122,OLENEK,6,2026093006,poly3/hold/measured/bilinear,B927,hit,4286.041,4286.041,14.287,14.287,3890.447,3890.447,12.968,12.968
24122-202609301130,24122,OLENEK,6,2026093006,poly3/zero/constant/nearest,B927,hit,4286.041,4286.041,14.287,14.287,4083.456,4083.456,13.612,13.612
24122-202609301130,24122,OLENEK,6,2026093006,poly3/zero/constant/nearest,M131,false,,,,,5219.552,5219.552,17.399,17.399
24122-202609301130,24122,OLENEK,6,2026093006,poly3/zero/constant/bilinear,B927,hit,4286.041,4286.041,14.287,14.287,4092.872,4092.872,13.643,13.643
24122-202609301130,24122,OLENEK,6,2026093006,poly3/zero/constant/bilinear,M131,false,,,,,5206.451,5206.451,17.355,17.355
24122-202609301130,24122,OLENEK,6,2026093006,poly3/zero/measured/nearest,B927,hit,4286.041,4286.041,14.287,14.287,4083.485,4083.485,13.612,13.612
24122-202609301130,24122,OLENEK,6,2026093006,poly3/zero/measured/nearest,M131,false,,,,,5219.530,5219.530,17.398,17.398
24122-202609301130,24122,OLENEK,6,2026093006,poly3/zero/measured/bilinear,B927,hit,4286.041,4286.041,14.287,14.287,4092.821,4092.821,13.643,13.643
24122-202609301130,24122,OLENEK,6,2026093006,poly3/zero/measured/bilinear,M131,false,,,,,5206.420,5206.420,17.355,17.355
24122-202609301130,24122,OLENEK,6,2026093006,poly3/power/constant/nearest,B927,hit,4286.041,4286.041,14.287,14.287,3883.693,3883.693,12.946,12.946
24122-202609301130,24122,OLENEK,6,2026093006,poly3/power/constant/bilinear,B927,hit,4286.041,4286.041,14.287,14.287,3926.756,3926.756,13.089,13.089
24122-202609301130,24122,OLENEK,6,2026093006,poly3/power/constant/bilinear,M131,false,,,,,5074.552,5074.552,16.915,16.915
24122-202609301130,24122,OLENEK,6,2026093006,poly3/power/measured/nearest,B927,hit,4286.041,4286.041,14.287,14.287,3883.755,3883.755,12.946,12.946
24122-202609301130,24122,OLENEK,6,2026093006,poly3/power/measured/bilinear,B927,hit,4286.041,4286.041,14.287,14.287,3926.887,3926.887,13.090,13.090
24122-202609301130,24122,OLENEK,6,2026093006,poly3/power/measured/bilinear,M131,false,,,,,5074.519,5074.519,16.915,16.915
24122-202609301130,24122,OLENEK,6,2026093006,poly3/observed/constant/nearest,B927,hit,4286.041,4286.041,14.287,14.287,4119.002,4119.002,13.730,13.730
24122-202609301130,24122,OLENEK,6,2026093006,poly3/observed/constant/bilinear,B927,hit,4286.041,4286.041,14.287,14.287,4127.282,4127.282,13.758,13.758
24122-202609301130,24122,OLENEK,6,2026093006,poly3/observed/constant/bilinear,M131,false,,,,,5239.548,5239.548,17.465,17.465
24122-202609301130,24122,OLENEK,6,2026093006,poly3/observed/measured/nearest,B927,hit,4286.041,4286.041,14.287,14.287,4119.083,4119.083,13.730,13.730
24122-202609301130,24122,OLENEK,6,2026093006,poly3/observed/measured/bilinear,B927,hit,4286.041,4286.041,14.287,14.287,4127.353,4127.353,13.758,13.758
24122-202609301130,24122,OLENEK,6,2026093006,poly3/observed/measured/bilinear,M131,false,,,,,5239.516,5239.516,17.465,17.465
32540-202609301130,32540,PTRPVKMCH,6,2026093006,step/hold/constant/nearest,Б244,hit,670.921,11404.064,2.236,38.014,93.612,12703.888,0.312,42.346
32540-202609301130,32540,PTRPVKMCH,6,2026093006,step/hold/constant/nearest,Г101,hit,11720.884,11720.884,39.070,39.070,13710.192,13710.192,45.701,45.701
32540-202609301130,32540,PTRPVKMCH,6,2026093006,step/hold/constant/bilinear,Б244,hit,670.921,11404.064,2.236,38.014,131.050,12235.657,0.437,40.786
32540-202609301130,32540,PTRPVKMCH,6,2026093006,step/hold/constant/bilinear,Г101,hit,11720.884,11720.884,39.070,39.070,12479.380,12479.380,41.598,41.598
32540-202609301130,32540,PTRPVKMCH,6,2026093006,step/hold/measured/nearest,Б244,hit,670.921,11404.064,2.236,38.014,93.612,12701.504,0.312,42.338
32540-202609301130,32540,PTRPVKMCH,6,2026093006,step/hold/measured/nearest,Г101,hit,11720.884,11720.884,39.070,39.070,13709.077,13709.077,45.697,45.697
32540-202609301130,32540,PTRPVKMCH,6,2026093006,step/hold/measured/bilinear,Б244,hit,670.921,11404.064,2.236,38.014,131.050,12234.145,0.437,40.780
32540-202609301130,32540,PTRPVKMCH,6,2026093006,step/hold/measured/bilinear,Г101,hit,11720.884,11720.884,39.070,39.070,12478.738,12478.738,41.596,41.596
32540-202609301130,32540,PTRPVKMCH,6,2026093006,step/zero/constant/nearest,Б244,hit,670.921,11404.064,2.236,38.014,843.612,12073.796,2.812,40.246
32540-202609301130,32540,PTRPVKMCH,6,2026093006,step/zero/constant/nearest,Г101,hit,11720.884,11720.884,39.070,39.070,12856.737,12856.737,42.856,42.856
32540-202609301130,32540,PTRPVKMCH,6,2026093006,step/zero/constant/bilinear,Б244,hit,670.921,11404.064,2.236,38.014,881.050,11523.775,2.937,38.413
32540-202609301130,32540,PTRPVKMCH,6,2026093006,step/zero/constant/bilinear,Г101,hit,11720.884,11720.884,39.070,39.070,11739.164,11739.164,39.131,39.131
32540-202609301130,32540,PTRPVKMCH,6,2026093006,step/zero/measured/nearest,Б244,hit,670.921,11404.064,2.236,38.014,843.612,12071.411,2.812,40.238
32540-202609301130,32540,PTRPVKMCH,6,2026093006,step/zero/measured/nearest,Г101,hit,11720.884,11720.884,39.070,39.070,12855.511,12855.511,42.852,42.852
32540-202609301130,32540,PTRPVKMCH,6,2026093006,step/zero/measured/bilinear,Б244,hit,670.921,11404.064,2.236,38.014,881.050,11521.892,2.937,38.406
32540-202609301130,32540,PTRPVKMCH,6,2026093006,step/zero/measured/bilinear,Г101,hit,11720.884,11720.884,39.070,39.070,11737.356,11737.356,39.125,39.125
32540-202609301130,32540,PTRPVKMCH,6,2026093006,step/power/constant/nearest,Б244,hit,670.921,11404.064,2.236,38.014,147.295,12547.287,0.491,41.824
32540-202609301130,32540,PTRPVKMCH,6,2026093006,step/power/constant/nearest,Г101,hit,11720.884,11720.884,39.070,39.070,13499.064,13499.064,44.997,44.997
32540-202609301130,32540,PTRPVKMCH,6,2026093006,step/power/constant/bilinear,Б244,hit,670.921,11404.064,2.236,38.014,198.323,12080.400,0.661,40.268
32540-202609301130,32540,PTRPVKMCH,6,2026093006,step/power/constant/bilinear,Г101,hit,11720.884,11720.884,39.070,39.070,12294.914,12294.914,40.983,40.983
32540-202609301130,32540,PTRPVKMCH,6,2026093006,step/power/measured/nearest,Б244,hit,670.921,11404.064,2.236,38.014,147.295,12544.903,0.491,41.816
32540-202609301130,32540,PTRPVKMCH,6,2026093006,step/power/measured/nearest,Г101,hit,11720.884,11720.884,39.070,39.070,13497.949,13497.949,44.993,44.993
32540-202609301130,32540,PTRPVKMCH,6,2026093006,step/power/measured/bilinear,Б244,hit,670.921,11404.064,2.236,38.014,198.323,12078.880,0.661,40.263
32540-202609301130,32540,PTRPVKMCH,6,2026093006,step/power/measured/bilinear,Г101,hit,11720.884,11720.884,39.070,39.070,12294.268,12294.268,40.981,40.981
32540-202609301130,32540,PTRPVKMCH,6,2026093006,step/observed/constant/nearest,Б244,hit,670.921,11404.064,2.236,38.014,830.427,12041.877,2.768,40.140
32540-202609301130,32540,PTRPVKMCH,6,2026093006,step/observed/constant/nearest,Г101,hit,11720.884,11720.884,39.070,39.070,12841.127,12841.127,42.804,42.804
32540-202609301130,32540,PTRPVKMCH,6,2026093006,step/observed/constant/bilinear,Б244,hit,670.921,11404.064,2.236,38.014,862.413,11496.267,2.875,38.321
32540-202609301130,32540,PTRPVKMCH,6,2026093006,step/observed/constant/bilinear,Г101,hit,11720.884,11720.884,39.070,39.070,11712.579,11712.579,39.042,39.042
32540-202609301130,32540,PTRPVKMCH,6,2026093006,step/observed/measured/nearest,Б244,hit,670.921,11404.064,2.236,38.014,830.427,12039.492,2.768,40.132
32540-202609301130,32540,PTRPVKMCH,6,2026093006,step/observed/measured/nearest,Г101,hit,11720.884,11720.884,39.070,39.070,12839.901,12839.901,42.800,42.800
32540-202609301130,32540,PTRPVKMCH,6,2026093006,step/observed/measured/bilinear,Б244,hit,670.921,11404.064,2.236,38.014,862.413,11494.380,2.875,38.315
32540-202609301130,32540,PTRPVKMCH,6,2026093006,step/observed/measured/bilinear,Г101,hit,11720.884,11720.884,39.070,39.070,11710.768,11710.768,39.036,39.036
32540-202609301130,32540,PTRPVKMCH,6,2026093006,linear/hold/constant/nearest,Б244,hit,670.921,11404.064,2.236,38.014,93.612,12699.474,0.312,42.332
32540-202609301130,32540,PTRPVKMCH,6,2026093006,linear/hold/constant/nearest,Г101,hit,11720.884,11720.884,39.070,39.070,13707.929,13707.929,45.693,45.693
32540-202609301130,32540,PTRPVKMCH,6,2026093006,linear/hold/constant/bilinear,Б244,hit,670.921,11404.064,2.236,38.014,131.050,12235.886,0.437,40.786
32540-202609301130,32540,PTRPVKMCH,6,2026093006,linear/hold/constant/bilinear,Г101,hit,11720.884,11720.884,39.070,39.070,12478.378,12478.378,41.595,41.595
32540-202609301130,32540,PTRPVKMCH,6,2026093006,linear/hold/measured/nearest,Б244,hit,670.921,11404.064,2.236,38.014,93.612,12699.458,0.312,42.332
32540-202609301130,32540,PTRPVKMCH,6,2026093006,linear/hold/measured/nearest,Г101,hit,11720.884,11720.884,39.070,39.070,13707.936,13707.936,45.693,45.693
32540-202609301130,32540,PTRPVKMCH,6,2026093006,linear/hold/measured/bilinear,Б244,hit,670.921,11404.064,2.236,38.014,131.050,12235.884,0.437,40.786
32540-202609301130,32540,PTRPVKMCH,6,2026093006,linear/hold/measured/bilinear,Г101,hit,11720.884,11720.884,39.070,39.070,12478.391,12478.391,41.595,41.595
32540-202609301130,32540,PTRPVKMCH,6,2026093006,linear/zero/constant/nearest,Б244,hit,670.921,11404.064,2.236,38.014,529.368,12068.720,1.765,40.229
32540-202609301130,32540,PTRPVKMCH,6,2026093006,linear/zero/constant/nearest,Г101,hit,11720.884,11720.884,39.070,39.070,12844.480,12844.480,42.815,42.815
32540-202609301130,32540,PTRPVKMCH,6,2026093006,linear/zero/constant/bilinear,Б244,hit,670.921,11404.064,2.236,38.014,626.583,11519.028,2.089,38.397
32540-202609301130,32540,PTRPVKMCH,6,2026093006,linear/zero/constant/bilinear,Г101,hit,11720.884,11720.884,39.070,39.070,11739.844,11739.844,39.133,39.133
32540-202609301130,32540,PTRPVKMCH,6,2026093006,linear/zero/measured/nearest,Б244,hit,670.921,11404.064,2.236,38.014,529.368,12068.703,1.765,40.229
32540-202609301130,32540,PTRPVKMCH,6,2026093006,linear/zero/measured/nearest,Г101,hit,11720.884,11720.884,39.070,39.070,12844.487,12844.487,42.815,42.815
32540-202609301130,32540,PTRPVKMCH,6,2026093006,linear/zero/measured/bilinear,Б244,hit,670.921,11404.064,2.236,38.014,626.583,11519.026,2.089,38.397
32540-202609301130,32540,PTRPVKMCH,6,2026093006,linear/zero/measured/bilinear,Г101,hit,11720.884,11720.884,39.070,39.070,11739.843,11739.843,39.133,39.133
32540-202609301130,32540,PTRPVKMCH,6,2026093006,linear/power/constant/nearest,Б244,hit,670.921,11404.064,2.236,38.014,147.295,12545.604,0.491,41.819
32540-202609301130,32540,PTRPVKMCH,6,2026093006,linear/power/constant/nearest,Г101,hit,11720.884,11720.884,39.070,39.070,13499.049,13499.049,44.997,44.997
32540-202609301130,32540,PTRPVKMCH,6,2026093006,linear/power/constant/bilinear,Б244,hit,670.921,11404.064,2.236,38.014,198.323,12073.555,0.661,40.245
32540-202609301130,32540,PTRPVKMCH,6,2026093006,linear/power/constant/bilinear,Г101,hit,11720.884,11720.884,39.070,39.070,12295.976,12295.976,40.987,40.987
32540-202609301130,32540,PTRPVKMCH,6,2026093006,linear/power/measured/nearest,Б244,hit,670.921,11404.064,2.236,38.014,147.295,12545.588,0.491,41.819
32540-202609301130,32540,PTRPVKMCH,6,2026093006,linear/power/measured/nearest,Г101,hit,11720.884,11720.884,39.070,39.070,13499.056,13499.056,44.997,44.997
32540-202609301130,32540,PTRPVKMCH,6,2026093006,linear/power/measured/bilinear,Б244,hit,670.921,11404.064,2.236,38.014,198.323,12073.553,0.661,40.245
32540-202609301130,32540,PTRPVKMCH,6,2026093006,linear/power/measured/bilinear,Г101,hit,11720.884,11720.884,39.070,39.070,12295.990,12295.990,40.987,40.987
32540-202609301130,32540,PTRPVKMCH,6,2026093006,linear/observed/constant/nearest,Б244,hit,670.921,11404.064,2.236,38.014,508.172,12035.257,1.694,40.118
32540-202609301130,32540,PTRPVKMCH,6,2026093006,linear/observed/constant/nearest,Г101,hit,11720.884,11720.884,39.070,39.070,12829.520,12829.520,42.765,42.765
32540-202609301130,32540,PTRPVKMCH,6,2026093006,linear/observed/constant/bilinear,Б244,hit,670.921,11404.064,2.236,38.014,597.933,11489.426,1.993,38.298
32540-202609301130,32540,PTRPVKMCH,6,2026093006,linear/observed/constant/bilinear,Г101,hit,11720.884,11720.884,39.070,39.070,11713.393,11713.393,39.045,39.045
32540-202609301130,32540,PTRPVKMCH,6,2026093006,linear/observed/measured/nearest,Б244,hit,670.921,11404.064,2.236,38.014,508.172,12035.240,1.694,40.117
32540-202609301130,32540,PTRPVKMCH,6,2026093006,linear/observed/measured/nearest,Г101,hit,11720.884,11720.884,39.070,39.070,12829.528,12829.528,42.765,42.765
32540-202609301130,32540,PTRPVKMCH,6,2026093006,linear/observed/measured/bilinear,Б244,hit,670.921,11404.064,2.236,38.014,597.933,11489.424,1.993,38.298
32540-202609301130,32540,PTRPVKMCH,6,2026093006,linear/observed/measured/bilinear,Г101,hit,11720.884,11720.884,39.070,39.070,11713.392,11713.392,39.045,39.045
32540-202609301130,32540,PTRPVKMCH,6,2026093006,spline/hold/constant/nearest,Б244,hit,670.921,11404.064,2.236,38.014,93.612,12651.003,0.312,42.170
32540-202609301130,32540,PTRPVKMCH,6,2026093006,spline/hold/constant/nearest,Г101,hit,11720.884,11720.884,39.070,39.070,13644.092,13644.092,45.480,45.480
32540-202609301130,32540,PTRPVKMCH,6,2026093006,spline/hold/constant/bilinear,Б244,hit,670.921,11404.064,2.236,38.014,131.050,12200.223,0.437,40.667
32540-202609301130,32540,PTRPVKMCH,6,2026093006,spline/hold/constant/bilinear,Г101,hit,11720.884,11720.884,39.070,39.070,12443.915,12443.915,41.480,41.480
32540-202609301130,32540,PTRPVKMCH,6,2026093006,spline/hold/measured/nearest,Б244,hit,670.921,11404.064,2.236,38.014,93.612,12651.005,0.312,42.170
32540-202609301130,32540,PTRPVKMCH,6,2026093006,spline/hold/measured/nearest,Г101,hit,11720.884,11720.884,39.070,39.070,13644.093,13644.093,45.480,45.480
32540-202609301130,32540,PTRPVKMCH,6,2026093006,spline/hold/measured/bilinear,Б244,hit,670.921,11404.064,2.236,38.014,131.050,12200.227,0.437,40.667
32540-202609301130,32540,PTRPVKMCH,6,2026093006,spline/hold/measured/bilinear,Г101,hit,11720.884,11720.884,39.070,39.070,12443.919,12443.919,41.480,41.480
32540-202609301130,32540,PTRPVKMCH,6,2026093006,spline/zero/constant/nearest,Б244,hit,670.921,11404.064,2.236,38.014,414.193,12256.604,1.381,40.855
32540-202609301130,32540,PTRPVKMCH,6,2026093006,spline/zero/constant/nearest,Г101,hit,11720.884,11720.884,39.070,39.070,13107.646,13107.646,43.692,43.692
32540-202609301130,32540,PTRPVKMCH,6,2026093006,spline/zero/constant/bilinear,Б244,hit,670.921,11404.064,2.236,38.014,482.573,11743.428,1.609,39.145
32540-202609301130,32540,PTRPVKMCH,6,2026093006,spline/zero/constant/bilinear,Г101,hit,11720.884,11720.884,39.070,39.070,11954.463,11954.463,39.848,39.848
32540-202609301130,32540,PTRPVKMCH,6,2026093006,spline/zero/measured/nearest,Б244,hit,670.921,11404.064,2.236,38.014,414.193,12256.606,1.381,40.855
32540-202609301130,32540,PTRPVKMCH,6,2026093006,spline/zero/measured/nearest,Г101,hit,11720.884,11720.884,39.070,39.070,13107.647,13107.647,43.692,43.692
32540-202609301130,32540,PTRPVKMCH,6,2026093006,spline/zero/measured/bilinear,Б244,hit,670.921,11404.064,2.236,38.014,482.573,11743.432,1.609,39.145
32540-202609301130,32540,PTRPVKMCH,6,2026093006,spline/zero/measured/bilinear,Г101,hit,11720.884,11720.884,39.070,39.070,11954.467,11954.467,39.848,39.848
32540-202609301130,32540,PTRPVKMCH,6,2026093006,spline/power/constant/nearest,Б244,hit,670.921,11404.064,2.236,38.014,147.295,12498.912,0.491,41.663
32540-202609301130,32540,PTRPVKMCH,6,2026093006,spline/power/constant/nearest,Г101,hit,11720.884,11720.884,39.070,39.070,13433.556,13433.556,44.779,44.779
32540-202609301130,32540,PTRPVKMCH,6,2026093006,spline/power/constant/bilinear,Б244,hit,670.921,11404.064,2.236,38.014,198.323,12036.875,0.661,40.123
32540-202609301130,32540,PTRPVKMCH,6,2026093006,spline/power/constant/bilinear,Г101,hit,11720.884,11720.884,39.070,39.070,12262.453,12262.453,40.875,40.875
32540-202609301130,32540,PTRPVKMCH,6,2026093006,spline/power/measured/nearest,Б244,hit,670.921,11404.064,2.236,38.014,147.295,12498.914,0.491,41.663
32540-202609301130,32540,PTRPVKMCH,6,2026093006,spline/power/measured/nearest,Г101,hit,11720.884,11720.884,39.070,39.070,13433.557,13433.557,44.779,44.779
32540-202609301130,32540,PTRPVKMCH,6,2026093006,spline/power/measured/bilinear,Б244,hit,670.921,11404.064,2.236,38.014,198.323,12036.880,0.661,40.123
32540-202609301130,32540,PTRPVKMCH,6,2026093006,spline/power/measured/bilinear,Г101,hit,11720.884,11720.884,39.070,39.070,12262.457,12262.457,40.875,40.875
32540-202609301130,32540,PTRPVKMCH,6,2026093006,spline/observed/constant/nearest,Б244,hit,670.921,11404.064,2.236,38.014,401.414,12230.525,1.338,40.768
32540-202609301130,32540,PTRPVKMCH,6,2026093006,spline/observed/constant/nearest,Г101,hit,11720.884,11720.884,39.070,39.070,13096.045,13096.045,43.653,43.653
32540-202609301130,32540,PTRPVKMCH,6,2026093006,spline/observed/constant/bilinear,Б244,hit,670.921,11404.064,2.236,38.014,465.044,11721.384,1.550,39.071
32540-202609301130,32540,PTRPVKMCH,6,2026093006,spline/observed/constant/bilinear,Г101,hit,11720.884,11720.884,39.070,39.070,11940.818,11940.818,39.803,39.803
32540-202609301130,32540,PTRPVKMCH,6,2026093006,spline/observed/measured/nearest,Б244,hit,670.921,11404.064,2.236,38.014,401.414,12230.527,1.338,40.768
32540-202609301130,32540,PTRPVKMCH,6,2026093006,spline/observed/measured/nearest,Г101,hit,11720.884,11720.884,39.070,39.070,13096.046,13096.046,43.653,43.653
32540-202609301130,32540,PTRPVKMCH,6,2026093006,spline/observed/measured/bilinear,Б244,hit,670.921,11404.064,2.236,38.014,465.044,11721.389,1.550,39.071
32540-202609301130,32540,PTRPVKMCH,6,2026093006,spline/observed/measured/bilinear,Г101,hit,11720.884,11720.884,39.070,39.070,11940.824,11940.824,39.803,39.803
32540-202609301130,32540,PTRPVKMCH,6,2026093006,pchip/hold/constant/nearest,Б244,hit,670.921,11404.064,2.236,38.014,93.612,12658.653,0.312,42.196
32540-202609301130,32540,PTRPVKMCH,6,2026093006,pchip/hold/constant/nearest,Г101,hit,11720.884,11720.884,39.070,39.070,13651.677,13651.677,45.506,45.506
32540-202609301130,32540,PTRPVKMCH,6,2026093006,pchip/hold/constant/bilinear,Б244,hit,670.921,11404.064,2.236,38.014,131.050,12200.500,0.437,40.668
32540-202609301130,32540,PTRPVKMCH,6,2026093006,pchip/hold/constant/bilinear,Г101,hit,11720.884,11720.884,39.070,39.070,12433.290,12433.290,41.444,41.444
32540-202609301130,32540,PTRPVKMCH,6,2026093006,pchip/hold/measured/nearest,Б244,hit,670.921,11404.064,2.236,38.014,93.612,12658.653,0.312,42.196
32540-202609301130,32540,PTRPVKMCH,6,2026093006,pchip/hold/measured/nearest,Г101,hit,11720.884,11720.884,39.070,39.070,13651.677,13651.677,45.506,45.506
32540-202609301130,32540,PTRPVKMCH,6,2026093006,pchip/hold/measured/bilinear,Б244,hit,670.921,11404.064,2.236,38.014,131.050,12200.503,0.437,40.668
32540-202609301130,32540,PTRPVKMCH,6,2026093006,pchip/hold/measured/bilinear,Г101,hit,11720.884,11720.884,39.070,39.070,12433.294,12433.294,41.444,41.444
32540-202609301130,32540,PTRPVKMCH,6,2026093006,pchip/zero/constant/nearest,Б244,hit,670.921,11404.064,2.236,38.014,381.692,12300.425,1.272,41.001
32540-202609301130,32540,PTRPVKMCH,6,2026093006,pchip/zero/constant/nearest,Г101,hit,11720.884,11720.884,39.070,39.070,13159.780,13159.780,43.866,43.866
32540-202609301130,32540,PTRPVKMCH,6,2026093006,pchip/zero/constant/bilinear,Б244,hit,670.921,11404.064,2.236,38.014,448.182,11795.177,1.494,39.317
32540-202609301130,32540,PTRPVKMCH,6,2026093006,pchip/zero/constant/bilinear,Г101,hit,11720.884,11720.884,39.070,39.070,12001.418,12001.418,40.005,40.005
32540-202609301130,32540,PTRPVKMCH,6,2026093006,pchip/zero/measured/nearest,Б244,hit,670.921,11404.064,2.236,38.014,381.692,12300.426,1.272,41.001
32540-202609301130,32540,PTRPVKMCH,6,2026093006,pchip/zero/measured/nearest,Г101,hit,11720.884,11720.884,39.070,39.070,13159.779,13159.779,43.866,43.866
32540-202609301130,32540,PTRPVKMCH,6,2026093006,pchip/zero/measured/bilinear,Б244,hit,670.921,11404.064,2.236,38.014,448.182,11795.181,1.494,39.317
32540-202609301130,32540,PTRPVKMCH,6,2026093006,pchip/zero/measured/bilinear,Г101,hit,11720.884,11720.884,39.070,39.070,12001.421,12001.421,40.005,40.005
32540-202609301130,32540,PTRPVKMCH,6,2026093006,pchip/power/constant/nearest,Б244,hit,670.921,11404.064,2.236,38.014,147.295,12505.109,0.491,41.684
32540-202609301130,32540,PTRPVKMCH,6,2026093006,pchip/power/constant/nearest,Г101,hit,11720.884,11720.884,39.070,39.070,13441.507,13441.507,44.805,44.805
32540-202609301130,32540,PTRPVKMCH,6,2026093006,pchip/power/constant/bilinear,Б244,hit,670.921,11404.064,2.236,38.014,198.323,12038.170,0.661,40.127
32540-202609301130,32540,PTRPVKMCH,6,2026093006,pchip/power/constant/bilinear,Г101,hit,11720.884,11720.884,39.070,39.070,12250.221,12250.221,40.834,40.834
32540-202609301130,32540,PTRPVKMCH,6,2026093006,pchip/power/measured/nearest,Б244,hit,670.921,11404.064,2.236,38.014,147.295,12505.109,0.491,41.684
32540-202609301130,32540,PTRPVKMCH,6,2026093006,pchip/power/measured/nearest,Г101,hit,11720.884,11720.884,39.070,39.070,13441.507,13441.507,44.805,44.805
32540-202609301130,32540,PTRPVKMCH,6,2026093006,pchip/power/measured/bilinear,Б244,hit,670.921,11404.064,2.236,38.014,198.323,12038.173,0.661,40.127
32540-202609301130,32540,PTRPVKMCH,6,2026093006,pchip/power/measured/bilinear,Г101,hit,11720.884,11720.884,39.070,39.070,12250.225,12250.225,40.834,40.834
32540-202609301130,32540,PTRPVKMCH,6,2026093006,pchip/observed/constant/nearest,Б244,hit,670.921,11404.064,2.236,38.014,370.196,12277.104,1.234,40.924
32540-202609301130,32540,PTRPVKMCH,6,2026093006,pchip/observed/constant/nearest,Г101,hit,11720.884,11720.884,39.070,39.070,13149.174,13149.174,43.831,43.831
32540-202609301130,32540,PTRPVKMCH,6,2026093006,pchip/observed/constant/bilinear,Б244,hit,670.921,11404.064,2.236,38.014,432.286,11775.662,1.441,39.252
32540-202609301130,32540,PTRPVKMCH,6,2026093006,pchip/observed/constant/bilinear,Г101,hit,11720.884,11720.884,39.070,39.070,11984.060,11984.060,39.947,39.947
32540-202609301130,32540,PTRPVKMCH,6,2026093006,pchip/observed/measured/nearest,Б244,hit,670.921,11404.064,2.236,38.014,370.196,12277.104,1.234,40.924
32540-202609301130,32540,PTRPVKMCH,6,2026093006,pchip/observed/measured/nearest,Г101,hit,11720.884,11720.884,39.070,39.070,13149.174,13149.174,43.831,43.831
32540-202609301130,32540,PTRPVKMCH,6,2026093006,pchip/observed/measured/bilinear,Б244,hit,670.921,11404.064,2.236,38.014,432.286,11775.665,1.441,39.252
32540-202609301130,32540,PTRPVKMCH,6,2026093006,pchip/observed/measured/bilinear,Г101,hit,11720.884,11720.884,39.070,39.070,11984.063,11984.063,39.947,39.947
32540-202609301130,32540,PTRPVKMCH,6,2026093006,poly3/hold/constant/nearest,Б244,hit,670.921,11404.064,2.236,38.014,93.612,12655.629,0.312,42.185
32540-202609301130,32540,PTRPVKMCH,6,2026093006,poly3/hold/constant/nearest,Г101,hit,11720.884,11720.884,39.070,39.070,13628.970,13628.970,45.430,45.430
32540-202609301130,32540,PTRPVKMCH,6,2026093006,poly3/hold/constant/bilinear,Б244,hit,670.921,11404.064,2.236,38.014,131.050,12202.547,0.437,40.675
32540-202609301130,32540,PTRPVKMCH,6,2026093006,poly3/hold/constant/bilinear,Г101,hit,11720.884,11720.884,39.070,39.070,12433.094,12433.094,41.444,41.444
32540-202609301130,32540,PTRPVKMCH,6,2026093006,poly3/hold/measured/nearest,Б244,hit,670.921,11404.064,2.236,38.014,93.612,12655.641,0.312,42.185
32540-202609301130,32540,PTRPVKMCH,6,2026093006,poly3/hold/measured/nearest,Г101,hit,11720.884,11720.884,39.070,39.070,13628.993,13628.993,45.430,45.430
32540-202609301130,32540,PTRPVKMCH,6,2026093006,poly3/hold/measured/bilinear,Б244,hit,670.921,11404.064,2.236,38.014,131.050,12202.570,0.437,40.675
32540-202609301130,32540,PTRPVKMCH,6,2026093006,poly3/hold/measured/bilinear,Г101,hit,11720.884,11720.884,39.070,39.070,12433.123,12433.123,41.444,41.444
32540-202609301130,32540,PTRPVKMCH,6,2026093006,poly3/zero/constant/nearest,Б244,hit,670.921,11404.064,2.236,38.014,301.616,12439.074,1.005,41.464
32540-202609301130,32540,PTRPVKMCH,6,2026093006,poly3/zero/constant/nearest,Г101,hit,11720.884,11720.884,39.070,39.070,13374.491,13374.491,44.582,44.582
32540-202609301130,32540,PTRPVKMCH,6,2026093006,poly3/zero/constant/bilinear,Б244,hit,670.921,11404.064,2.236,38.014,348.371,11932.025,1.161,39.773
32540-202609301130,32540,PTRPVKMCH,6,2026093006,poly3/zero/constant/bilinear,Г101,hit,11720.884,11720.884,39.070,39.070,12193.001,12193.001,40.643,40.643
32540-202609301130,32540,PTRPVKMCH,6,2026093006,poly3/zero/measured/nearest,Б244,hit,670.921,11404.064,2.236,38.014,301.616,12439.086,1.005,41.464
32540-202609301130,32540,PTRPVKMCH,6,2026093006,poly3/zero/measured/nearest,Г101,hit,11720.884,11720.884,39.070,39.070,13374.514,13374.514,44.582,44.582
32540-202609301130,32540,PTRPVKMCH,6,2026093006,poly3/zero/measured/bilinear,Б244,hit,670.921,11404.064,2.236,38.014,348.371,11932.050,1.161,39.774
32540-202609301130,32540,PTRPVKMCH,6,2026093006,poly3/zero/measured/bilinear,Г101,hit,11720.884,11720.884,39.070,39.070,12193.034,12193.034,40.643,40.643
32540-202609301130,32540,PTRPVKMCH,6,2026093006,poly3/power/constant/nearest,Б244,hit,670.921,11404.064,2.236,38.014,147.295,12503.192,0.491,41.677
32540-202609301130,32540,PTRPVKMCH,6,2026093006,poly3/power/constant/nearest,Г101,hit,11720.884,11720.884,39.070,39.070,13418.749,13418.749,44.729,44.729
32540-202609301130,32540,PTRPVKMCH,6,2026093006,poly3/power/constant/bilinear,Б244,hit,670.921,11404.064,2.236,38.014,198.323,12039.248,0.661,40.131
32540-202609301130,32540,PTRPVKMCH,6,2026093006,poly3/power/constant/bilinear,Г101,hit,11720.884,11720.884,39.070,39.070,12250.752,12250.752,40.836,40.836
32540-202609301130,32540,PTRPVKMCH,6,2026093006,poly3/power/measured/nearest,Б244,hit,670.921,11404.064,2.236,38.014,147.295,12503.204,0.491,41.677
32540-202609301130,32540,PTRPVKMCH,6,2026093006,poly3/power/measured/nearest,Г101,hit,11720.884,11720.884,39.070,39.070,13418.772,13418.772,44.729,44.729
32540-202609301130,32540,PTRPVKMCH,6,2026093006,poly3/power/measured/bilinear,Б244,hit,670.921,11404.064,2.236,38.014,198.323,12039.272,0.661,40.131
32540-202609301130,32540,PTRPVKMCH,6,2026093006,poly3/power/measured/bilinear,Г101,hit,11720.884,11720.884,39.070,39.070,12250.783,12250.783,40.836,40.836
32540-202609301130,32540,PTRPVKMCH,6,2026093006,poly3/observed/constant/nearest,Б244,hit,670.921,11404.064,2.236,38.014,294.050,12418.256,0.980,41.394
32540-202609301130,32540,PTRPVKMCH,6,2026093006,poly3/observed/constant/nearest,Г101,hit,11720.884,11720.884,39.070,39.070,13365.076,13365.076,44.550,44.550
32540-202609301130,32540,PTRPVKMCH,6,2026093006,poly3/observed/constant/bilinear,Б244,hit,670.921,11404.064,2.236,38.014,338.374,11915.319,1.128,39.718
32540-202609301130,32540,PTRPVKMCH,6,2026093006,poly3/observed/constant/bilinear,Г101,hit,11720.884,11720.884,39.070,39.070,12185.163,12185.163,40.617,40.617
32540-202609301130,32540,PTRPVKMCH,6,2026093006,poly3/observed/measured/nearest,Б244,hit,670.921,11404.064,2.236,38.014,294.050,12418.268,0.980,41.394
32540-202609301130,32540,PTRPVKMCH,6,2026093006,poly3/observed/measured/nearest,Г101,hit,11720.884,11720.884,39.070,39.070,13365.099,13365.099,44.550,44.550
32540-202609301130,32540,PTRPVKMCH,6,2026093006,poly3/observed/measured/bilinear,Б244,hit,670.921,11404.064,2.236,38.014,338.374,11915.344,1.128,39.718
32540-202609301130,32540,PTRPVKMCH,6,2026093006,poly3/observed/measured/bilinear,Г101,hit,11720.884,11720.884,39.070,39.070,12185.196,12185.196,40.617,40.617
24122-202609302330,24122,OLENEK,6,2026093018,step/hold/constant/nearest,B927,hit,5156.075,5156.075,17.187,17.187,3083.016,3083.016,10.277,10.277
24122-202609302330,24122,OLENEK,6,2026093018,step/hold/constant/nearest,G231,false,,,,,5839.112,7155.833,19.464,23.853
24122-202609302330,24122,OLENEK,6,2026093018,step/hold/constant/nearest,W190,hit,7852.954,7852.954,26.177,26.177,8104.376,10356.309,27.015,34.521
24122-202609302330,24122,OLENEK,6,2026093018,step/hold/constant/bilinear,B927,hit,5156.075,5156.075,17.187,17.187,2939.110,2939.110,9.797,9.797
24122-202609302330,24122,OLENEK,6,2026093018,step/hold/constant/bilinear,G231,false,,,,,5953.057,7399.463,19.844,24.665
24122-202609302330,24122,OLENEK,6,2026093018,step/hold/constant/bilinear,W190,hit,7852.954,7852.954,26.177,26.177,8414.843,8414.843,28.049,28.049
24122-202609302330,24122,OLENEK,6,2026093018,step/hold/measured/nearest,B927,hit,5156.075,5156.075,17.187,17.187,3083.016,3083.016,10.277,10.277
24122-202609302330,24122,OLENEK,6,2026093018,step/hold/measured/nearest,G231,false,,,,,5837.571,7154.453,19.459,23.848
24122-202609302330,24122,OLENEK,6,2026093018,step/hold/measured/nearest,W190,hit,7852.954,7852.954,26.177,26.177,8103.238,10363.840,27.011,34.546
24122-202609302330,24122,OLENEK,6,2026093018,step/hold/measured/bilinear,B927,hit,5156.075,5156.075,17.187,17.187,2939.110,2939.110,9.797,9.797
24122-202609302330,24122,OLENEK,6,2026093018,step/hold/measured/bilinear,G231,false,,,,,5951.389,7397.347,19.838,24.658
24122-202609302330,24122,OLENEK,6,2026093018,step/hold/measured/bilinear,W190,hit,7852.954,7852.954,26.177,26.177,8268.162,8413.098,27.561,28.044
24122-202609302330,24122,OLENEK,6,2026093018,step/zero/constant/nearest,B927,hit,5156.075,5156.075,17.187,17.187,3794.480,3794.480,12.648,12.648
24122-202609302330,24122,OLENEK,6,2026093018,step/zero/constant/nearest,W190,hit,7852.954,7852.954,26.177,26.177,11366.382,11366.382,37.888,37.888
24122-202609302330,24122,OLENEK,6,2026093018,step/zero/constant/bilinear,B927,hit,5156.075,5156.075,17.187,17.187,3582.892,3582.892,11.943,11.943
24122-202609302330,24122,OLENEK,6,2026093018,step/zero/constant/bilinear,G231,false,,,,,7612.731,7612.731,25.376,25.376
24122-202609302330,24122,OLENEK,6,2026093018,step/zero/constant/bilinear,W190,hit,7852.954,7852.954,26.177,26.177,8611.020,9892.964,28.703,32.977
24122-202609302330,24122,OLENEK,6,2026093018,step/zero/measured/nearest,B927,hit,5156.075,5156.075,17.187,17.187,3801.211,3801.211,12.671,12.671
24122-202609302330,24122,OLENEK,6,2026093018,step/zero/measured/nearest,W190,hit,7852.954,7852.954,26.177,26.177,11370.225,11370.225,37.901,37.901
24122-202609302330,24122,OLENEK,6,2026093018,step/zero/measured/bilinear,B927,hit,5156.075,5156.075,17.187,17.187,3582.891,3582.891,11.943,11.943
24122-202609302330,24122,OLENEK,6,2026093018,step/zero/measured/bilinear,G231,false,,,,,7610.677,7610.677,25.369,25.369
24122-202609302330,24122,OLENEK,6,2026093018,step/zero/measured/bilinear,W190,hit,7852.954,7852.954,26.177,26.177,8609.243,9900.949,28.697,33.003
24122-202609302330,24122,OLENEK,6,2026093018,step/power/constant/nearest,B927,hit,5156.075,5156.075,17.187,17.187,3244.604,3244.604,10.815,10.815
24122-202609302330,24122,OLENEK,6,2026093018,step/power/constant/nearest,G231,false,,,,,7207.702,7207.702,24.026,24.026
24122-202609302330,24122,OLENEK,6,2026093018,step/power/constant/nearest,W190,hit,7852.954,7852.954,26.177,26.177,10656.688,10656.688,35.522,35.522
24122-202609302330,24122,OLENEK,6,2026093018,step/power/constant/bilinear,B927,hit,5156.075,5156.075,17.187,17.187,3098.938,3098.938,10.330,10.330
24122-202609302330,24122,OLENEK,6,2026093018,step/power/constant/bilinear,G231,false,,,,,6032.713,7452.589,20.109,24.842
24122-202609302330,24122,OLENEK,6,2026093018,step/power/constant/bilinear,W190,hit,7852.954,7852.954,26.177,26.177,8463.005,8667.175,28.210,28.891
24122-202609302330,24122,OLENEK,6,2026093018,step/power/measured/nearest,B927,hit,5156.075,5156.075,17.187,17.187,3244.604,3244.604,10.815,10.815
24122-202609302330,24122,OLENEK,6,2026093018,step/power/measured/nearest,G231,false,,,,,7206.322,7206.322,24.021,24.021
24122-202609302330,24122,OLENEK,6,2026093018,step/power/measured/nearest,W190,hit,7852.954,7852.954,26.177,26.177,10660.905,10660.905,35.536,35.536
24122-202609302330,24122,OLENEK,6,2026093018,step/power/measured/bilinear,B927,hit,5156.075,5156.075,17.187,17.187,3098.938,3098.938,10.330,10.330
24122-202609302330,24122,OLENEK,6,2026093018,step/power/measured/bilinear,G231,false,,,,,6031.057,7450.487,20.104,24.835
24122-202609302330,24122,OLENEK,6,2026093018,step/power/measured/bilinear,W190,hit,7852.954,7852.954,26.177,26.177,8461.273,8677.678,28.204,28.926
24122-202609302330,24122,OLENEK,6,2026093018,step/observed/constant/nearest,B927,hit,5156.075,5156.075,17.187,17.187,3772.900,3772.900,12.576,12.576
24122-202609302330,24122,OLENEK,6,2026093018,step/observed/constant/nearest,W190,hit,7852.954,7852.954,26.177,26.177,11292.061,11292.061,37.640,37.640
24122-202609302330,24122,OLENEK,6,2026093018,step/observed/constant/bilinear,B927,hit,5156.075,5156.075,17.187,17.187,3565.027,3565.027,11.883,11.883
24122-202609302330,24122,OLENEK,6,2026093018,step/observed/constant/bilinear,G231,false,,,,,7442.328,7442.328,24.808,24.808
24122-202609302330,24122,OLENEK,6,2026093018,step/observed/constant/bilinear,W190,hit,7852.954,7852.954,26.177,26.177,8460.833,9663.980,28.203,32.213
24122-202609302330,24122,OLENEK,6,2026093018,step/observed/measured/nearest,B927,hit,5156.075,5156.075,17.187,17.187,3779.640,3779.640,12.599,12.599
24122-202609302330,24122,OLENEK,6,2026093018,step/observed/measured/nearest,W190,hit,7852.954,7852.954,26.177,26.177,11295.907,11295.907,37.653,37.653
24122-202609302330,24122,OLENEK,6,2026093018,step/observed/measured/bilinear,B927,hit,5156.075,5156.075,17.187,17.187,3565.025,3565.025,11.883,11.883
24122-202609302330,24122,OLENEK,6,2026093018,step/observed/measured/bilinear,G231,false,,,,,7440.255,7440.255,24.801,24.801
24122-202609302330,24122,OLENEK,6,2026093018,step/observed/measured/bilinear,W190,hit,7852.954,7852.954,26.177,26.177,8459.124,9672.352,28.197,32.241
24122-202609302330,24122,OLENEK,6,2026093018,linear/hold/constant/nearest,B927,hit,5156.075,5156.075,17.187,17.187,3084.012,3084.012,10.280,10.280
24122-202609302330,24122,OLENEK,6,2026093018,linear/hold/constant/nearest,G231,false,,,,,5816.885,7155.618,19.390,23.852
24122-202609302330,24122,OLENEK,6,2026093018,linear/hold/constant/nearest,W190,hit,7852.954,7852.954,26.177,26.177,8104.363,10342.703,27.015,34.476
24122-202609302330,24122,OLENEK,6,2026093018,linear/hold/constant/bilinear,B927,hit,5156.075,5156.075,17.187,17.187,2939.603,2939.603,9.799,9.799
24122-202609302330,24122,OLENEK,6,2026093018,linear/hold/constant/bilinear,G231,false,,,,,5940.806,7395.736,19.803,24.652
24122-202609302330,24122,OLENEK,6,2026093018,linear/hold/constant/bilinear,W190,hit,7852.954,7852.954,26.177,26.177,8417.170,8417.170,28.057,28.057
24122-202609302330,24122,OLENEK,6,2026093018,linear/hold/measured/nearest,B927,hit,5156.075,5156.075,17.187,17.187,3084.003,3084.003,10.280,10.280
24122-202609302330,24122,OLENEK,6,2026093018,linear/hold/measured/nearest,G231,false,,,,,5816.899,7155.627,19.390,23.852
24122-202609302330,24122,OLENEK,6,2026093018,linear/hold/measured/nearest,W190,hit,7852.954,7852.954,26.177,26.177,8104.371,10342.725,27.015,34.476
24122-202609302330,24122,OLENEK,6,2026093018,linear/hold/measured/bilinear,B927,hit,5156.075,5156.075,17.187,17.187,2939.603,2939.603,9.799,9.799
24122-202609302330,24122,OLENEK,6,2026093018,linear/hold/measured/bilinear,G231,false,,,,,5940.815,7395.737,19.803,24.652
24122-202609302330,24122,OLENEK,6,2026093018,linear/hold/measured/bilinear,W190,hit,7852.954,7852.954,26.177,26.177,8417.171,8417.171,28.057,28.057
24122-202609302330,24122,OLENEK,6,2026093018,linear/zero/constant/nearest,B927,hit,5156.075,5156.075,17.187,17.187,3821.985,3821.985,12.740,12.740
24122-202609302330,24122,OLENEK,6,2026093018,linear/zero/constant/nearest,W190,hit,7852.954,7852.954,26.177,26.177,11356.315,11356.315,37.854,37.854
24122-202609302330,24122,OLENEK,6,2026093018,linear/zero/constant/bilinear,B927,hit,5156.075,5156.075,17.187,17.187,3655.244,3655.244,12.184,12.184
24122-202609302330,24122,OLENEK,6,2026093018,linear/zero/constant/bilinear,G231,false,,,,,7598.161,7598.161,25.327,25.327
24122-202609302330,24122,OLENEK,6,2026093018,linear/zero/constant/bilinear,W190,hit,7852.954,7852.954,26.177,26.177,8614.945,9871.659,28.716,32.906
24122-202609302330,24122,OLENEK,6,2026093018,linear/zero/measured/nearest,B927,hit,5156.075,5156.075,17.187,17.187,3821.931,3821.931,12.740,12.740
24122-202609302330,24122,OLENEK,6,2026093018,linear/zero/measured/nearest,W190,hit,7852.954,7852.954,26.177,26.177,11356.328,11356.328,37.854,37.854
24122-202609302330,24122,OLENEK,6,2026093018,linear/zero/measured/bilinear,B927,hit,5156.075,5156.075,17.187,17.187,3655.320,3655.320,12.184,12.184
24122-202609302330,24122,OLENEK,6,2026093018,linear/zero/measured/bilinear,G231,false,,,,,7598.162,7598.162,25.327,25.327
24122-202609302330,24122,OLENEK,6,2026093018,linear/zero/measured/bilinear,W190,hit,7852.954,7852.954,26.177,26.177,8614.947,9871.751,28.716,32.906
24122-202609302330,24122,OLENEK,6,2026093018,linear/power/constant/nearest,B927,hit,5156.075,5156.075,17.187,17.187,3253.022,3253.022,10.843,10.843
24122-202609302330,24122,OLENEK,6,2026093018,linear/power/constant/nearest,G231,false,,,,,7207.645,7207.645,24.025,24.025
24122-202609302330,24122,OLENEK,6,2026093018,linear/power/constant/nearest,W190,hit,7852.954,7852.954,26.177,26.177,10647.886,10647.886,35.493,35.493
24122-202609302330,24122,OLENEK,6,2026093018,linear/power/constant/bilinear,B927,hit,5156.075,5156.075,17.187,17.187,3100.738,3100.738,10.336,10.336
24122-202609302330,24122,OLENEK,6,2026093018,linear/power/constant/bilinear,G231,false,,,,,6025.475,7446.816,20.085,24.823
24122-202609302330,24122,OLENEK,6,2026093018,linear/power/constant/bilinear,W190,hit,7852.954,7852.954,26.177,26.177,8466.226,8677.499,28.221,28.925
24122-202609302330,24122,OLENEK,6,2026093018,linear/power/measured/nearest,B927,hit,5156.075,5156.075,17.187,17.187,3253.053,3253.053,10.844,10.844
24122-202609302330,24122,OLENEK,6,2026093018,linear/power/measured/nearest,G231,false,,,,,7207.654,7207.654,24.026,24.026
24122-202609302330,24122,OLENEK,6,2026093018,linear/power/measured/nearest,W190,hit,7852.954,7852.954,26.177,26.177,10647.902,10647.902,35.493,35.493
24122-202609302330,24122,OLENEK,6,2026093018,linear/power/measured/bilinear,B927,hit,5156.075,5156.075,17.187,17.187,3100.757,3100.757,10.336,10.336
24122-202609302330,24122,OLENEK,6,2026093018,linear/power/measured/bilinear,G231,false,,,,,6025.484,7446.817,20.085,24.823
24122-202609302330,24122,OLENEK,6,2026093018,linear/power/measured/bilinear,W190,hit,7852.954,7852.954,26.177,26.177,8466.227,8677.626,28.221,28.925
24122-202609302330,24122,OLENEK,6,2026093018,linear/observed/constant/nearest,B927,hit,5156.075,5156.075,17.187,17.187,3803.155,3803.155,12.677,12.677
24122-202609302330,24122,OLENEK,6,2026093018,linear/observed/constant/nearest,W190,hit,7852.954,7852.954,26.177,26.177,11278.987,11278.987,37.597,37.597
24122-202609302330,24122,OLENEK,6,2026093018,linear/observed/constant/bilinear,B927,hit,5156.075,5156.075,17.187,17.187,3633.454,3633.454,12.112,12.112
24122-202609302330,24122,OLENEK,6,2026093018,linear/observed/constant/bilinear,G231,false,,,,,7436.797,7436.797,24.789,24.789
24122-202609302330,24122,OLENEK,6,2026093018,linear/observed/constant/bilinear,W190,hit,7852.954,7852.954,26.177,26.177,8463.925,9663.841,28.213,32.213
24122-202609302330,24122,OLENEK,6,2026093018,linear/observed/measured/nearest,B927,hit,5156.075,5156.075,17.187,17.187,3803.230,3803.230,12.677,12.677
24122-202609302330,24122,OLENEK,6,2026093018,linear/observed/measured/nearest,W190,hit,7852.954,7852.954,26.177,26.177,11279.000,11279.000,37.597,37.597
24122-202609302330,24122,OLENEK,6,2026093018,linear/observed/measured/bilinear,B927,hit,5156.075,5156.075,17.187,17.187,3633.339,3633.339,12.111,12.111
24122-202609302330,24122,OLENEK,6,2026093018,linear/observed/measured/bilinear,G231,false,,,,,7436.799,7436.799,24.789,24.789
24122-202609302330,24122,OLENEK,6,2026093018,linear/observed/measured/bilinear,W190,hit,7852.954,7852.954,26.177,26.177,8463.927,9663.944,28.213,32.213
24122-202609302330,24122,OLENEK,6,2026093018,spline/hold/constant/nearest,B927,hit,5156.075,5156.075,17.187,17.187,3043.159,3043.159,10.144,10.144
24122-202609302330,24122,OLENEK,6,2026093018,spline/hold/constant/nearest,G231,false,,,,,5843.749,7180.319,19.479,23.934
24122-202609302330,24122,OLENEK,6,2026093018,spline/hold/constant/nearest,W190,hit,7852.954,7852.954,26.177,26.177,8116.146,10379.023,27.054,34.597
24122-202609302330,24122,OLENEK,6,2026093018,spline/hold/constant/bilinear,B927,hit,5156.075,5156.075,17.187,17.187,2900.966,2900.966,9.670,9.670
24122-202609302330,24122,OLENEK,6,2026093018,spline/hold/constant/bilinear,G231,false,,,,,5964.097,7417.357,19.880,24.725
24122-202609302330,24122,OLENEK,6,2026093018,spline/hold/constant/bilinear,W190,hit,7852.954,7852.954,26.177,26.177,8425.861,8425.861,28.086,28.086
24122-202609302330,24122,OLENEK,6,2026093018,spline/hold/measured/nearest,B927,hit,5156.075,5156.075,17.187,17.187,3043.150,3043.150,10.144,10.144
24122-202609302330,24122,OLENEK,6,2026093018,spline/hold/measured/nearest,G231,false,,,,,5843.750,7180.320,19.479,23.934
24122-202609302330,24122,OLENEK,6,2026093018,spline/hold/measured/nearest,W190,hit,7852.954,7852.954,26.177,26.177,8116.146,10379.020,27.054,34.597
24122-202609302330,24122,OLENEK,6,2026093018,spline/hold/measured/bilinear,B927,hit,5156.075,5156.075,17.187,17.187,2900.966,2900.966,9.670,9.670
24122-202609302330,24122,OLENEK,6,2026093018,spline/hold/measured/bilinear,G231,false,,,,,5964.098,7417.359,19.880,24.725
24122-202609302330,24122,OLENEK,6,2026093018,spline/hold/measured/bilinear,W190,hit,7852.954,7852.954,26.177,26.177,8425.862,8425.862,28.086,28.086
24122-202609302330,24122,OLENEK,6,2026093018,spline/zero/constant/nearest,B927,hit,5156.075,5156.075,17.187,17.187,3746.186,3746.186,12.487,12.487
24122-202609302330,24122,OLENEK,6,2026093018,spline/zero/constant/nearest,W190,hit,7852.954,7852.954,26.177,26.177,11282.925,11282.925,37.610,37.610
24122-202609302330,24122,OLENEK,6,2026093018,spline/zero/constant/bilinear,B927,hit,5156.075,5156.075,17.187,17.187,3576.710,3576.710,11.922,11.922
24122-202609302330,24122,OLENEK,6,2026093018,spline/zero/constant/bilinear,G231,false,,,,,7532.435,7532.435,25.108,25.108
24122-202609302330,24122,OLENEK,6,2026093018,spline/zero/constant/bilinear,W190,hit,7852.954,7852.954,26.177,26.177,8539.625,9748.309,28.465,32.494
24122-202609302330,24122,OLENEK,6,2026093018,spline/zero/measured/nearest,B927,hit,5156.075,5156.075,17.187,17.187,3746.238,3746.238,12.487,12.487
24122-202609302330,24122,OLENEK,6,2026093018,spline/zero/measured/nearest,W190,hit,7852.954,7852.954,26.177,26.177,11282.923,11282.923,37.610,37.610
24122-202609302330,24122,OLENEK,6,2026093018,spline/zero/measured/bilinear,B927,hit,5156.075,5156.075,17.187,17.187,3576.642,3576.642,11.922,11.922
24122-202609302330,24122,OLENEK,6,2026093018,spline/zero/measured/bilinear,G231,false,,,,,7532.436,7532.436,25.108,25.108
24122-202609302330,24122,OLENEK,6,2026093018,spline/zero/measured/bilinear,W190,hit,7852.954,7852.954,26.177,26.177,8539.626,9748.312,28.465,32.494
24122-202609302330,24122,OLENEK,6,2026093018,spline/power/constant/nearest,B927,hit,5156.075,5156.075,17.187,17.187,3211.251,3211.251,10.704,10.704
24122-202609302330,24122,OLENEK,6,2026093018,spline/power/constant/nearest,G231,false,,,,,7232.125,7232.125,24.107,24.107
24122-202609302330,24122,OLENEK,6,2026093018,spline/power/constant/nearest,W190,hit,7852.954,7852.954,26.177,26.177,10669.078,10669.078,35.564,35.564
24122-202609302330,24122,OLENEK,6,2026093018,spline/power/constant/bilinear,B927,hit,5156.075,5156.075,17.187,17.187,3059.854,3059.854,10.200,10.200
24122-202609302330,24122,OLENEK,6,2026093018,spline/power/constant/bilinear,G231,false,,,,,6048.092,7467.978,20.160,24.893
24122-202609302330,24122,OLENEK,6,2026093018,spline/power/constant/bilinear,W190,hit,7852.954,7852.954,26.177,26.177,8473.949,8676.427,28.246,28.921
24122-202609302330,24122,OLENEK,6,2026093018,spline/power/measured/nearest,B927,hit,5156.075,5156.075,17.187,17.187,3211.266,3211.266,10.704,10.704
24122-202609302330,24122,OLENEK,6,2026093018,spline/power/measured/nearest,G231,false,,,,,7232.126,7232.126,24.107,24.107
24122-202609302330,24122,OLENEK,6,2026093018,spline/power/measured/nearest,W190,hit,7852.954,7852.954,26.177,26.177,10669.076,10669.076,35.564,35.564
24122-202609302330,24122,OLENEK,6,2026093018,spline/power/measured/bilinear,B927,hit,5156.075,5156.075,17.187,17.187,3059.858,3059.858,10.200,10.200
24122-202609302330,24122,OLENEK,6,2026093018,spline/power/measured/bilinear,G231,false,,,,,6048.093,7467.980,20.160,24.893
24122-202609302330,24122,OLENEK,6,2026093018,spline/power/measured/bilinear,W190,hit,7852.954,7852.954,26.177,26.177,8473.950,8676.431,28.247,28.921
24122-202609302330,24122,OLENEK,6,2026093018,spline/observed/constant/nearest,B927,hit,5156.075,5156.075,17.187,17.187,3731.232,3731.232,12.437,12.437
24122-202609302330,24122,OLENEK,6,2026093018,spline/observed/constant/nearest,W190,hit,7852.954,7852.954,26.177,26.177,11225.482,11225.482,37.418,37.418
24122-202609302330,24122,OLENEK,6,2026093018,spline/observed/constant/bilinear,B927,hit,5156.075,5156.075,17.187,17.187,3558.690,3558.690,11.862,11.862
24122-202609302330,24122,OLENEK,6,2026093018,spline/observed/constant/bilinear,G231,false,,,,,7401.630,7401.630,24.672,24.672
24122-202609302330,24122,OLENEK,6,2026093018,spline/observed/constant/bilinear,W190,hit,7852.954,7852.954,26.177,26.177,8420.280,9568.618,28.068,31.895
24122-202609302330,24122,OLENEK,6,2026093018,spline/observed/measured/nearest,B927,hit,5156.075,5156.075,17.187,17.187,3731.140,3731.140,12.437,12.437
24122-202609302330,24122,OLENEK,6,2026093018,spline/observed/measured/nearest,W190,hit,7852.954,7852.954,26.177,26.177,11225.480,11225.480,37.418,37.418
24122-202609302330,24122,OLENEK,6,2026093018,spline/observed/measured/bilinear,B927,hit,5156.075,5156.075,17.187,17.187,3558.746,3558.746,11.862,11.862
24122-202609302330,24122,OLENEK,6,2026093018,spline/observed/measured/bilinear,G231,false,,,,,7401.631,7401.631,24.672,24.672
24122-202609302330,24122,OLENEK,6,2026093018,spline/observed/measured/bilinear,W190,hit,7852.954,7852.954,26.177,26.177,8420.281,9568.622,28.068,31.895
24122-202609302330,24122,OLENEK,6,2026093018,pchip/hold/constant/nearest,B927,hit,5156.075,5156.075,17.187,17.187,3039.471,3039.471,10.132,10.132
24122-202609302330,24122,OLENEK,6,2026093018,pchip/hold/constant/nearest,G231,false,,,,,5847.396,7183.196,19.491,23.944
24122-202609302330,24122,OLENEK,6,2026093018,pchip/hold/constant/nearest,W190,hit,7852.954,7852.954,26.177,26.177,8120.319,10325.663,27.068,34.419
24122-202609302330,24122,OLENEK,6,2026093018,pchip/hold/constant/bilinear,B927,hit,5156.075,5156.075,17.187,17.187,2894.931,2894.931,9.650,9.650
24122-202609302330,24122,OLENEK,6,2026093018,pchip/hold/constant/bilinear,G231,false,,,,,5972.446,7426.733,19.908,24.756
24122-202609302330,24122,OLENEK,6,2026093018,pchip/hold/constant/bilinear,W190,hit,7852.954,7852.954,26.177,26.177,8434.842,8434.842,28.116,28.116
24122-202609302330,24122,OLENEK,6,2026093018,pchip/hold/measured/nearest,B927,hit,5156.075,5156.075,17.187,17.187,3039.466,3039.466,10.132,10.132
24122-202609302330,24122,OLENEK,6,2026093018,pchip/hold/measured/nearest,G231,false,,,,,5847.396,7183.197,19.491,23.944
24122-202609302330,24122,OLENEK,6,2026093018,pchip/hold/measured/nearest,W190,hit,7852.954,7852.954,26.177,26.177,8120.319,10325.662,27.068,34.419
24122-202609302330,24122,OLENEK,6,2026093018,pchip/hold/measured/bilinear,B927,hit,5156.075,5156.075,17.187,17.187,2894.931,2894.931,9.650,9.650
24122-202609302330,24122,OLENEK,6,2026093018,pchip/hold/measured/bilinear,G231,false,,,,,5972.447,7426.734,19.908,24.756
24122-202609302330,24122,OLENEK,6,2026093018,pchip/hold/measured/bilinear,W190,hit,7852.954,7852.954,26.177,26.177,8434.843,8434.843,28.116,28.116
24122-202609302330,24122,OLENEK,6,2026093018,pchip/zero/constant/nearest,B927,hit,5156.075,5156.075,17.187,17.187,3692.821,3692.821,12.309,12.309
24122-202609302330,24122,OLENEK,6,2026093018,pchip/zero/constant/nearest,W190,hit,7852.954,7852.954,26.177,26.177,11218.108,11218.108,37.394,37.394
24122-202609302330,24122,OLENEK,6,2026093018,pchip/zero/constant/bilinear,B927,hit,5156.075,5156.075,17.187,17.187,3525.067,3525.067,11.750,11.750
24122-202609302330,24122,OLENEK,6,2026093018,pchip/zero/constant/bilinear,G231,false,,,,,7521.496,7521.496,25.072,25.072
24122-202609302330,24122,OLENEK,6,2026093018,pchip/zero/constant/bilinear,W190,hit,7852.954,7852.954,26.177,26.177,8529.817,9631.929,28.433,32.106
24122-202609302330,24122,OLENEK,6,2026093018,pchip/zero/measured/nearest,B927,hit,5156.075,5156.075,17.187,17.187,3692.835,3692.835,12.309,12.309
24122-202609302330,24122,OLENEK,6,2026093018,pchip/zero/measured/nearest,W190,hit,7852.954,7852.954,26.177,26.177,11218.108,11218.108,37.394,37.394
24122-202609302330,24122,OLENEK,6,2026093018,pchip/zero/measured/bilinear,B927,hit,5156.075,5156.075,17.187,17.187,3525.015,3525.015,11.750,11.750
24122-202609302330,24122,OLENEK,6,2026093018,pchip/zero/measured/bilinear,G231,false,,,,,7521.497,7521.497,25.072,25.072
24122-202609302330,24122,OLENEK,6,2026093018,pchip/zero/measured/bilinear,W190,hit,7852.954,7852.954,26.177,26.177,8529.818,9631.932,28.433,32.106
24122-202609302330,24122,OLENEK,6,2026093018,pchip/power/constant/nearest,B927,hit,5156.075,5156.075,17.187,17.187,3205.457,3205.457,10.685,10.685
24122-202609302330,24122,OLENEK,6,2026093018,pchip/power/constant/nearest,G231,false,,,,,7234.988,7234.988,24.117,24.117
24122-202609302330,24122,OLENEK,6,2026093018,pchip/power/constant/nearest,W190,hit,7852.954,7852.954,26.177,26.177,10624.550,10624.550,35.415,35.415
24122-202609302330,24122,OLENEK,6,2026093018,pchip/power/constant/bilinear,B927,hit,5156.075,5156.075,17.187,17.187,3053.934,3053.934,10.180,10.180
24122-202609302330,24122,OLENEK,6,2026093018,pchip/power/constant/bilinear,G231,false,,,,,6055.936,7477.270,20.186,24.924
24122-202609302330,24122,OLENEK,6,2026093018,pchip/power/constant/bilinear,W190,hit,7852.954,7852.954,26.177,26.177,8482.999,8621.793,28.277,28.739
24122-202609302330,24122,OLENEK,6,2026093018,pchip/power/measured/nearest,B927,hit,5156.075,5156.075,17.187,17.187,3205.479,3205.479,10.685,10.685
24122-202609302330,24122,OLENEK,6,2026093018,pchip/power/measured/nearest,G231,false,,,,,7234.988,7234.988,24.117,24.117
24122-202609302330,24122,OLENEK,6,2026093018,pchip/power/measured/nearest,W190,hit,7852.954,7852.954,26.177,26.177,10624.549,10624.549,35.415,35.415
24122-202609302330,24122,OLENEK,6,2026093018,pchip/power/measured/bilinear,B927,hit,5156.075,5156.075,17.187,17.187,3053.939,3053.939,10.180,10.180
24122-202609302330,24122,OLENEK,6,2026093018,pchip/power/measured/bilinear,G231,false,,,,,6055.937,7477.271,20.186,24.924
24122-202609302330,24122,OLENEK,6,2026093018,pchip/power/measured/bilinear,W190,hit,7852.954,7852.954,26.177,26.177,8483.000,8621.798,28.277,28.739
24122-202609302330,24122,OLENEK,6,2026093018,pchip/observed/constant/nearest,B927,hit,5156.075,5156.075,17.187,17.187,3677.495,3677.495,12.258,12.258
24122-202609302330,24122,OLENEK,6,2026093018,pchip/observed/constant/nearest,W190,hit,7852.954,7852.954,26.177,26.177,11152.063,11152.063,37.174,37.174
24122-202609302330,24122,OLENEK,6,2026093018,pchip/observed/constant/bilinear,B927,hit,5156.075,5156.075,17.187,17.187,3507.267,3507.267,11.691,11.691
24122-202609302330,24122,OLENEK,6,2026093018,pchip/observed/constant/bilinear,G231,false,,,,,7403.972,7403.972,24.680,24.680
24122-202609302330,24122,OLENEK,6,2026093018,pchip/observed/constant/bilinear,W190,hit,7852.954,7852.954,26.177,26.177,8422.593,9458.786,28.075,31.529
24122-202609302330,24122,OLENEK,6,2026093018,pchip/observed/measured/nearest,B927,hit,5156.075,5156.075,17.187,17.187,3677.423,3677.423,12.258,12.258
24122-202609302330,24122,OLENEK,6,2026093018,pchip/observed/measured/nearest,W190,hit,7852.954,7852.954,26.177,26.177,11152.063,11152.063,37.174,37.174
24122-202609302330,24122,OLENEK,6,2026093018,pchip/observed/measured/bilinear,B927,hit,5156.075,5156.075,17.187,17.187,3507.335,3507.335,11.691,11.691
24122-202609302330,24122,OLENEK,6,2026093018,pchip/observed/measured/bilinear,G231,false,,,,,7403.973,7403.973,24.680,24.680
24122-202609302330,24122,OLENEK,6,2026093018,pchip/observed/measured/bilinear,W190,hit,7852.954,7852.954,26.177,26.177,8422.594,9458.790,28.075,31.529
24122-202609302330,24122,OLENEK,6,2026093018,poly3/hold/constant/nearest,B927,hit,5156.075,5156.075,17.187,17.187,3019.608,3019.608,10.065,10.065
24122-202609302330,24122,OLENEK,6,2026093018,poly3/hold/constant/nearest,G231,false,,,,,5859.733,7194.196,19.532,23.981
24122-202609302330,24122,OLENEK,6,2026093018,poly3/hold/constant/nearest,W190,hit,7852.954,7852.954,26.177,26.177,8128.188,10311.460,27.094,34.372
24122-202609302330,24122,OLENEK,6,2026093018,poly3/hold/constant/bilinear,B927,hit,5156.075,5156.075,17.187,17.187,2880.457,2880.457,9.602,9.602
24122-202609302330,24122,OLENEK,6,2026093018,poly3/hold/constant/bilinear,M131,false,,,,,5246.996,5246.996,17.490,17.490
24122-202609302330,24122,OLENEK,6,2026093018,poly3/hold/constant/bilinear,G231,false,,,,,5982.088,7434.303,19.940,24.781
24122-202609302330,24122,OLENEK,6,2026093018,poly3/hold/constant/bilinear,W190,hit,7852.954,7852.954,26.177,26.177,8442.227,8442.227,28.141,28.141
24122-202609302330,24122,OLENEK,6,2026093018,poly3/hold/measured/nearest,B927,hit,5156.075,5156.075,17.187,17.187,3019.605,3019.605,10.065,10.065
24122-202609302330,24122,OLENEK,6,2026093018,poly3/hold/measured/nearest,G231,false,,,,,5859.740,7194.201,19.532,23.981
24122-202609302330,24122,OLENEK,6,2026093018,poly3/hold/measured/nearest,W190,hit,7852.954,7852.954,26.177,26.177,8128.192,10311.478,27.094,34.372
24122-202609302330,24122,OLENEK,6,2026093018,poly3/hold/measured/bilinear,B927,hit,5156.075,5156.075,17.187,17.187,2880.457,2880.457,9.602,9.602
24122-202609302330,24122,OLENEK,6,2026093018,poly3/hold/measured/bilinear,M131,false,,,,,5247.001,5247.001,17.490,17.490
24122-202609302330,24122,OLENEK,6,2026093018,poly3/hold/measured/bilinear,G231,false,,,,,5982.092,7434.302,19.940,24.781
24122-202609302330,24122,OLENEK,6,2026093018,poly3/hold/measured/bilinear,W190,hit,7852.954,7852.954,26.177,26.177,8442.227,8442.227,28.141,28.141
24122-202609302330,24122,OLENEK,6,2026093018,poly3/zero/constant/nearest,B927,hit,5156.075,5156.075,17.187,17.187,3773.152,3773.152,12.577,12.577
24122-202609302330,24122,OLENEK,6,2026093018,poly3/zero/constant/nearest,W190,hit,7852.954,7852.954,26.177,26.177,11277.457,11277.457,37.592,37.592
24122-202609302330,24122,OLENEK,6,2026093018,poly3/zero/constant/bilinear,B927,hit,5156.075,5156.075,17.187,17.187,3605.683,3605.683,12.019,12.019
24122-202609302330,24122,OLENEK,6,2026093018,poly3/zero/constant/bilinear,G231,false,,,,,7439.152,7439.152,24.797,24.797
24122-202609302330,24122,OLENEK,6,2026093018,poly3/zero/constant/bilinear,W190,hit,7852.954,7852.954,26.177,26.177,8456.216,10134.864,28.187,33.783
24122-202609302330,24122,OLENEK,6,2026093018,poly3/zero/measured/nearest,B927,hit,5156.075,5156.075,17.187,17.187,3773.098,3773.098,12.577,12.577
24122-202609302330,24122,OLENEK,6,2026093018,poly3/zero/measured/nearest,W190,hit,7852.954,7852.954,26.177,26.177,11277.468,11277.468,37.592,37.592
24122-202609302330,24122,OLENEK,6,2026093018,poly3/zero/measured/bilinear,B927,hit,5156.075,5156.075,17.187,17.187,3605.758,3605.758,12.019,12.019
24122-202609302330,24122,OLENEK,6,2026093018,poly3/zero/measured/bilinear,G231,false,,,,,7439.151,7439.151,24.797,24.797
24122-202609302330,24122,OLENEK,6,2026093018,poly3/zero/measured/bilinear,W190,hit,7852.954,7852.954,26.177,26.177,8456.216,10135.014,28.187,33.783
24122-202609302330,24122,OLENEK,6,2026093018,poly3/power/constant/nearest,B927,hit,5156.075,5156.075,17.187,17.187,3185.415,3185.415,10.618,10.618
24122-202609302330,24122,OLENEK,6,2026093018,poly3/power/constant/nearest,G231,false,,,,,7245.836,7245.836,24.153,24.153
24122-202609302330,24122,OLENEK,6,2026093018,poly3/power/constant/nearest,W190,hit,7852.954,7852.954,26.177,26.177,8175.752,10619.687,27.253,35.399
24122-202609302330,24122,OLENEK,6,2026093018,poly3/power/constant/bilinear,B927,hit,5156.075,5156.075,17.187,17.187,3038.296,3038.296,10.128,10.128
24122-202609302330,24122,OLENEK,6,2026093018,poly3/power/constant/bilinear,G231,false,,,,,6065.941,7484.634,20.220,24.949
24122-202609302330,24122,OLENEK,6,2026093018,poly3/power/constant/bilinear,W190,hit,7852.954,7852.954,26.177,26.177,8490.495,8605.756,28.302,28.686
24122-202609302330,24122,OLENEK,6,2026093018,poly3/power/measured/nearest,B927,hit,5156.075,5156.075,17.187,17.187,3185.397,3185.397,10.618,10.618
24122-202609302330,24122,OLENEK,6,2026093018,poly3/power/measured/nearest,G231,false,,,,,7245.841,7245.841,24.153,24.153
24122-202609302330,24122,OLENEK,6,2026093018,poly3/power/measured/nearest,W190,hit,7852.954,7852.954,26.177,26.177,8175.756,10619.700,27.253,35.399
24122-202609302330,24122,OLENEK,6,2026093018,poly3/power/measured/bilinear,B927,hit,5156.075,5156.075,17.187,17.187,3038.289,3038.289,10.128,10.128
24122-202609302330,24122,OLENEK,6,2026093018,poly3/power/measured/bilinear,G231,false,,,,,6065.945,7484.633,20.220,24.949
24122-202609302330,24122,OLENEK,6,2026093018,poly3/power/measured/bilinear,W190,hit,7852.954,7852.954,26.177,26.177,8490.495,8605.841,28.302,28.686
24122-202609302330,24122,OLENEK,6,2026093018,poly3/observed/constant/nearest,B927,hit,5156.075,5156.075,17.187,17.187,3761.077,3761.077,12.537,12.537
24122-202609302330,24122,OLENEK,6,2026093018,poly3/observed/constant/nearest,W190,hit,7852.954,7852.954,26.177,26.177,11219.049,11219.049,37.397,37.397
24122-202609302330,24122,OLENEK,6,2026093018,poly3/observed/constant/bilinear,B927,hit,5156.075,5156.075,17.187,17.187,3591.408,3591.408,11.971,11.971
24122-202609302330,24122,OLENEK,6,2026093018,poly3/observed/constant/bilinear,G231,false,,,,,7330.450,7330.450,24.435,24.435
24122-202609302330,24122,OLENEK,6,2026093018,poly3/observed/constant/bilinear,W190,hit,7852.954,7852.954,26.177,26.177,8358.476,10038.748,27.862,33.462
24122-202609302330,24122,OLENEK,6,2026093018,poly3/observed/measured/nearest,B927,hit,5156.075,5156.075,17.187,17.187,3761.100,3761.100,12.537,12.537
24122-202609302330,24122,OLENEK,6,2026093018,poly3/observed/measured/nearest,W190,hit,7852.954,7852.954,26.177,26.177,11219.059,11219.059,37.397,37.397
24122-202609302330,24122,OLENEK,6,2026093018,poly3/observed/measured/bilinear,B927,hit,5156.075,5156.075,17.187,17.187,3591.384,3591.384,11.971,11.971
24122-202609302330,24122,OLENEK,6,2026093018,poly3/observed/measured/bilinear,G231,false,,,,,7330.449,7330.449,24.435,24.435
24122-202609302330,24122,OLENEK,6,2026093018,poly3/observed/measured/bilinear,W190,hit,7852.954,7852.954,26.177,26.177,8358.476,10038.937,27.862,33.463
32540-202609302331,32540,PTRPVKMCH,6,2026093018,step/hold/constant/nearest,Г101,hit,1861.022,1861.022,6.203,6.203,1357.283,4067.304,4.524,13.558
32540-202609302331,32540,PTRPVKMCH,6,2026093018,step/hold/constant/bilinear,Г101,hit,1861.022,1861.022,6.203,6.203,668.998,668.998,2.230,2.230
32540-202609302331,32540,PTRPVKMCH,6,2026093018,step/hold/measured/nearest,Г101,hit,1861.022,1861.022,6.203,6.203,1357.283,4064.763,4.524,13.549
32540-202609302331,32540,PTRPVKMCH,6,2026093018,step/hold/measured/bilinear,Г101,hit,1861.022,1861.022,6.203,6.203,668.998,668.998,2.230,2.230
32540-202609302331,32540,PTRPVKMCH,6,2026093018,step/zero/constant/nearest,Г101,hit,1861.022,1861.022,6.203,6.203,2389.879,4326.856,7.966,14.423
32540-202609302331,32540,PTRPVKMCH,6,2026093018,step/zero/constant/nearest,Б244,false,,,,,4073.137,4073.137,13.577,13.577
32540-202609302331,32540,PTRPVKMCH,6,2026093018,step/zero/constant/bilinear,Г101,hit,1861.022,1861.022,6.203,6.203,1418.998,1418.998,4.730,4.730
32540-202609302331,32540,PTRPVKMCH,6,2026093018,step/zero/measured/nearest,Г101,hit,1861.022,1861.022,6.203,6.203,2389.879,4324.315,7.966,14.414
32540-202609302331,32540,PTRPVKMCH,6,2026093018,step/zero/measured/nearest,Б244,false,,,,,4070.526,4070.526,13.568,13.568
32540-202609302331,32540,PTRPVKMCH,6,2026093018,step/zero/measured/bilinear,Г101,hit,1861.022,1861.022,6.203,6.203,1418.998,1418.998,4.730,4.730
32540-202609302331,32540,PTRPVKMCH,6,2026093018,step/power/constant/nearest,Г101,hit,1861.022,1861.022,6.203,6.203,1543.672,4131.808,5.146,13.773
32540-202609302331,32540,PTRPVKMCH,6,2026093018,step/power/constant/bilinear,Г101,hit,1861.022,1861.022,6.203,6.203,830.509,830.509,2.768,2.768
32540-202609302331,32540,PTRPVKMCH,6,2026093018,step/power/measured/nearest,Г101,hit,1861.022,1861.022,6.203,6.203,1543.672,4129.267,5.146,13.764
32540-202609302331,32540,PTRPVKMCH,6,2026093018,step/power/measured/bilinear,Г101,hit,1861.022,1861.022,6.203,6.203,830.509,830.509,2.768,2.768
32540-202609302331,32540,PTRPVKMCH,6,2026093018,step/observed/constant/nearest,Г101,hit,1861.022,1861.022,6.203,6.203,2589.625,4264.369,8.632,14.215
32540-202609302331,32540,PTRPVKMCH,6,2026093018,step/observed/constant/nearest,Б244,false,,,,,4010.650,4010.650,13.369,13.369
32540-202609302331,32540,PTRPVKMCH,6,2026093018,step/observed/constant/bilinear,Г101,hit,1861.022,1861.022,6.203,6.203,1456.054,1456.054,4.854,4.854
32540-202609302331,32540,PTRPVKMCH,6,2026093018,step/observed/measured/nearest,Г101,hit,1861.022,1861.022,6.203,6.203,2589.625,4261.828,8.632,14.206
32540-202609302331,32540,PTRPVKMCH,6,2026093018,step/observed/measured/nearest,Б244,false,,,,,4008.038,4008.038,13.360,13.360
32540-202609302331,32540,PTRPVKMCH,6,2026093018,step/observed/measured/bilinear,Г101,hit,1861.022,1861.022,6.203,6.203,1456.054,1456.054,4.854,4.854
32540-202609302331,32540,PTRPVKMCH,6,2026093018,linear/hold/constant/nearest,Г101,hit,1861.022,1861.022,6.203,6.203,1357.283,4065.969,4.524,13.553
32540-202609302331,32540,PTRPVKMCH,6,2026093018,linear/hold/constant/bilinear,Г101,hit,1861.022,1861.022,6.203,6.203,668.998,668.998,2.230,2.230
32540-202609302331,32540,PTRPVKMCH,6,2026093018,linear/hold/measured/nearest,Г101,hit,1861.022,1861.022,6.203,6.203,1357.283,4065.988,4.524,13.553
32540-202609302331,32540,PTRPVKMCH,6,2026093018,linear/hold/measured/bilinear,Г101,hit,1861.022,1861.022,6.203,6.203,668.998,668.998,2.230,2.230
32540-202609302331,32540,PTRPVKMCH,6,2026093018,linear/zero/constant/nearest,Г101,hit,1861.022,1861.022,6.203,6.203,2390.366,4324.432,7.968,14.415
32540-202609302331,32540,PTRPVKMCH,6,2026093018,linear/zero/constant/nearest,Б244,false,,,,,4071.875,4071.875,13.573,13.573
32540-202609302331,32540,PTRPVKMCH,6,2026093018,linear/zero/constant/bilinear,Г101,hit,1861.022,1861.022,6.203,6.203,1416.482,1416.482,4.722,4.722
32540-202609302331,32540,PTRPVKMCH,6,2026093018,linear/zero/measured/nearest,Г101,hit,1861.022,1861.022,6.203,6.203,2390.366,4324.507,7.968,14.415
32540-202609302331,32540,PTRPVKMCH,6,2026093018,linear/zero/measured/nearest,Б244,false,,,,,4071.917,4071.917,13.573,13.573
32540-202609302331,32540,PTRPVKMCH,6,2026093018,linear/zero/measured/bilinear,Г101,hit,1861.022,1861.022,6.203,6.203,1416.482,1416.482,4.722,4.722
32540-202609302331,32540,PTRPVKMCH,6,2026093018,linear/power/constant/nearest,Г101,hit,1861.022,1861.022,6.203,6.203,1544.466,4131.430,5.148,13.771
32540-202609302331,32540,PTRPVKMCH,6,2026093018,linear/power/constant/bilinear,Г101,hit,1861.022,1861.022,6.203,6.203,830.509,830.509,2.768,2.768
32540-202609302331,32540,PTRPVKMCH,6,2026093018,linear/power/measured/nearest,Г101,hit,1861.022,1861.022,6.203,6.203,1544.466,4131.446,5.148,13.771
32540-202609302331,32540,PTRPVKMCH,6,2026093018,linear/power/measured/bilinear,Г101,hit,1861.022,1861.022,6.203,6.203,830.509,830.509,2.768,2.768
32540-202609302331,32540,PTRPVKMCH,6,2026093018,linear/observed/constant/nearest,Г101,hit,1861.022,1861.022,6.203,6.203,4263.686,4263.686,14.212,14.212
32540-202609302331,32540,PTRPVKMCH,6,2026093018,linear/observed/constant/nearest,Б244,false,,,,,4007.884,4007.884,13.360,13.360
32540-202609302331,32540,PTRPVKMCH,6,2026093018,linear/observed/constant/bilinear,Г101,hit,1861.022,1861.022,6.203,6.203,1454.931,1454.931,4.850,4.850
32540-202609302331,32540,PTRPVKMCH,6,2026093018,linear/observed/measured/nearest,Г101,hit,1861.022,1861.022,6.203,6.203,4263.759,4263.759,14.213,14.213
32540-202609302331,32540,PTRPVKMCH,6,2026093018,linear/observed/measured/nearest,Б244,false,,,,,4007.868,4007.868,13.360,13.360
32540-202609302331,32540,PTRPVKMCH,6,2026093018,linear/observed/measured/bilinear,Г101,hit,1861.022,1861.022,6.203,6.203,1454.931,1454.931,4.850,4.850
32540-202609302331,32540,PTRPVKMCH,6,2026093018,spline/hold/constant/nearest,Г101,hit,1861.022,1861.022,6.203,6.203,1357.283,4063.395,4.524,13.545
32540-202609302331,32540,PTRPVKMCH,6,2026093018,spline/hold/constant/bilinear,Г101,hit,1861.022,1861.022,6.203,6.203,668.998,668.998,2.230,2.230
32540-202609302331,32540,PTRPVKMCH,6,2026093018,spline/hold/measured/nearest,Г101,hit,1861.022,1861.022,6.203,6.203,1357.283,4063.409,4.524,13.545
32540-202609302331,32540,PTRPVKMCH,6,2026093018,spline/hold/measured/bilinear,Г101,hit,1861.022,1861.022,6.203,6.203,668.998,668.998,2.230,2.230
32540-202609302331,32540,PTRPVKMCH,6,2026093018,spline/zero/constant/nearest,Г101,hit,1861.022,1861.022,6.203,6.203,1925.141,4398.531,6.417,14.662
32540-202609302331,32540,PTRPVKMCH,6,2026093018,spline/zero/constant/nearest,Б244,false,,,,,4152.326,4152.326,13.841,13.841
32540-202609302331,32540,PTRPVKMCH,6,2026093018,spline/zero/constant/bilinear,Г101,hit,1861.022,1861.022,6.203,6.203,1402.506,1402.506,4.675,4.675
32540-202609302331,32540,PTRPVKMCH,6,2026093018,spline/zero/measured/nearest,Г101,hit,1861.022,1861.022,6.203,6.203,1925.141,4398.461,6.417,14.662
32540-202609302331,32540,PTRPVKMCH,6,2026093018,spline/zero/measured/nearest,Б244,false,,,,,4152.263,4152.263,13.841,13.841
32540-202609302331,32540,PTRPVKMCH,6,2026093018,spline/zero/measured/bilinear,Г101,hit,1861.022,1861.022,6.203,6.203,1402.506,1402.506,4.675,4.675
32540-202609302331,32540,PTRPVKMCH,6,2026093018,spline/power/constant/nearest,Г101,hit,1861.022,1861.022,6.203,6.203,1544.161,4129.694,5.147,13.766
32540-202609302331,32540,PTRPVKMCH,6,2026093018,spline/power/constant/bilinear,Г101,hit,1861.022,1861.022,6.203,6.203,830.509,830.509,2.768,2.768
32540-202609302331,32540,PTRPVKMCH,6,2026093018,spline/power/measured/nearest,Г101,hit,1861.022,1861.022,6.203,6.203,1544.161,4129.730,5.147,13.766
32540-202609302331,32540,PTRPVKMCH,6,2026093018,spline/power/measured/bilinear,Г101,hit,1861.022,1861.022,6.203,6.203,830.509,830.509,2.768,2.768
32540-202609302331,32540,PTRPVKMCH,6,2026093018,spline/observed/constant/nearest,Г101,hit,1861.022,1861.022,6.203,6.203,1996.906,4350.530,6.656,14.502
32540-202609302331,32540,PTRPVKMCH,6,2026093018,spline/observed/constant/nearest,Б244,false,,,,,4100.766,4100.766,13.669,13.669
32540-202609302331,32540,PTRPVKMCH,6,2026093018,spline/observed/constant/bilinear,Г101,hit,1861.022,1861.022,6.203,6.203,1434.887,1434.887,4.783,4.783
32540-202609302331,32540,PTRPVKMCH,6,2026093018,spline/observed/measured/nearest,Г101,hit,1861.022,1861.022,6.203,6.203,1996.906,4350.456,6.656,14.502
32540-202609302331,32540,PTRPVKMCH,6,2026093018,spline/observed/measured/nearest,Б244,false,,,,,4100.691,4100.691,13.669,13.669
32540-202609302331,32540,PTRPVKMCH,6,2026093018,spline/observed/measured/bilinear,Г101,hit,1861.022,1861.022,6.203,6.203,1434.887,1434.887,4.783,4.783
32540-202609302331,32540,PTRPVKMCH,6,2026093018,pchip/hold/constant/nearest,Г101,hit,1861.022,1861.022,6.203,6.203,1357.283,4036.497,4.524,13.455
32540-202609302331,32540,PTRPVKMCH,6,2026093018,pchip/hold/constant/bilinear,Г101,hit,1861.022,1861.022,6.203,6.203,668.998,668.998,2.230,2.230
32540-202609302331,32540,PTRPVKMCH,6,2026093018,pchip/hold/measured/nearest,Г101,hit,1861.022,1861.022,6.203,6.203,1357.283,4036.501,4.524,13.455
32540-202609302331,32540,PTRPVKMCH,6,2026093018,pchip/hold/measured/bilinear,Г101,hit,1861.022,1861.022,6.203,6.203,668.998,668.998,2.230,2.230
32540-202609302331,32540,PTRPVKMCH,6,2026093018,pchip/zero/constant/nearest,Г101,hit,1861.022,1861.022,6.203,6.203,1957.520,4341.667,6.525,14.472
32540-202609302331,32540,PTRPVKMCH,6,2026093018,pchip/zero/constant/nearest,Б244,false,,,,,4091.380,4091.380,13.638,13.638
32540-202609302331,32540,PTRPVKMCH,6,2026093018,pchip/zero/constant/bilinear,Г101,hit,1861.022,1861.022,6.203,6.203,1190.596,1190.596,3.969,3.969
32540-202609302331,32540,PTRPVKMCH,6,2026093018,pchip/zero/measured/nearest,Г101,hit,1861.022,1861.022,6.203,6.203,1957.520,4341.632,6.525,14.472
32540-202609302331,32540,PTRPVKMCH,6,2026093018,pchip/zero/measured/nearest,Б244,false,,,,,4091.361,4091.361,13.638,13.638
32540-202609302331,32540,PTRPVKMCH,6,2026093018,pchip/zero/measured/bilinear,Г101,hit,1861.022,1861.022,6.203,6.203,1190.596,1190.596,3.969,3.969
32540-202609302331,32540,PTRPVKMCH,6,2026093018,pchip/power/constant/nearest,Г101,hit,1861.022,1861.022,6.203,6.203,1544.036,4102.645,5.147,13.675
32540-202609302331,32540,PTRPVKMCH,6,2026093018,pchip/power/constant/bilinear,Г101,hit,1861.022,1861.022,6.203,6.203,830.509,830.509,2.768,2.768
32540-202609302331,32540,PTRPVKMCH,6,2026093018,pchip/power/measured/nearest,Г101,hit,1861.022,1861.022,6.203,6.203,1544.036,4102.604,5.147,13.675
32540-202609302331,32540,PTRPVKMCH,6,2026093018,pchip/power/measured/bilinear,Г101,hit,1861.022,1861.022,6.203,6.203,830.509,830.509,2.768,2.768
32540-202609302331,32540,PTRPVKMCH,6,2026093018,pchip/observed/constant/nearest,Г101,hit,1861.022,1861.022,6.203,6.203,1887.645,4249.493,6.292,14.165
32540-202609302331,32540,PTRPVKMCH,6,2026093018,pchip/observed/constant/nearest,Б244,false,,,,,3995.986,3995.986,13.320,13.320
32540-202609302331,32540,PTRPVKMCH,6,2026093018,pchip/observed/constant/bilinear,Г101,hit,1861.022,1861.022,6.203,6.203,1210.477,1210.477,4.035,4.035
32540-202609302331,32540,PTRPVKMCH,6,2026093018,pchip/observed/measured/nearest,Г101,hit,1861.022,1861.022,6.203,6.203,1887.645,4249.432,6.292,14.165
32540-202609302331,32540,PTRPVKMCH,6,2026093018,pchip/observed/measured/nearest,Б244,false,,,,,3995.950,3995.950,13.320,13.320
32540-202609302331,32540,PTRPVKMCH,6,2026093018,pchip/observed/measured/bilinear,Г101,hit,1861.022,1861.022,6.203,6.203,1210.477,1210.477,4.035,4.035
32540-202609302331,32540,PTRPVKMCH,6,2026093018,poly3/hold/constant/nearest,Г101,hit,1861.022,1861.022,6.203,6.203,1357.283,1357.283,4.524,4.524
32540-202609302331,32540,PTRPVKMCH,6,2026093018,poly3/hold/constant/bilinear,Г101,hit,1861.022,1861.022,6.203,6.203,668.998,668.998,2.230,2.230
32540-202609302331,32540,PTRPVKMCH,6,2026093018,poly3/hold/measured/nearest,Г101,hit,1861.022,1861.022,6.203,6.203,1357.283,1357.283,4.524,4.524
32540-202609302331,32540,PTRPVKMCH,6,2026093018,poly3/hold/measured/bilinear,Г101,hit,1861.022,1861.022,6.203,6.203,668.998,668.998,2.230,2.230
32540-202609302331,32540,PTRPVKMCH,6,2026093018,poly3/zero/constant/nearest,Г101,hit,1861.022,1861.022,6.203,6.203,1751.630,4476.504,5.839,14.922
32540-202609302331,32540,PTRPVKMCH,6,2026093018,poly3/zero/constant/nearest,Б244,false,,,,,4236.452,4236.452,14.122,14.122
32540-202609302331,32540,PTRPVKMCH,6,2026093018,poly3/zero/constant/bilinear,Г101,hit,1861.022,1861.022,6.203,6.203,1483.085,1483.085,4.944,4.944
32540-202609302331,32540,PTRPVKMCH,6,2026093018,poly3/zero/measured/nearest,Г101,hit,1861.022,1861.022,6.203,6.203,1751.630,4476.542,5.839,14.922
32540-202609302331,32540,PTRPVKMCH,6,2026093018,poly3/zero/measured/nearest,Б244,false,,,,,4236.462,4236.462,14.122,14.122
32540-202609302331,32540,PTRPVKMCH,6,2026093018,poly3/zero/measured/bilinear,Г101,hit,1861.022,1861.022,6.203,6.203,1483.085,1483.085,4.944,4.944
32540-202609302331,32540,PTRPVKMCH,6,2026093018,poly3/power/constant/nearest,Г101,hit,1861.022,1861.022,6.203,6.203,1543.573,4093.698,5.145,13.646
32540-202609302331,32540,PTRPVKMCH,6,2026093018,poly3/power/constant/bilinear,Г101,hit,1861.022,1861.022,6.203,6.203,830.509,830.509,2.768,2.768
32540-202609302331,32540,PTRPVKMCH,6,2026093018,poly3/power/measured/nearest,Г101,hit,1861.022,1861.022,6.203,6.203,1543.573,4093.667,5.145,13.646
32540-202609302331,32540,PTRPVKMCH,6,2026093018,poly3/power/measured/bilinear,Г101,hit,1861.022,1861.022,6.203,6.203,830.509,830.509,2.768,2.768
32540-202609302331,32540,PTRPVKMCH,6,2026093018,poly3/observed/constant/nearest,Г101,hit,1861.022,1861.022,6.203,6.203,1806.045,4438.281,6.020,14.794
32540-202609302331,32540,PTRPVKMCH,6,2026093018,poly3/observed/constant/nearest,Б244,false,,,,,4195.399,4195.399,13.985,13.985
32540-202609302331,32540,PTRPVKMCH,6,2026093018,poly3/observed/constant/bilinear,Г101,hit,1861.022,1861.022,6.203,6.203,1508.625,1508.625,5.029,5.029
32540-202609302331,32540,PTRPVKMCH,6,2026093018,poly3/observed/measured/nearest,Г101,hit,1861.022,1861.022,6.203,6.203,1806.045,4438.275,6.020,14.794
32540-202609302331,32540,PTRPVKMCH,6,2026093018,poly3/observed/measured/nearest,Б244,false,,,,,4195.357,4195.357,13.985,13.985
32540-202609302331,32540,PTRPVKMCH,6,2026093018,poly3/observed/measured/bilinear,Г101,hit,1861.022,1861.022,6.203,6.203,1508.625,1508.625,5.029,5.029
32540-202610011130,32540,PTRPVKMCH,6,2026100106,step/hold/constant/nearest,Г101,hit,791.910,12094.420,2.640,40.315,1493.308,1493.308,4.978,4.978
32540-202610011130,32540,PTRPVKMCH,6,2026100106,step/hold/constant/nearest,Б244,miss,4866.256,4866.256,16.221,16.221,,,,
32540-202610011130,32540,PTRPVKMCH,6,2026100106,step/hold/constant/bilinear,Г101,hit,791.910,12094.420,2.640,40.315,772.275,772.275,2.574,2.574
32540-202610011130,32540,PTRPVKMCH,6,2026100106,step/hold/constant/bilinear,Б244,miss,4866.256,4866.256,16.221,16.221,,,,
32540-202610011130,32540,PTRPVKMCH,6,2026100106,step/hold/measured/nearest,Г101,hit,791.910,12094.420,2.640,40.315,1493.308,1493.308,4.978,4.978
32540-202610011130,32540,PTRPVKMCH,6,2026100106,step/hold/measured/nearest,Б244,miss,4866.256,4866.256,16.221,16.221,,,,
32540-202610011130,32540,PTRPVKMCH,6,2026100106,step/hold/measured/bilinear,Г101,hit,791.910,12094.420,2.640,40.315,772.275,772.275,2.574,2.574
32540-202610011130,32540,PTRPVKMCH,6,2026100106,step/hold/measured/bilinear,Б244,miss,4866.256,4866.256,16.221,16.221,,,,
32540-202610011130,32540,PTRPVKMCH,6,2026100106,step/zero/constant/nearest,Г101,hit,791.910,12094.420,2.640,40.315,2502.348,4283.576,8.341,14.279
32540-202610011130,32540,PTRPVKMCH,6,2026100106,step/zero/constant/nearest,Б244,hit,4866.256,4866.256,16.221,16.221,3961.959,3961.959,13.207,13.207
32540-202610011130,32540,PTRPVKMCH,6,2026100106,step/zero/constant/bilinear,Г101,hit,791.910,12094.420,2.640,40.315,1522.275,4566.032,5.074,15.220
32540-202610011130,32540,PTRPVKMCH,6,2026100106,step/zero/constant/bilinear,Б244,hit,4866.256,4866.256,16.221,16.221,4178.598,4178.598,13.929,13.929
32540-202610011130,32540,PTRPVKMCH,6,2026100106,step/zero/measured/nearest,Г101,hit,791.910,12094.420,2.640,40.315,2502.348,4281.587,8.341,14.272
32540-202610011130,32540,PTRPVKMCH,6,2026100106,step/zero/measured/nearest,Б244,hit,4866.256,4866.256,16.221,16.221,3959.654,3959.654,13.199,13.199
32540-202610011130,32540,PTRPVKMCH,6,2026100106,step/zero/measured/bilinear,Г101,hit,791.910,12094.420,2.640,40.315,1522.275,4564.298,5.074,15.214
32540-202610011130,32540,PTRPVKMCH,6,2026100106,step/zero/measured/bilinear,Б244,hit,4866.256,4866.256,16.221,16.221,4176.421,4176.421,13.921,13.921
32540-202610011130,32540,PTRPVKMCH,6,2026100106,step/power/constant/nearest,Г101,hit,791.910,12094.420,2.640,40.315,1679.697,1679.697,5.599,5.599
32540-202610011130,32540,PTRPVKMCH,6,2026100106,step/power/constant/nearest,Б244,miss,4866.256,4866.256,16.221,16.221,,,,
32540-202610011130,32540,PTRPVKMCH,6,2026100106,step/power/constant/bilinear,Г101,hit,791.910,12094.420,2.640,40.315,941.892,941.892,3.140,3.140
32540-202610011130,32540,PTRPVKMCH,6,2026100106,step/power/constant/bilinear,Б244,miss,4866.256,4866.256,16.221,16.221,,,,
32540-202610011130,32540,PTRPVKMCH,6,2026100106,step/power/measured/nearest,Г101,hit,791.910,12094.420,2.640,40.315,1679.697,3808.797,5.599,12.696
32540-202610011130,32540,PTRPVKMCH,6,2026100106,step/power/measured/nearest,Б244,miss,4866.256,4866.256,16.221,16.221,,,,
32540-202610011130,32540,PTRPVKMCH,6,2026100106,step/power/measured/bilinear,Г101,hit,791.910,12094.420,2.640,40.315,941.892,941.892,3.140,3.140
32540-202610011130,32540,PTRPVKMCH,6,2026100106,step/power/measured/bilinear,Б244,miss,4866.256,4866.256,16.221,16.221,,,,
32540-202610011130,32540,PTRPVKMCH,6,2026100106,step/observed/constant/nearest,Г101,hit,791.910,12094.420,2.640,40.315,4444.766,4444.766,14.816,14.816
32540-202610011130,32540,PTRPVKMCH,6,2026100106,step/observed/constant/nearest,Б244,hit,4866.256,4866.256,16.221,16.221,4114.423,4114.423,13.715,13.715
32540-202610011130,32540,PTRPVKMCH,6,2026100106,step/observed/constant/bilinear,Г101,hit,791.910,12094.420,2.640,40.315,1720.175,4758.491,5.734,15.862
32540-202610011130,32540,PTRPVKMCH,6,2026100106,step/observed/constant/bilinear,Б244,hit,4866.256,4866.256,16.221,16.221,4358.113,4358.113,14.527,14.527
32540-202610011130,32540,PTRPVKMCH,6,2026100106,step/observed/measured/nearest,Г101,hit,791.910,12094.420,2.640,40.315,4442.777,4442.777,14.809,14.809
32540-202610011130,32540,PTRPVKMCH,6,2026100106,step/observed/measured/nearest,Б244,hit,4866.256,4866.256,16.221,16.221,4112.118,4112.118,13.707,13.707
32540-202610011130,32540,PTRPVKMCH,6,2026100106,step/observed/measured/bilinear,Г101,hit,791.910,12094.420,2.640,40.315,1720.175,4756.749,5.734,15.856
32540-202610011130,32540,PTRPVKMCH,6,2026100106,step/observed/measured/bilinear,Б244,hit,4866.256,4866.256,16.221,16.221,4355.929,4355.929,14.520,14.520
32540-202610011130,32540,PTRPVKMCH,6,2026100106,linear/hold/constant/nearest,Г101,hit,791.910,12094.420,2.640,40.315,1493.308,1493.308,4.978,4.978
32540-202610011130,32540,PTRPVKMCH,6,2026100106,linear/hold/constant/nearest,Б244,miss,4866.256,4866.256,16.221,16.221,,,,
32540-202610011130,32540,PTRPVKMCH,6,2026100106,linear/hold/constant/bilinear,Г101,hit,791.910,12094.420,2.640,40.315,772.275,772.275,2.574,2.574
32540-202610011130,32540,PTRPVKMCH,6,2026100106,linear/hold/constant/bilinear,Б244,miss,4866.256,4866.256,16.221,16.221,,,,
32540-202610011130,32540,PTRPVKMCH,6,2026100106,linear/hold/measured/nearest,Г101,hit,791.910,12094.420,2.640,40.315,1493.308,1493.308,4.978,4.978
32540-202610011130,32540,PTRPVKMCH,6,2026100106,linear/hold/measured/nearest,Б244,miss,4866.256,4866.256,16.221,16.221,,,,
32540-202610011130,32540,PTRPVKMCH,6,2026100106,linear/hold/measured/bilinear,Г101,hit,791.910,12094.420,2.640,40.315,772.275,772.275,2.574,2.574
32540-202610011130,32540,PTRPVKMCH,6,2026100106,linear/hold/measured/bilinear,Б244,miss,4866.256,4866.256,16.221,16.221,,,,
32540-202610011130,32540,PTRPVKMCH,6,2026100106,linear/zero/constant/nearest,Г101,hit,791.910,12094.420,2.640,40.315,2518.410,4279.343,8.395,14.264
32540-202610011130,32540,PTRPVKMCH,6,2026100106,linear/zero/constant/nearest,Б244,hit,4866.256,4866.256,16.221,16.221,3958.104,3958.104,13.194,13.194
32540-202610011130,32540,PTRPVKMCH,6,2026100106,linear/zero/constant/bilinear,Г101,hit,791.910,12094.420,2.640,40.315,1522.775,4499.161,5.076,14.997
32540-202610011130,32540,PTRPVKMCH,6,2026100106,linear/zero/constant/bilinear,Б244,hit,4866.256,4866.256,16.221,16.221,4178.369,4178.369,13.928,13.928
32540-202610011130,32540,PTRPVKMCH,6,2026100106,linear/zero/measured/nearest,Г101,hit,791.910,12094.420,2.640,40.315,2518.410,4279.638,8.395,14.265
32540-202610011130,32540,PTRPVKMCH,6,2026100106,linear/zero/measured/nearest,Б244,hit,4866.256,4866.256,16.221,16.221,3958.090,3958.090,13.194,13.194
32540-202610011130,32540,PTRPVKMCH,6,2026100106,linear/zero/measured/bilinear,Г101,hit,791.910,12094.420,2.640,40.315,1522.775,4499.124,5.076,14.997
32540-202610011130,32540,PTRPVKMCH,6,2026100106,linear/zero/measured/bilinear,Б244,hit,4866.256,4866.256,16.221,16.221,4178.387,4178.387,13.928,13.928
32540-202610011130,32540,PTRPVKMCH,6,2026100106,linear/power/constant/nearest,Г101,hit,791.910,12094.420,2.640,40.315,1689.129,3801.810,5.630,12.673
32540-202610011130,32540,PTRPVKMCH,6,2026100106,linear/power/constant/nearest,Б244,miss,4866.256,4866.256,16.221,16.221,,,,
32540-202610011130,32540,PTRPVKMCH,6,2026100106,linear/power/constant/bilinear,Г101,hit,791.910,12094.420,2.640,40.315,941.892,941.892,3.140,3.140
32540-202610011130,32540,PTRPVKMCH,6,2026100106,linear/power/constant/bilinear,Б244,miss,4866.256,4866.256,16.221,16.221,,,,
32540-202610011130,32540,PTRPVKMCH,6,2026100106,linear/power/measured/nearest,Г101,hit,791.910,12094.420,2.640,40.315,1689.129,3801.780,5.630,12.673
32540-202610011130,32540,PTRPVKMCH,6,2026100106,linear/power/measured/nearest,Б244,miss,4866.256,4866.256,16.221,16.221,,,,
32540-202610011130,32540,PTRPVKMCH,6,2026100106,linear/power/measured/bilinear,Г101,hit,791.910,12094.420,2.640,40.315,941.892,941.892,3.140,3.140
32540-202610011130,32540,PTRPVKMCH,6,2026100106,linear/power/measured/bilinear,Б244,miss,4866.256,4866.256,16.221,16.221,,,,
32540-202610011130,32540,PTRPVKMCH,6,2026100106,linear/observed/constant/nearest,Г101,hit,791.910,12094.420,2.640,40.315,4415.814,4415.814,14.719,14.719
32540-202610011130,32540,PTRPVKMCH,6,2026100106,linear/observed/constant/nearest,Б244,hit,4866.256,4866.256,16.221,16.221,4113.910,4113.910,13.713,13.713
32540-202610011130,32540,PTRPVKMCH,6,2026100106,linear/observed/constant/bilinear,Г101,hit,791.910,12094.420,2.640,40.315,1746.285,4624.033,5.821,15.413
32540-202610011130,32540,PTRPVKMCH,6,2026100106,linear/observed/constant/bilinear,Б244,hit,4866.256,4866.256,16.221,16.221,4343.347,4343.347,14.478,14.478
32540-202610011130,32540,PTRPVKMCH,6,2026100106,linear/observed/measured/nearest,Г101,hit,791.910,12094.420,2.640,40.315,4416.208,4416.208,14.721,14.721
32540-202610011130,32540,PTRPVKMCH,6,2026100106,linear/observed/measured/nearest,Б244,hit,4866.256,4866.256,16.221,16.221,4113.922,4113.922,13.713,13.713
32540-202610011130,32540,PTRPVKMCH,6,2026100106,linear/observed/measured/bilinear,Г101,hit,791.910,12094.420,2.640,40.315,1746.285,4624.253,5.821,15.414
32540-202610011130,32540,PTRPVKMCH,6,2026100106,linear/observed/measured/bilinear,Б244,hit,4866.256,4866.256,16.221,16.221,4343.371,4343.371,14.478,14.478
32540-202610011130,32540,PTRPVKMCH,6,2026100106,spline/hold/constant/nearest,Г101,hit,791.910,12094.420,2.640,40.315,1493.308,1493.308,4.978,4.978
32540-202610011130,32540,PTRPVKMCH,6,2026100106,spline/hold/constant/nearest,Б244,miss,4866.256,4866.256,16.221,16.221,,,,
32540-202610011130,32540,PTRPVKMCH,6,2026100106,spline/hold/constant/bilinear,Г101,hit,791.910,12094.420,2.640,40.315,772.275,772.275,2.574,2.574
32540-202610011130,32540,PTRPVKMCH,6,2026100106,spline/hold/constant/bilinear,Б244,miss,4866.256,4866.256,16.221,16.221,,,,
32540-202610011130,32540,PTRPVKMCH,6,2026100106,spline/hold/measured/nearest,Г101,hit,791.910,12094.420,2.640,40.315,1493.308,1493.308,4.978,4.978
32540-202610011130,32540,PTRPVKMCH,6,2026100106,spline/hold/measured/nearest,Б244,miss,4866.256,4866.256,16.221,16.221,,,,
32540-202610011130,32540,PTRPVKMCH,6,2026100106,spline/hold/measured/bilinear,Г101,hit,791.910,12094.420,2.640,40.315,772.275,772.275,2.574,2.574
32540-202610011130,32540,PTRPVKMCH,6,2026100106,spline/hold/measured/bilinear,Б244,miss,4866.256,4866.256,16.221,16.221,,,,
32540-202610011130,32540,PTRPVKMCH,6,2026100106,spline/zero/constant/nearest,Г101,hit,791.910,12094.420,2.640,40.315,2093.325,4263.288,6.978,14.211
32540-202610011130,32540,PTRPVKMCH,6,2026100106,spline/zero/constant/nearest,Б244,hit,4866.256,4866.256,16.221,16.221,3923.569,3923.569,13.079,13.079
32540-202610011130,32540,PTRPVKMCH,6,2026100106,spline/zero/constant/bilinear,Г101,hit,791.910,12094.420,2.640,40.315,1230.943,4474.419,4.103,14.915
32540-202610011130,32540,PTRPVKMCH,6,2026100106,spline/zero/constant/bilinear,Б244,hit,4866.256,4866.256,16.221,16.221,4130.779,4130.779,13.769,13.769
32540-202610011130,32540,PTRPVKMCH,6,2026100106,spline/zero/measured/nearest,Г101,hit,791.910,12094.420,2.640,40.315,2093.325,4263.392,6.978,14.211
32540-202610011130,32540,PTRPVKMCH,6,2026100106,spline/zero/measured/nearest,Б244,hit,4866.256,4866.256,16.221,16.221,3923.657,3923.657,13.079,13.079
32540-202610011130,32540,PTRPVKMCH,6,2026100106,spline/zero/measured/bilinear,Г101,hit,791.910,12094.420,2.640,40.315,1230.943,4474.514,4.103,14.915
32540-202610011130,32540,PTRPVKMCH,6,2026100106,spline/zero/measured/bilinear,Б244,hit,4866.256,4866.256,16.221,16.221,4130.852,4130.852,13.770,13.770
32540-202610011130,32540,PTRPVKMCH,6,2026100106,spline/power/constant/nearest,Г101,hit,791.910,12094.420,2.640,40.315,1687.165,3870.697,5.624,12.902
32540-202610011130,32540,PTRPVKMCH,6,2026100106,spline/power/constant/nearest,Б244,miss,4866.256,4866.256,16.221,16.221,,,,
32540-202610011130,32540,PTRPVKMCH,6,2026100106,spline/power/constant/bilinear,Г101,hit,791.910,12094.420,2.640,40.315,941.892,941.892,3.140,3.140
32540-202610011130,32540,PTRPVKMCH,6,2026100106,spline/power/constant/bilinear,Б244,miss,4866.256,4866.256,16.221,16.221,,,,
32540-202610011130,32540,PTRPVKMCH,6,2026100106,spline/power/measured/nearest,Г101,hit,791.910,12094.420,2.640,40.315,1687.165,3870.744,5.624,12.902
32540-202610011130,32540,PTRPVKMCH,6,2026100106,spline/power/measured/nearest,Б244,miss,4866.256,4866.256,16.221,16.221,,,,
32540-202610011130,32540,PTRPVKMCH,6,2026100106,spline/power/measured/bilinear,Г101,hit,791.910,12094.420,2.640,40.315,941.892,941.892,3.140,3.140
32540-202610011130,32540,PTRPVKMCH,6,2026100106,spline/power/measured/bilinear,Б244,miss,4866.256,4866.256,16.221,16.221,,,,
32540-202610011130,32540,PTRPVKMCH,6,2026100106,spline/observed/constant/nearest,Г101,hit,791.910,12094.420,2.640,40.315,2666.583,4381.948,8.889,14.606
32540-202610011130,32540,PTRPVKMCH,6,2026100106,spline/observed/constant/nearest,Б244,hit,4866.256,4866.256,16.221,16.221,4061.974,4061.974,13.540,13.540
32540-202610011130,32540,PTRPVKMCH,6,2026100106,spline/observed/constant/bilinear,Г101,hit,791.910,12094.420,2.640,40.315,1389.632,4588.315,4.632,15.294
32540-202610011130,32540,PTRPVKMCH,6,2026100106,spline/observed/constant/bilinear,Б244,hit,4866.256,4866.256,16.221,16.221,4275.327,4275.327,14.251,14.251
32540-202610011130,32540,PTRPVKMCH,6,2026100106,spline/observed/measured/nearest,Г101,hit,791.910,12094.420,2.640,40.315,2666.583,4381.962,8.889,14.607
32540-202610011130,32540,PTRPVKMCH,6,2026100106,spline/observed/measured/nearest,Б244,hit,4866.256,4866.256,16.221,16.221,4061.985,4061.985,13.540,13.540
32540-202610011130,32540,PTRPVKMCH,6,2026100106,spline/observed/measured/bilinear,Г101,hit,791.910,12094.420,2.640,40.315,1389.632,4588.239,4.632,15.294
32540-202610011130,32540,PTRPVKMCH,6,2026100106,spline/observed/measured/bilinear,Б244,hit,4866.256,4866.256,16.221,16.221,4275.461,4275.461,14.252,14.252
32540-202610011130,32540,PTRPVKMCH,6,2026100106,pchip/hold/constant/nearest,Г101,hit,791.910,12094.420,2.640,40.315,1493.308,1493.308,4.978,4.978
32540-202610011130,32540,PTRPVKMCH,6,2026100106,pchip/hold/constant/nearest,Б244,miss,4866.256,4866.256,16.221,16.221,,,,
32540-202610011130,32540,PTRPVKMCH,6,2026100106,pchip/hold/constant/bilinear,Г101,hit,791.910,12094.420,2.640,40.315,772.275,772.275,2.574,2.574
32540-202610011130,32540,PTRPVKMCH,6,2026100106,pchip/hold/constant/bilinear,Б244,miss,4866.256,4866.256,16.221,16.221,,,,
32540-202610011130,32540,PTRPVKMCH,6,2026100106,pchip/hold/measured/nearest,Г101,hit,791.910,12094.420,2.640,40.315,1493.308,1493.308,4.978,4.978
32540-202610011130,32540,PTRPVKMCH,6,2026100106,pchip/hold/measured/nearest,Б244,miss,4866.256,4866.256,16.221,16.221,,,,
32540-202610011130,32540,PTRPVKMCH,6,2026100106,pchip/hold/measured/bilinear,Г101,hit,791.910,12094.420,2.640,40.315,772.275,772.275,2.574,2.574
32540-202610011130,32540,PTRPVKMCH,6,2026100106,pchip/hold/measured/bilinear,Б244,miss,4866.256,4866.256,16.221,16.221,,,,
32540-202610011130,32540,PTRPVKMCH,6,2026100106,pchip/zero/constant/nearest,Г101,hit,791.910,12094.420,2.640,40.315,2143.235,4250.943,7.144,14.170
32540-202610011130,32540,PTRPVKMCH,6,2026100106,pchip/zero/constant/nearest,Б244,hit,4866.256,4866.256,16.221,16.221,3906.349,3906.349,13.021,13.021
32540-202610011130,32540,PTRPVKMCH,6,2026100106,pchip/zero/constant/bilinear,Г101,hit,791.910,12094.420,2.640,40.315,1279.930,4476.698,4.266,14.922
32540-202610011130,32540,PTRPVKMCH,6,2026100106,pchip/zero/constant/bilinear,Б244,hit,4866.256,4866.256,16.221,16.221,4136.348,4136.348,13.788,13.788
32540-202610011130,32540,PTRPVKMCH,6,2026100106,pchip/zero/measured/nearest,Г101,hit,791.910,12094.420,2.640,40.315,2143.235,4250.739,7.144,14.169
32540-202610011130,32540,PTRPVKMCH,6,2026100106,pchip/zero/measured/nearest,Б244,hit,4866.256,4866.256,16.221,16.221,3906.300,3906.300,13.021,13.021
32540-202610011130,32540,PTRPVKMCH,6,2026100106,pchip/zero/measured/bilinear,Г101,hit,791.910,12094.420,2.640,40.315,1279.930,4476.769,4.266,14.923
32540-202610011130,32540,PTRPVKMCH,6,2026100106,pchip/zero/measured/bilinear,Б244,hit,4866.256,4866.256,16.221,16.221,4136.335,4136.335,13.788,13.788
32540-202610011130,32540,PTRPVKMCH,6,2026100106,pchip/power/constant/nearest,Г101,hit,791.910,12094.420,2.640,40.315,1683.179,3865.155,5.611,12.884
32540-202610011130,32540,PTRPVKMCH,6,2026100106,pchip/power/constant/nearest,Б244,miss,4866.256,4866.256,16.221,16.221,,,,
32540-202610011130,32540,PTRPVKMCH,6,2026100106,pchip/power/constant/bilinear,Г101,hit,791.910,12094.420,2.640,40.315,941.892,4094.991,3.140,13.650
32540-202610011130,32540,PTRPVKMCH,6,2026100106,pchip/power/constant/bilinear,Б244,miss,4866.256,4866.256,16.221,16.221,,,,
32540-202610011130,32540,PTRPVKMCH,6,2026100106,pchip/power/measured/nearest,Г101,hit,791.910,12094.420,2.640,40.315,1683.179,3865.168,5.611,12.884
32540-202610011130,32540,PTRPVKMCH,6,2026100106,pchip/power/measured/nearest,Б244,miss,4866.256,4866.256,16.221,16.221,,,,
32540-202610011130,32540,PTRPVKMCH,6,2026100106,pchip/power/measured/bilinear,Г101,hit,791.910,12094.420,2.640,40.315,941.892,4094.837,3.140,13.649
32540-202610011130,32540,PTRPVKMCH,6,2026100106,pchip/power/measured/bilinear,Б244,miss,4866.256,4866.256,16.221,16.221,,,,
32540-202610011130,32540,PTRPVKMCH,6,2026100106,pchip/observed/constant/nearest,Г101,hit,791.910,12094.420,2.640,40.315,2659.511,4357.991,8.865,14.527
32540-202610011130,32540,PTRPVKMCH,6,2026100106,pchip/observed/constant/nearest,Б244,hit,4866.256,4866.256,16.221,16.221,4032.124,4032.124,13.440,13.440
32540-202610011130,32540,PTRPVKMCH,6,2026100106,pchip/observed/constant/bilinear,Г101,hit,791.910,12094.420,2.640,40.315,1404.251,4571.207,4.681,15.237
32540-202610011130,32540,PTRPVKMCH,6,2026100106,pchip/observed/constant/bilinear,Б244,hit,4866.256,4866.256,16.221,16.221,4260.352,4260.352,14.201,14.201
32540-202610011130,32540,PTRPVKMCH,6,2026100106,pchip/observed/measured/nearest,Г101,hit,791.910,12094.420,2.640,40.315,2659.511,4357.997,8.865,14.527
32540-202610011130,32540,PTRPVKMCH,6,2026100106,pchip/observed/measured/nearest,Б244,hit,4866.256,4866.256,16.221,16.221,4032.180,4032.180,13.441,13.441
32540-202610011130,32540,PTRPVKMCH,6,2026100106,pchip/observed/measured/bilinear,Г101,hit,791.910,12094.420,2.640,40.315,1404.251,4571.310,4.681,15.238
32540-202610011130,32540,PTRPVKMCH,6,2026100106,pchip/observed/measured/bilinear,Б244,hit,4866.256,4866.256,16.221,16.221,4260.394,4260.394,14.201,14.201
32540-202610011130,32540,PTRPVKMCH,6,2026100106,poly3/hold/constant/nearest,Г101,hit,791.910,12094.420,2.640,40.315,1493.308,1493.308,4.978,4.978
32540-202610011130,32540,PTRPVKMCH,6,2026100106,poly3/hold/constant/nearest,Б244,miss,4866.256,4866.256,16.221,16.221,,,,
32540-202610011130,32540,PTRPVKMCH,6,2026100106,poly3/hold/constant/bilinear,Г101,hit,791.910,12094.420,2.640,40.315,772.275,772.275,2.574,2.574
32540-202610011130,32540,PTRPVKMCH,6,2026100106,poly3/hold/constant/bilinear,Б244,miss,4866.256,4866.256,16.221,16.221,,,,
32540-202610011130,32540,PTRPVKMCH,6,2026100106,poly3/hold/measured/nearest,Г101,hit,791.910,12094.420,2.640,40.315,1493.308,1493.308,4.978,4.978
32540-202610011130,32540,PTRPVKMCH,6,2026100106,poly3/hold/measured/nearest,Б244,miss,4866.256,4866.256,16.221,16.221,,,,
32540-202610011130,32540,PTRPVKMCH,6,2026100106,poly3/hold/measured/bilinear,Г101,hit,791.910,12094.420,2.640,40.315,772.275,772.275,2.574,2.574
32540-202610011130,32540,PTRPVKMCH,6,2026100106,poly3/hold/measured/bilinear,Б244,miss,4866.256,4866.256,16.221,16.221,,,,
32540-202610011130,32540,PTRPVKMCH,6,2026100106,poly3/zero/constant/nearest,Г101,hit,791.910,12094.420,2.640,40.315,1973.850,4166.031,6.580,13.887
32540-202610011130,32540,PTRPVKMCH,6,2026100106,poly3/zero/constant/nearest,Б244,hit,4866.256,4866.256,16.221,16.221,3823.657,3823.657,12.746,12.746
32540-202610011130,32540,PTRPVKMCH,6,2026100106,poly3/zero/constant/bilinear,Г101,hit,791.910,12094.420,2.640,40.315,1001.860,4342.240,3.340,14.474
32540-202610011130,32540,PTRPVKMCH,6,2026100106,poly3/zero/constant/bilinear,Б244,miss,4866.256,4866.256,16.221,16.221,,,,
32540-202610011130,32540,PTRPVKMCH,6,2026100106,poly3/zero/measured/nearest,Г101,hit,791.910,12094.420,2.640,40.315,1973.850,4166.110,6.580,13.887
32540-202610011130,32540,PTRPVKMCH,6,2026100106,poly3/zero/measured/nearest,Б244,hit,4866.256,4866.256,16.221,16.221,3823.702,3823.702,12.746,12.746
32540-202610011130,32540,PTRPVKMCH,6,2026100106,poly3/zero/measured/bilinear,Г101,hit,791.910,12094.420,2.640,40.315,1001.860,4342.174,3.340,14.474
32540-202610011130,32540,PTRPVKMCH,6,2026100106,poly3/zero/measured/bilinear,Б244,miss,4866.256,4866.256,16.221,16.221,,,,
32540-202610011130,32540,PTRPVKMCH,6,2026100106,poly3/power/constant/nearest,Г101,hit,791.910,12094.420,2.640,40.315,1682.526,3841.636,5.608,12.805
32540-202610011130,32540,PTRPVKMCH,6,2026100106,poly3/power/constant/nearest,Б244,miss,4866.256,4866.256,16.221,16.221,,,,
32540-202610011130,32540,PTRPVKMCH,6,2026100106,poly3/power/constant/bilinear,Г101,hit,791.910,12094.420,2.640,40.315,941.892,941.892,3.140,3.140
32540-202610011130,32540,PTRPVKMCH,6,2026100106,poly3/power/constant/bilinear,Б244,miss,4866.256,4866.256,16.221,16.221,,,,
32540-202610011130,32540,PTRPVKMCH,6,2026100106,poly3/power/measured/nearest,Г101,hit,791.910,12094.420,2.640,40.315,1682.526,3841.620,5.608,12.805
32540-202610011130,32540,PTRPVKMCH,6,2026100106,poly3/power/measured/nearest,Б244,miss,4866.256,4866.256,16.221,16.221,,,,
32540-202610011130,32540,PTRPVKMCH,6,2026100106,poly3/power/measured/bilinear,Г101,hit,791.910,12094.420,2.640,40.315,941.892,941.892,3.140,3.140
32540-202610011130,32540,PTRPVKMCH,6,2026100106,poly3/power/measured/bilinear,Б244,miss,4866.256,4866.256,16.221,16.221,,,,
32540-202610011130,32540,PTRPVKMCH,6,2026100106,poly3/observed/constant/nearest,Г101,hit,791.910,12094.420,2.640,40.315,2319.574,4270.419,7.732,14.235
32540-202610011130,32540,PTRPVKMCH,6,2026100106,poly3/observed/constant/nearest,Б244,hit,4866.256,4866.256,16.221,16.221,3937.332,3937.332,13.124,13.124
32540-202610011130,32540,PTRPVKMCH,6,2026100106,poly3/observed/constant/bilinear,Г101,hit,791.910,12094.420,2.640,40.315,1115.366,4445.939,3.718,14.820
32540-202610011130,32540,PTRPVKMCH,6,2026100106,poly3/observed/constant/bilinear,Б244,miss,4866.256,4866.256,16.221,16.221,,,,
32540-202610011130,32540,PTRPVKMCH,6,2026100106,poly3/observed/measured/nearest,Г101,hit,791.910,12094.420,2.640,40.315,2319.574,4270.715,7.732,14.236
32540-202610011130,32540,PTRPVKMCH,6,2026100106,poly3/observed/measured/nearest,Б244,hit,4866.256,4866.256,16.221,16.221,3937.339,3937.339,13.124,13.124
32540-202610011130,32540,PTRPVKMCH,6,2026100106,poly3/observed/measured/bilinear,Г101,hit,791.910,12094.420,2.640,40.315,1115.366,4445.822,3.718,14.819
32540-202610011130,32540,PTRPVKMCH,6,2026100106,poly3/observed/measured/bilinear,Б244,miss,4866.256,4866.256,16.221,16.221,,,,
